"activationTime","Points:0","Points:1","Points:2"
0.0012484,0,0,0.007
0.041035,0,0,0
0.036449,0.019999,0,0.007
0.056618,0.019999,0,0
0.011507,0,0.003,0.007
0.04309,0,0.003,0
0.037982,0.019999,0.003,0.007
0.057723,0.019999,0.003,0
0.025458,0.01,0.0015,0.0035
