/*--------------------------------*- C++ -*----------------------------------*\
| =========                 |                                                 |
| \\      /  F ield         | OpenFOAM: The Open Source CFD Toolbox           |
|  \\    /   O peration     | Version:  2312                                  |
|   \\  /    A nd           | Website:  www.openfoam.com                      |
|    \\/     M anipulation  |                                                 |
\*---------------------------------------------------------------------------*/
FoamFile
{
    version     2.0;
    format      ascii;
    arch        "LSB;label=32;scalar=64";
    class       faceList;
    location    "constant/polyMesh";
    object      faces;
}
// * * * * * * * * * * * * * * * * * * * * * * * * * * * * * * * * * * * * * //


10964
(
4(1 42 329 288)
4(41 328 329 42)
4(287 288 329 328)
4(2 43 330 289)
4(42 329 330 43)
4(288 289 330 329)
4(3 44 331 290)
4(43 330 331 44)
4(289 290 331 330)
4(4 45 332 291)
4(44 331 332 45)
4(290 291 332 331)
4(5 46 333 292)
4(45 332 333 46)
4(291 292 333 332)
4(6 47 334 293)
4(46 333 334 47)
4(292 293 334 333)
4(7 48 335 294)
4(47 334 335 48)
4(293 294 335 334)
4(8 49 336 295)
4(48 335 336 49)
4(294 295 336 335)
4(9 50 337 296)
4(49 336 337 50)
4(295 296 337 336)
4(10 51 338 297)
4(50 337 338 51)
4(296 297 338 337)
4(11 52 339 298)
4(51 338 339 52)
4(297 298 339 338)
4(12 53 340 299)
4(52 339 340 53)
4(298 299 340 339)
4(13 54 341 300)
4(53 340 341 54)
4(299 300 341 340)
4(14 55 342 301)
4(54 341 342 55)
4(300 301 342 341)
4(15 56 343 302)
4(55 342 343 56)
4(301 302 343 342)
4(16 57 344 303)
4(56 343 344 57)
4(302 303 344 343)
4(17 58 345 304)
4(57 344 345 58)
4(303 304 345 344)
4(18 59 346 305)
4(58 345 346 59)
4(304 305 346 345)
4(19 60 347 306)
4(59 346 347 60)
4(305 306 347 346)
4(20 61 348 307)
4(60 347 348 61)
4(306 307 348 347)
4(21 62 349 308)
4(61 348 349 62)
4(307 308 349 348)
4(22 63 350 309)
4(62 349 350 63)
4(308 309 350 349)
4(23 64 351 310)
4(63 350 351 64)
4(309 310 351 350)
4(24 65 352 311)
4(64 351 352 65)
4(310 311 352 351)
4(25 66 353 312)
4(65 352 353 66)
4(311 312 353 352)
4(26 67 354 313)
4(66 353 354 67)
4(312 313 354 353)
4(27 68 355 314)
4(67 354 355 68)
4(313 314 355 354)
4(28 69 356 315)
4(68 355 356 69)
4(314 315 356 355)
4(29 70 357 316)
4(69 356 357 70)
4(315 316 357 356)
4(30 71 358 317)
4(70 357 358 71)
4(316 317 358 357)
4(31 72 359 318)
4(71 358 359 72)
4(317 318 359 358)
4(32 73 360 319)
4(72 359 360 73)
4(318 319 360 359)
4(33 74 361 320)
4(73 360 361 74)
4(319 320 361 360)
4(34 75 362 321)
4(74 361 362 75)
4(320 321 362 361)
4(35 76 363 322)
4(75 362 363 76)
4(321 322 363 362)
4(36 77 364 323)
4(76 363 364 77)
4(322 323 364 363)
4(37 78 365 324)
4(77 364 365 78)
4(323 324 365 364)
4(38 79 366 325)
4(78 365 366 79)
4(324 325 366 365)
4(39 80 367 326)
4(79 366 367 80)
4(325 326 367 366)
4(80 367 368 81)
4(326 327 368 367)
4(42 83 370 329)
4(82 369 370 83)
4(328 329 370 369)
4(43 84 371 330)
4(83 370 371 84)
4(329 330 371 370)
4(44 85 372 331)
4(84 371 372 85)
4(330 331 372 371)
4(45 86 373 332)
4(85 372 373 86)
4(331 332 373 372)
4(46 87 374 333)
4(86 373 374 87)
4(332 333 374 373)
4(47 88 375 334)
4(87 374 375 88)
4(333 334 375 374)
4(48 89 376 335)
4(88 375 376 89)
4(334 335 376 375)
4(49 90 377 336)
4(89 376 377 90)
4(335 336 377 376)
4(50 91 378 337)
4(90 377 378 91)
4(336 337 378 377)
4(51 92 379 338)
4(91 378 379 92)
4(337 338 379 378)
4(52 93 380 339)
4(92 379 380 93)
4(338 339 380 379)
4(53 94 381 340)
4(93 380 381 94)
4(339 340 381 380)
4(54 95 382 341)
4(94 381 382 95)
4(340 341 382 381)
4(55 96 383 342)
4(95 382 383 96)
4(341 342 383 382)
4(56 97 384 343)
4(96 383 384 97)
4(342 343 384 383)
4(57 98 385 344)
4(97 384 385 98)
4(343 344 385 384)
4(58 99 386 345)
4(98 385 386 99)
4(344 345 386 385)
4(59 100 387 346)
4(99 386 387 100)
4(345 346 387 386)
4(60 101 388 347)
4(100 387 388 101)
4(346 347 388 387)
4(61 102 389 348)
4(101 388 389 102)
4(347 348 389 388)
4(62 103 390 349)
4(102 389 390 103)
4(348 349 390 389)
4(63 104 391 350)
4(103 390 391 104)
4(349 350 391 390)
4(64 105 392 351)
4(104 391 392 105)
4(350 351 392 391)
4(65 106 393 352)
4(105 392 393 106)
4(351 352 393 392)
4(66 107 394 353)
4(106 393 394 107)
4(352 353 394 393)
4(67 108 395 354)
4(107 394 395 108)
4(353 354 395 394)
4(68 109 396 355)
4(108 395 396 109)
4(354 355 396 395)
4(69 110 397 356)
4(109 396 397 110)
4(355 356 397 396)
4(70 111 398 357)
4(110 397 398 111)
4(356 357 398 397)
4(71 112 399 358)
4(111 398 399 112)
4(357 358 399 398)
4(72 113 400 359)
4(112 399 400 113)
4(358 359 400 399)
4(73 114 401 360)
4(113 400 401 114)
4(359 360 401 400)
4(74 115 402 361)
4(114 401 402 115)
4(360 361 402 401)
4(75 116 403 362)
4(115 402 403 116)
4(361 362 403 402)
4(76 117 404 363)
4(116 403 404 117)
4(362 363 404 403)
4(77 118 405 364)
4(117 404 405 118)
4(363 364 405 404)
4(78 119 406 365)
4(118 405 406 119)
4(364 365 406 405)
4(79 120 407 366)
4(119 406 407 120)
4(365 366 407 406)
4(80 121 408 367)
4(120 407 408 121)
4(366 367 408 407)
4(121 408 409 122)
4(367 368 409 408)
4(83 124 411 370)
4(123 410 411 124)
4(369 370 411 410)
4(84 125 412 371)
4(124 411 412 125)
4(370 371 412 411)
4(85 126 413 372)
4(125 412 413 126)
4(371 372 413 412)
4(86 127 414 373)
4(126 413 414 127)
4(372 373 414 413)
4(87 128 415 374)
4(127 414 415 128)
4(373 374 415 414)
4(88 129 416 375)
4(128 415 416 129)
4(374 375 416 415)
4(89 130 417 376)
4(129 416 417 130)
4(375 376 417 416)
4(90 131 418 377)
4(130 417 418 131)
4(376 377 418 417)
4(91 132 419 378)
4(131 418 419 132)
4(377 378 419 418)
4(92 133 420 379)
4(132 419 420 133)
4(378 379 420 419)
4(93 134 421 380)
4(133 420 421 134)
4(379 380 421 420)
4(94 135 422 381)
4(134 421 422 135)
4(380 381 422 421)
4(95 136 423 382)
4(135 422 423 136)
4(381 382 423 422)
4(96 137 424 383)
4(136 423 424 137)
4(382 383 424 423)
4(97 138 425 384)
4(137 424 425 138)
4(383 384 425 424)
4(98 139 426 385)
4(138 425 426 139)
4(384 385 426 425)
4(99 140 427 386)
4(139 426 427 140)
4(385 386 427 426)
4(100 141 428 387)
4(140 427 428 141)
4(386 387 428 427)
4(101 142 429 388)
4(141 428 429 142)
4(387 388 429 428)
4(102 143 430 389)
4(142 429 430 143)
4(388 389 430 429)
4(103 144 431 390)
4(143 430 431 144)
4(389 390 431 430)
4(104 145 432 391)
4(144 431 432 145)
4(390 391 432 431)
4(105 146 433 392)
4(145 432 433 146)
4(391 392 433 432)
4(106 147 434 393)
4(146 433 434 147)
4(392 393 434 433)
4(107 148 435 394)
4(147 434 435 148)
4(393 394 435 434)
4(108 149 436 395)
4(148 435 436 149)
4(394 395 436 435)
4(109 150 437 396)
4(149 436 437 150)
4(395 396 437 436)
4(110 151 438 397)
4(150 437 438 151)
4(396 397 438 437)
4(111 152 439 398)
4(151 438 439 152)
4(397 398 439 438)
4(112 153 440 399)
4(152 439 440 153)
4(398 399 440 439)
4(113 154 441 400)
4(153 440 441 154)
4(399 400 441 440)
4(114 155 442 401)
4(154 441 442 155)
4(400 401 442 441)
4(115 156 443 402)
4(155 442 443 156)
4(401 402 443 442)
4(116 157 444 403)
4(156 443 444 157)
4(402 403 444 443)
4(117 158 445 404)
4(157 444 445 158)
4(403 404 445 444)
4(118 159 446 405)
4(158 445 446 159)
4(404 405 446 445)
4(119 160 447 406)
4(159 446 447 160)
4(405 406 447 446)
4(120 161 448 407)
4(160 447 448 161)
4(406 407 448 447)
4(121 162 449 408)
4(161 448 449 162)
4(407 408 449 448)
4(162 449 450 163)
4(408 409 450 449)
4(124 165 452 411)
4(164 451 452 165)
4(410 411 452 451)
4(125 166 453 412)
4(165 452 453 166)
4(411 412 453 452)
4(126 167 454 413)
4(166 453 454 167)
4(412 413 454 453)
4(127 168 455 414)
4(167 454 455 168)
4(413 414 455 454)
4(128 169 456 415)
4(168 455 456 169)
4(414 415 456 455)
4(129 170 457 416)
4(169 456 457 170)
4(415 416 457 456)
4(130 171 458 417)
4(170 457 458 171)
4(416 417 458 457)
4(131 172 459 418)
4(171 458 459 172)
4(417 418 459 458)
4(132 173 460 419)
4(172 459 460 173)
4(418 419 460 459)
4(133 174 461 420)
4(173 460 461 174)
4(419 420 461 460)
4(134 175 462 421)
4(174 461 462 175)
4(420 421 462 461)
4(135 176 463 422)
4(175 462 463 176)
4(421 422 463 462)
4(136 177 464 423)
4(176 463 464 177)
4(422 423 464 463)
4(137 178 465 424)
4(177 464 465 178)
4(423 424 465 464)
4(138 179 466 425)
4(178 465 466 179)
4(424 425 466 465)
4(139 180 467 426)
4(179 466 467 180)
4(425 426 467 466)
4(140 181 468 427)
4(180 467 468 181)
4(426 427 468 467)
4(141 182 469 428)
4(181 468 469 182)
4(427 428 469 468)
4(142 183 470 429)
4(182 469 470 183)
4(428 429 470 469)
4(143 184 471 430)
4(183 470 471 184)
4(429 430 471 470)
4(144 185 472 431)
4(184 471 472 185)
4(430 431 472 471)
4(145 186 473 432)
4(185 472 473 186)
4(431 432 473 472)
4(146 187 474 433)
4(186 473 474 187)
4(432 433 474 473)
4(147 188 475 434)
4(187 474 475 188)
4(433 434 475 474)
4(148 189 476 435)
4(188 475 476 189)
4(434 435 476 475)
4(149 190 477 436)
4(189 476 477 190)
4(435 436 477 476)
4(150 191 478 437)
4(190 477 478 191)
4(436 437 478 477)
4(151 192 479 438)
4(191 478 479 192)
4(437 438 479 478)
4(152 193 480 439)
4(192 479 480 193)
4(438 439 480 479)
4(153 194 481 440)
4(193 480 481 194)
4(439 440 481 480)
4(154 195 482 441)
4(194 481 482 195)
4(440 441 482 481)
4(155 196 483 442)
4(195 482 483 196)
4(441 442 483 482)
4(156 197 484 443)
4(196 483 484 197)
4(442 443 484 483)
4(157 198 485 444)
4(197 484 485 198)
4(443 444 485 484)
4(158 199 486 445)
4(198 485 486 199)
4(444 445 486 485)
4(159 200 487 446)
4(199 486 487 200)
4(445 446 487 486)
4(160 201 488 447)
4(200 487 488 201)
4(446 447 488 487)
4(161 202 489 448)
4(201 488 489 202)
4(447 448 489 488)
4(162 203 490 449)
4(202 489 490 203)
4(448 449 490 489)
4(203 490 491 204)
4(449 450 491 490)
4(165 206 493 452)
4(205 492 493 206)
4(451 452 493 492)
4(166 207 494 453)
4(206 493 494 207)
4(452 453 494 493)
4(167 208 495 454)
4(207 494 495 208)
4(453 454 495 494)
4(168 209 496 455)
4(208 495 496 209)
4(454 455 496 495)
4(169 210 497 456)
4(209 496 497 210)
4(455 456 497 496)
4(170 211 498 457)
4(210 497 498 211)
4(456 457 498 497)
4(171 212 499 458)
4(211 498 499 212)
4(457 458 499 498)
4(172 213 500 459)
4(212 499 500 213)
4(458 459 500 499)
4(173 214 501 460)
4(213 500 501 214)
4(459 460 501 500)
4(174 215 502 461)
4(214 501 502 215)
4(460 461 502 501)
4(175 216 503 462)
4(215 502 503 216)
4(461 462 503 502)
4(176 217 504 463)
4(216 503 504 217)
4(462 463 504 503)
4(177 218 505 464)
4(217 504 505 218)
4(463 464 505 504)
4(178 219 506 465)
4(218 505 506 219)
4(464 465 506 505)
4(179 220 507 466)
4(219 506 507 220)
4(465 466 507 506)
4(180 221 508 467)
4(220 507 508 221)
4(466 467 508 507)
4(181 222 509 468)
4(221 508 509 222)
4(467 468 509 508)
4(182 223 510 469)
4(222 509 510 223)
4(468 469 510 509)
4(183 224 511 470)
4(223 510 511 224)
4(469 470 511 510)
4(184 225 512 471)
4(224 511 512 225)
4(470 471 512 511)
4(185 226 513 472)
4(225 512 513 226)
4(471 472 513 512)
4(186 227 514 473)
4(226 513 514 227)
4(472 473 514 513)
4(187 228 515 474)
4(227 514 515 228)
4(473 474 515 514)
4(188 229 516 475)
4(228 515 516 229)
4(474 475 516 515)
4(189 230 517 476)
4(229 516 517 230)
4(475 476 517 516)
4(190 231 518 477)
4(230 517 518 231)
4(476 477 518 517)
4(191 232 519 478)
4(231 518 519 232)
4(477 478 519 518)
4(192 233 520 479)
4(232 519 520 233)
4(478 479 520 519)
4(193 234 521 480)
4(233 520 521 234)
4(479 480 521 520)
4(194 235 522 481)
4(234 521 522 235)
4(480 481 522 521)
4(195 236 523 482)
4(235 522 523 236)
4(481 482 523 522)
4(196 237 524 483)
4(236 523 524 237)
4(482 483 524 523)
4(197 238 525 484)
4(237 524 525 238)
4(483 484 525 524)
4(198 239 526 485)
4(238 525 526 239)
4(484 485 526 525)
4(199 240 527 486)
4(239 526 527 240)
4(485 486 527 526)
4(200 241 528 487)
4(240 527 528 241)
4(486 487 528 527)
4(201 242 529 488)
4(241 528 529 242)
4(487 488 529 528)
4(202 243 530 489)
4(242 529 530 243)
4(488 489 530 529)
4(203 244 531 490)
4(243 530 531 244)
4(489 490 531 530)
4(244 531 532 245)
4(490 491 532 531)
4(206 247 534 493)
4(492 493 534 533)
4(207 248 535 494)
4(493 494 535 534)
4(208 249 536 495)
4(494 495 536 535)
4(209 250 537 496)
4(495 496 537 536)
4(210 251 538 497)
4(496 497 538 537)
4(211 252 539 498)
4(497 498 539 538)
4(212 253 540 499)
4(498 499 540 539)
4(213 254 541 500)
4(499 500 541 540)
4(214 255 542 501)
4(500 501 542 541)
4(215 256 543 502)
4(501 502 543 542)
4(216 257 544 503)
4(502 503 544 543)
4(217 258 545 504)
4(503 504 545 544)
4(218 259 546 505)
4(504 505 546 545)
4(219 260 547 506)
4(505 506 547 546)
4(220 261 548 507)
4(506 507 548 547)
4(221 262 549 508)
4(507 508 549 548)
4(222 263 550 509)
4(508 509 550 549)
4(223 264 551 510)
4(509 510 551 550)
4(224 265 552 511)
4(510 511 552 551)
4(225 266 553 512)
4(511 512 553 552)
4(226 267 554 513)
4(512 513 554 553)
4(227 268 555 514)
4(513 514 555 554)
4(228 269 556 515)
4(514 515 556 555)
4(229 270 557 516)
4(515 516 557 556)
4(230 271 558 517)
4(516 517 558 557)
4(231 272 559 518)
4(517 518 559 558)
4(232 273 560 519)
4(518 519 560 559)
4(233 274 561 520)
4(519 520 561 560)
4(234 275 562 521)
4(520 521 562 561)
4(235 276 563 522)
4(521 522 563 562)
4(236 277 564 523)
4(522 523 564 563)
4(237 278 565 524)
4(523 524 565 564)
4(238 279 566 525)
4(524 525 566 565)
4(239 280 567 526)
4(525 526 567 566)
4(240 281 568 527)
4(526 527 568 567)
4(241 282 569 528)
4(527 528 569 568)
4(242 283 570 529)
4(528 529 570 569)
4(243 284 571 530)
4(529 530 571 570)
4(244 285 572 531)
4(530 531 572 571)
4(531 532 573 572)
4(288 329 616 575)
4(328 615 616 329)
4(574 575 616 615)
4(289 330 617 576)
4(329 616 617 330)
4(575 576 617 616)
4(290 331 618 577)
4(330 617 618 331)
4(576 577 618 617)
4(291 332 619 578)
4(331 618 619 332)
4(577 578 619 618)
4(292 333 620 579)
4(332 619 620 333)
4(578 579 620 619)
4(293 334 621 580)
4(333 620 621 334)
4(579 580 621 620)
4(294 335 622 581)
4(334 621 622 335)
4(580 581 622 621)
4(295 336 623 582)
4(335 622 623 336)
4(581 582 623 622)
4(296 337 624 583)
4(336 623 624 337)
4(582 583 624 623)
4(297 338 625 584)
4(337 624 625 338)
4(583 584 625 624)
4(298 339 626 585)
4(338 625 626 339)
4(584 585 626 625)
4(299 340 627 586)
4(339 626 627 340)
4(585 586 627 626)
4(300 341 628 587)
4(340 627 628 341)
4(586 587 628 627)
4(301 342 629 588)
4(341 628 629 342)
4(587 588 629 628)
4(302 343 630 589)
4(342 629 630 343)
4(588 589 630 629)
4(303 344 631 590)
4(343 630 631 344)
4(589 590 631 630)
4(304 345 632 591)
4(344 631 632 345)
4(590 591 632 631)
4(305 346 633 592)
4(345 632 633 346)
4(591 592 633 632)
4(306 347 634 593)
4(346 633 634 347)
4(592 593 634 633)
4(307 348 635 594)
4(347 634 635 348)
4(593 594 635 634)
4(308 349 636 595)
4(348 635 636 349)
4(594 595 636 635)
4(309 350 637 596)
4(349 636 637 350)
4(595 596 637 636)
4(310 351 638 597)
4(350 637 638 351)
4(596 597 638 637)
4(311 352 639 598)
4(351 638 639 352)
4(597 598 639 638)
4(312 353 640 599)
4(352 639 640 353)
4(598 599 640 639)
4(313 354 641 600)
4(353 640 641 354)
4(599 600 641 640)
4(314 355 642 601)
4(354 641 642 355)
4(600 601 642 641)
4(315 356 643 602)
4(355 642 643 356)
4(601 602 643 642)
4(316 357 644 603)
4(356 643 644 357)
4(602 603 644 643)
4(317 358 645 604)
4(357 644 645 358)
4(603 604 645 644)
4(318 359 646 605)
4(358 645 646 359)
4(604 605 646 645)
4(319 360 647 606)
4(359 646 647 360)
4(605 606 647 646)
4(320 361 648 607)
4(360 647 648 361)
4(606 607 648 647)
4(321 362 649 608)
4(361 648 649 362)
4(607 608 649 648)
4(322 363 650 609)
4(362 649 650 363)
4(608 609 650 649)
4(323 364 651 610)
4(363 650 651 364)
4(609 610 651 650)
4(324 365 652 611)
4(364 651 652 365)
4(610 611 652 651)
4(325 366 653 612)
4(365 652 653 366)
4(611 612 653 652)
4(326 367 654 613)
4(366 653 654 367)
4(612 613 654 653)
4(367 654 655 368)
4(613 614 655 654)
4(329 370 657 616)
4(369 656 657 370)
4(615 616 657 656)
4(330 371 658 617)
4(370 657 658 371)
4(616 617 658 657)
4(331 372 659 618)
4(371 658 659 372)
4(617 618 659 658)
4(332 373 660 619)
4(372 659 660 373)
4(618 619 660 659)
4(333 374 661 620)
4(373 660 661 374)
4(619 620 661 660)
4(334 375 662 621)
4(374 661 662 375)
4(620 621 662 661)
4(335 376 663 622)
4(375 662 663 376)
4(621 622 663 662)
4(336 377 664 623)
4(376 663 664 377)
4(622 623 664 663)
4(337 378 665 624)
4(377 664 665 378)
4(623 624 665 664)
4(338 379 666 625)
4(378 665 666 379)
4(624 625 666 665)
4(339 380 667 626)
4(379 666 667 380)
4(625 626 667 666)
4(340 381 668 627)
4(380 667 668 381)
4(626 627 668 667)
4(341 382 669 628)
4(381 668 669 382)
4(627 628 669 668)
4(342 383 670 629)
4(382 669 670 383)
4(628 629 670 669)
4(343 384 671 630)
4(383 670 671 384)
4(629 630 671 670)
4(344 385 672 631)
4(384 671 672 385)
4(630 631 672 671)
4(345 386 673 632)
4(385 672 673 386)
4(631 632 673 672)
4(346 387 674 633)
4(386 673 674 387)
4(632 633 674 673)
4(347 388 675 634)
4(387 674 675 388)
4(633 634 675 674)
4(348 389 676 635)
4(388 675 676 389)
4(634 635 676 675)
4(349 390 677 636)
4(389 676 677 390)
4(635 636 677 676)
4(350 391 678 637)
4(390 677 678 391)
4(636 637 678 677)
4(351 392 679 638)
4(391 678 679 392)
4(637 638 679 678)
4(352 393 680 639)
4(392 679 680 393)
4(638 639 680 679)
4(353 394 681 640)
4(393 680 681 394)
4(639 640 681 680)
4(354 395 682 641)
4(394 681 682 395)
4(640 641 682 681)
4(355 396 683 642)
4(395 682 683 396)
4(641 642 683 682)
4(356 397 684 643)
4(396 683 684 397)
4(642 643 684 683)
4(357 398 685 644)
4(397 684 685 398)
4(643 644 685 684)
4(358 399 686 645)
4(398 685 686 399)
4(644 645 686 685)
4(359 400 687 646)
4(399 686 687 400)
4(645 646 687 686)
4(360 401 688 647)
4(400 687 688 401)
4(646 647 688 687)
4(361 402 689 648)
4(401 688 689 402)
4(647 648 689 688)
4(362 403 690 649)
4(402 689 690 403)
4(648 649 690 689)
4(363 404 691 650)
4(403 690 691 404)
4(649 650 691 690)
4(364 405 692 651)
4(404 691 692 405)
4(650 651 692 691)
4(365 406 693 652)
4(405 692 693 406)
4(651 652 693 692)
4(366 407 694 653)
4(406 693 694 407)
4(652 653 694 693)
4(367 408 695 654)
4(407 694 695 408)
4(653 654 695 694)
4(408 695 696 409)
4(654 655 696 695)
4(370 411 698 657)
4(410 697 698 411)
4(656 657 698 697)
4(371 412 699 658)
4(411 698 699 412)
4(657 658 699 698)
4(372 413 700 659)
4(412 699 700 413)
4(658 659 700 699)
4(373 414 701 660)
4(413 700 701 414)
4(659 660 701 700)
4(374 415 702 661)
4(414 701 702 415)
4(660 661 702 701)
4(375 416 703 662)
4(415 702 703 416)
4(661 662 703 702)
4(376 417 704 663)
4(416 703 704 417)
4(662 663 704 703)
4(377 418 705 664)
4(417 704 705 418)
4(663 664 705 704)
4(378 419 706 665)
4(418 705 706 419)
4(664 665 706 705)
4(379 420 707 666)
4(419 706 707 420)
4(665 666 707 706)
4(380 421 708 667)
4(420 707 708 421)
4(666 667 708 707)
4(381 422 709 668)
4(421 708 709 422)
4(667 668 709 708)
4(382 423 710 669)
4(422 709 710 423)
4(668 669 710 709)
4(383 424 711 670)
4(423 710 711 424)
4(669 670 711 710)
4(384 425 712 671)
4(424 711 712 425)
4(670 671 712 711)
4(385 426 713 672)
4(425 712 713 426)
4(671 672 713 712)
4(386 427 714 673)
4(426 713 714 427)
4(672 673 714 713)
4(387 428 715 674)
4(427 714 715 428)
4(673 674 715 714)
4(388 429 716 675)
4(428 715 716 429)
4(674 675 716 715)
4(389 430 717 676)
4(429 716 717 430)
4(675 676 717 716)
4(390 431 718 677)
4(430 717 718 431)
4(676 677 718 717)
4(391 432 719 678)
4(431 718 719 432)
4(677 678 719 718)
4(392 433 720 679)
4(432 719 720 433)
4(678 679 720 719)
4(393 434 721 680)
4(433 720 721 434)
4(679 680 721 720)
4(394 435 722 681)
4(434 721 722 435)
4(680 681 722 721)
4(395 436 723 682)
4(435 722 723 436)
4(681 682 723 722)
4(396 437 724 683)
4(436 723 724 437)
4(682 683 724 723)
4(397 438 725 684)
4(437 724 725 438)
4(683 684 725 724)
4(398 439 726 685)
4(438 725 726 439)
4(684 685 726 725)
4(399 440 727 686)
4(439 726 727 440)
4(685 686 727 726)
4(400 441 728 687)
4(440 727 728 441)
4(686 687 728 727)
4(401 442 729 688)
4(441 728 729 442)
4(687 688 729 728)
4(402 443 730 689)
4(442 729 730 443)
4(688 689 730 729)
4(403 444 731 690)
4(443 730 731 444)
4(689 690 731 730)
4(404 445 732 691)
4(444 731 732 445)
4(690 691 732 731)
4(405 446 733 692)
4(445 732 733 446)
4(691 692 733 732)
4(406 447 734 693)
4(446 733 734 447)
4(692 693 734 733)
4(407 448 735 694)
4(447 734 735 448)
4(693 694 735 734)
4(408 449 736 695)
4(448 735 736 449)
4(694 695 736 735)
4(449 736 737 450)
4(695 696 737 736)
4(411 452 739 698)
4(451 738 739 452)
4(697 698 739 738)
4(412 453 740 699)
4(452 739 740 453)
4(698 699 740 739)
4(413 454 741 700)
4(453 740 741 454)
4(699 700 741 740)
4(414 455 742 701)
4(454 741 742 455)
4(700 701 742 741)
4(415 456 743 702)
4(455 742 743 456)
4(701 702 743 742)
4(416 457 744 703)
4(456 743 744 457)
4(702 703 744 743)
4(417 458 745 704)
4(457 744 745 458)
4(703 704 745 744)
4(418 459 746 705)
4(458 745 746 459)
4(704 705 746 745)
4(419 460 747 706)
4(459 746 747 460)
4(705 706 747 746)
4(420 461 748 707)
4(460 747 748 461)
4(706 707 748 747)
4(421 462 749 708)
4(461 748 749 462)
4(707 708 749 748)
4(422 463 750 709)
4(462 749 750 463)
4(708 709 750 749)
4(423 464 751 710)
4(463 750 751 464)
4(709 710 751 750)
4(424 465 752 711)
4(464 751 752 465)
4(710 711 752 751)
4(425 466 753 712)
4(465 752 753 466)
4(711 712 753 752)
4(426 467 754 713)
4(466 753 754 467)
4(712 713 754 753)
4(427 468 755 714)
4(467 754 755 468)
4(713 714 755 754)
4(428 469 756 715)
4(468 755 756 469)
4(714 715 756 755)
4(429 470 757 716)
4(469 756 757 470)
4(715 716 757 756)
4(430 471 758 717)
4(470 757 758 471)
4(716 717 758 757)
4(431 472 759 718)
4(471 758 759 472)
4(717 718 759 758)
4(432 473 760 719)
4(472 759 760 473)
4(718 719 760 759)
4(433 474 761 720)
4(473 760 761 474)
4(719 720 761 760)
4(434 475 762 721)
4(474 761 762 475)
4(720 721 762 761)
4(435 476 763 722)
4(475 762 763 476)
4(721 722 763 762)
4(436 477 764 723)
4(476 763 764 477)
4(722 723 764 763)
4(437 478 765 724)
4(477 764 765 478)
4(723 724 765 764)
4(438 479 766 725)
4(478 765 766 479)
4(724 725 766 765)
4(439 480 767 726)
4(479 766 767 480)
4(725 726 767 766)
4(440 481 768 727)
4(480 767 768 481)
4(726 727 768 767)
4(441 482 769 728)
4(481 768 769 482)
4(727 728 769 768)
4(442 483 770 729)
4(482 769 770 483)
4(728 729 770 769)
4(443 484 771 730)
4(483 770 771 484)
4(729 730 771 770)
4(444 485 772 731)
4(484 771 772 485)
4(730 731 772 771)
4(445 486 773 732)
4(485 772 773 486)
4(731 732 773 772)
4(446 487 774 733)
4(486 773 774 487)
4(732 733 774 773)
4(447 488 775 734)
4(487 774 775 488)
4(733 734 775 774)
4(448 489 776 735)
4(488 775 776 489)
4(734 735 776 775)
4(449 490 777 736)
4(489 776 777 490)
4(735 736 777 776)
4(490 777 778 491)
4(736 737 778 777)
4(452 493 780 739)
4(492 779 780 493)
4(738 739 780 779)
4(453 494 781 740)
4(493 780 781 494)
4(739 740 781 780)
4(454 495 782 741)
4(494 781 782 495)
4(740 741 782 781)
4(455 496 783 742)
4(495 782 783 496)
4(741 742 783 782)
4(456 497 784 743)
4(496 783 784 497)
4(742 743 784 783)
4(457 498 785 744)
4(497 784 785 498)
4(743 744 785 784)
4(458 499 786 745)
4(498 785 786 499)
4(744 745 786 785)
4(459 500 787 746)
4(499 786 787 500)
4(745 746 787 786)
4(460 501 788 747)
4(500 787 788 501)
4(746 747 788 787)
4(461 502 789 748)
4(501 788 789 502)
4(747 748 789 788)
4(462 503 790 749)
4(502 789 790 503)
4(748 749 790 789)
4(463 504 791 750)
4(503 790 791 504)
4(749 750 791 790)
4(464 505 792 751)
4(504 791 792 505)
4(750 751 792 791)
4(465 506 793 752)
4(505 792 793 506)
4(751 752 793 792)
4(466 507 794 753)
4(506 793 794 507)
4(752 753 794 793)
4(467 508 795 754)
4(507 794 795 508)
4(753 754 795 794)
4(468 509 796 755)
4(508 795 796 509)
4(754 755 796 795)
4(469 510 797 756)
4(509 796 797 510)
4(755 756 797 796)
4(470 511 798 757)
4(510 797 798 511)
4(756 757 798 797)
4(471 512 799 758)
4(511 798 799 512)
4(757 758 799 798)
4(472 513 800 759)
4(512 799 800 513)
4(758 759 800 799)
4(473 514 801 760)
4(513 800 801 514)
4(759 760 801 800)
4(474 515 802 761)
4(514 801 802 515)
4(760 761 802 801)
4(475 516 803 762)
4(515 802 803 516)
4(761 762 803 802)
4(476 517 804 763)
4(516 803 804 517)
4(762 763 804 803)
4(477 518 805 764)
4(517 804 805 518)
4(763 764 805 804)
4(478 519 806 765)
4(518 805 806 519)
4(764 765 806 805)
4(479 520 807 766)
4(519 806 807 520)
4(765 766 807 806)
4(480 521 808 767)
4(520 807 808 521)
4(766 767 808 807)
4(481 522 809 768)
4(521 808 809 522)
4(767 768 809 808)
4(482 523 810 769)
4(522 809 810 523)
4(768 769 810 809)
4(483 524 811 770)
4(523 810 811 524)
4(769 770 811 810)
4(484 525 812 771)
4(524 811 812 525)
4(770 771 812 811)
4(485 526 813 772)
4(525 812 813 526)
4(771 772 813 812)
4(486 527 814 773)
4(526 813 814 527)
4(772 773 814 813)
4(487 528 815 774)
4(527 814 815 528)
4(773 774 815 814)
4(488 529 816 775)
4(528 815 816 529)
4(774 775 816 815)
4(489 530 817 776)
4(529 816 817 530)
4(775 776 817 816)
4(490 531 818 777)
4(530 817 818 531)
4(776 777 818 817)
4(531 818 819 532)
4(777 778 819 818)
4(493 534 821 780)
4(779 780 821 820)
4(494 535 822 781)
4(780 781 822 821)
4(495 536 823 782)
4(781 782 823 822)
4(496 537 824 783)
4(782 783 824 823)
4(497 538 825 784)
4(783 784 825 824)
4(498 539 826 785)
4(784 785 826 825)
4(499 540 827 786)
4(785 786 827 826)
4(500 541 828 787)
4(786 787 828 827)
4(501 542 829 788)
4(787 788 829 828)
4(502 543 830 789)
4(788 789 830 829)
4(503 544 831 790)
4(789 790 831 830)
4(504 545 832 791)
4(790 791 832 831)
4(505 546 833 792)
4(791 792 833 832)
4(506 547 834 793)
4(792 793 834 833)
4(507 548 835 794)
4(793 794 835 834)
4(508 549 836 795)
4(794 795 836 835)
4(509 550 837 796)
4(795 796 837 836)
4(510 551 838 797)
4(796 797 838 837)
4(511 552 839 798)
4(797 798 839 838)
4(512 553 840 799)
4(798 799 840 839)
4(513 554 841 800)
4(799 800 841 840)
4(514 555 842 801)
4(800 801 842 841)
4(515 556 843 802)
4(801 802 843 842)
4(516 557 844 803)
4(802 803 844 843)
4(517 558 845 804)
4(803 804 845 844)
4(518 559 846 805)
4(804 805 846 845)
4(519 560 847 806)
4(805 806 847 846)
4(520 561 848 807)
4(806 807 848 847)
4(521 562 849 808)
4(807 808 849 848)
4(522 563 850 809)
4(808 809 850 849)
4(523 564 851 810)
4(809 810 851 850)
4(524 565 852 811)
4(810 811 852 851)
4(525 566 853 812)
4(811 812 853 852)
4(526 567 854 813)
4(812 813 854 853)
4(527 568 855 814)
4(813 814 855 854)
4(528 569 856 815)
4(814 815 856 855)
4(529 570 857 816)
4(815 816 857 856)
4(530 571 858 817)
4(816 817 858 857)
4(531 572 859 818)
4(817 818 859 858)
4(818 819 860 859)
4(575 616 903 862)
4(615 902 903 616)
4(861 862 903 902)
4(576 617 904 863)
4(616 903 904 617)
4(862 863 904 903)
4(577 618 905 864)
4(617 904 905 618)
4(863 864 905 904)
4(578 619 906 865)
4(618 905 906 619)
4(864 865 906 905)
4(579 620 907 866)
4(619 906 907 620)
4(865 866 907 906)
4(580 621 908 867)
4(620 907 908 621)
4(866 867 908 907)
4(581 622 909 868)
4(621 908 909 622)
4(867 868 909 908)
4(582 623 910 869)
4(622 909 910 623)
4(868 869 910 909)
4(583 624 911 870)
4(623 910 911 624)
4(869 870 911 910)
4(584 625 912 871)
4(624 911 912 625)
4(870 871 912 911)
4(585 626 913 872)
4(625 912 913 626)
4(871 872 913 912)
4(586 627 914 873)
4(626 913 914 627)
4(872 873 914 913)
4(587 628 915 874)
4(627 914 915 628)
4(873 874 915 914)
4(588 629 916 875)
4(628 915 916 629)
4(874 875 916 915)
4(589 630 917 876)
4(629 916 917 630)
4(875 876 917 916)
4(590 631 918 877)
4(630 917 918 631)
4(876 877 918 917)
4(591 632 919 878)
4(631 918 919 632)
4(877 878 919 918)
4(592 633 920 879)
4(632 919 920 633)
4(878 879 920 919)
4(593 634 921 880)
4(633 920 921 634)
4(879 880 921 920)
4(594 635 922 881)
4(634 921 922 635)
4(880 881 922 921)
4(595 636 923 882)
4(635 922 923 636)
4(881 882 923 922)
4(596 637 924 883)
4(636 923 924 637)
4(882 883 924 923)
4(597 638 925 884)
4(637 924 925 638)
4(883 884 925 924)
4(598 639 926 885)
4(638 925 926 639)
4(884 885 926 925)
4(599 640 927 886)
4(639 926 927 640)
4(885 886 927 926)
4(600 641 928 887)
4(640 927 928 641)
4(886 887 928 927)
4(601 642 929 888)
4(641 928 929 642)
4(887 888 929 928)
4(602 643 930 889)
4(642 929 930 643)
4(888 889 930 929)
4(603 644 931 890)
4(643 930 931 644)
4(889 890 931 930)
4(604 645 932 891)
4(644 931 932 645)
4(890 891 932 931)
4(605 646 933 892)
4(645 932 933 646)
4(891 892 933 932)
4(606 647 934 893)
4(646 933 934 647)
4(892 893 934 933)
4(607 648 935 894)
4(647 934 935 648)
4(893 894 935 934)
4(608 649 936 895)
4(648 935 936 649)
4(894 895 936 935)
4(609 650 937 896)
4(649 936 937 650)
4(895 896 937 936)
4(610 651 938 897)
4(650 937 938 651)
4(896 897 938 937)
4(611 652 939 898)
4(651 938 939 652)
4(897 898 939 938)
4(612 653 940 899)
4(652 939 940 653)
4(898 899 940 939)
4(613 654 941 900)
4(653 940 941 654)
4(899 900 941 940)
4(654 941 942 655)
4(900 901 942 941)
4(616 657 944 903)
4(656 943 944 657)
4(902 903 944 943)
4(617 658 945 904)
4(657 944 945 658)
4(903 904 945 944)
4(618 659 946 905)
4(658 945 946 659)
4(904 905 946 945)
4(619 660 947 906)
4(659 946 947 660)
4(905 906 947 946)
4(620 661 948 907)
4(660 947 948 661)
4(906 907 948 947)
4(621 662 949 908)
4(661 948 949 662)
4(907 908 949 948)
4(622 663 950 909)
4(662 949 950 663)
4(908 909 950 949)
4(623 664 951 910)
4(663 950 951 664)
4(909 910 951 950)
4(624 665 952 911)
4(664 951 952 665)
4(910 911 952 951)
4(625 666 953 912)
4(665 952 953 666)
4(911 912 953 952)
4(626 667 954 913)
4(666 953 954 667)
4(912 913 954 953)
4(627 668 955 914)
4(667 954 955 668)
4(913 914 955 954)
4(628 669 956 915)
4(668 955 956 669)
4(914 915 956 955)
4(629 670 957 916)
4(669 956 957 670)
4(915 916 957 956)
4(630 671 958 917)
4(670 957 958 671)
4(916 917 958 957)
4(631 672 959 918)
4(671 958 959 672)
4(917 918 959 958)
4(632 673 960 919)
4(672 959 960 673)
4(918 919 960 959)
4(633 674 961 920)
4(673 960 961 674)
4(919 920 961 960)
4(634 675 962 921)
4(674 961 962 675)
4(920 921 962 961)
4(635 676 963 922)
4(675 962 963 676)
4(921 922 963 962)
4(636 677 964 923)
4(676 963 964 677)
4(922 923 964 963)
4(637 678 965 924)
4(677 964 965 678)
4(923 924 965 964)
4(638 679 966 925)
4(678 965 966 679)
4(924 925 966 965)
4(639 680 967 926)
4(679 966 967 680)
4(925 926 967 966)
4(640 681 968 927)
4(680 967 968 681)
4(926 927 968 967)
4(641 682 969 928)
4(681 968 969 682)
4(927 928 969 968)
4(642 683 970 929)
4(682 969 970 683)
4(928 929 970 969)
4(643 684 971 930)
4(683 970 971 684)
4(929 930 971 970)
4(644 685 972 931)
4(684 971 972 685)
4(930 931 972 971)
4(645 686 973 932)
4(685 972 973 686)
4(931 932 973 972)
4(646 687 974 933)
4(686 973 974 687)
4(932 933 974 973)
4(647 688 975 934)
4(687 974 975 688)
4(933 934 975 974)
4(648 689 976 935)
4(688 975 976 689)
4(934 935 976 975)
4(649 690 977 936)
4(689 976 977 690)
4(935 936 977 976)
4(650 691 978 937)
4(690 977 978 691)
4(936 937 978 977)
4(651 692 979 938)
4(691 978 979 692)
4(937 938 979 978)
4(652 693 980 939)
4(692 979 980 693)
4(938 939 980 979)
4(653 694 981 940)
4(693 980 981 694)
4(939 940 981 980)
4(654 695 982 941)
4(694 981 982 695)
4(940 941 982 981)
4(695 982 983 696)
4(941 942 983 982)
4(657 698 985 944)
4(697 984 985 698)
4(943 944 985 984)
4(658 699 986 945)
4(698 985 986 699)
4(944 945 986 985)
4(659 700 987 946)
4(699 986 987 700)
4(945 946 987 986)
4(660 701 988 947)
4(700 987 988 701)
4(946 947 988 987)
4(661 702 989 948)
4(701 988 989 702)
4(947 948 989 988)
4(662 703 990 949)
4(702 989 990 703)
4(948 949 990 989)
4(663 704 991 950)
4(703 990 991 704)
4(949 950 991 990)
4(664 705 992 951)
4(704 991 992 705)
4(950 951 992 991)
4(665 706 993 952)
4(705 992 993 706)
4(951 952 993 992)
4(666 707 994 953)
4(706 993 994 707)
4(952 953 994 993)
4(667 708 995 954)
4(707 994 995 708)
4(953 954 995 994)
4(668 709 996 955)
4(708 995 996 709)
4(954 955 996 995)
4(669 710 997 956)
4(709 996 997 710)
4(955 956 997 996)
4(670 711 998 957)
4(710 997 998 711)
4(956 957 998 997)
4(671 712 999 958)
4(711 998 999 712)
4(957 958 999 998)
4(672 713 1000 959)
4(712 999 1000 713)
4(958 959 1000 999)
4(673 714 1001 960)
4(713 1000 1001 714)
4(959 960 1001 1000)
4(674 715 1002 961)
4(714 1001 1002 715)
4(960 961 1002 1001)
4(675 716 1003 962)
4(715 1002 1003 716)
4(961 962 1003 1002)
4(676 717 1004 963)
4(716 1003 1004 717)
4(962 963 1004 1003)
4(677 718 1005 964)
4(717 1004 1005 718)
4(963 964 1005 1004)
4(678 719 1006 965)
4(718 1005 1006 719)
4(964 965 1006 1005)
4(679 720 1007 966)
4(719 1006 1007 720)
4(965 966 1007 1006)
4(680 721 1008 967)
4(720 1007 1008 721)
4(966 967 1008 1007)
4(681 722 1009 968)
4(721 1008 1009 722)
4(967 968 1009 1008)
4(682 723 1010 969)
4(722 1009 1010 723)
4(968 969 1010 1009)
4(683 724 1011 970)
4(723 1010 1011 724)
4(969 970 1011 1010)
4(684 725 1012 971)
4(724 1011 1012 725)
4(970 971 1012 1011)
4(685 726 1013 972)
4(725 1012 1013 726)
4(971 972 1013 1012)
4(686 727 1014 973)
4(726 1013 1014 727)
4(972 973 1014 1013)
4(687 728 1015 974)
4(727 1014 1015 728)
4(973 974 1015 1014)
4(688 729 1016 975)
4(728 1015 1016 729)
4(974 975 1016 1015)
4(689 730 1017 976)
4(729 1016 1017 730)
4(975 976 1017 1016)
4(690 731 1018 977)
4(730 1017 1018 731)
4(976 977 1018 1017)
4(691 732 1019 978)
4(731 1018 1019 732)
4(977 978 1019 1018)
4(692 733 1020 979)
4(732 1019 1020 733)
4(978 979 1020 1019)
4(693 734 1021 980)
4(733 1020 1021 734)
4(979 980 1021 1020)
4(694 735 1022 981)
4(734 1021 1022 735)
4(980 981 1022 1021)
4(695 736 1023 982)
4(735 1022 1023 736)
4(981 982 1023 1022)
4(736 1023 1024 737)
4(982 983 1024 1023)
4(698 739 1026 985)
4(738 1025 1026 739)
4(984 985 1026 1025)
4(699 740 1027 986)
4(739 1026 1027 740)
4(985 986 1027 1026)
4(700 741 1028 987)
4(740 1027 1028 741)
4(986 987 1028 1027)
4(701 742 1029 988)
4(741 1028 1029 742)
4(987 988 1029 1028)
4(702 743 1030 989)
4(742 1029 1030 743)
4(988 989 1030 1029)
4(703 744 1031 990)
4(743 1030 1031 744)
4(989 990 1031 1030)
4(704 745 1032 991)
4(744 1031 1032 745)
4(990 991 1032 1031)
4(705 746 1033 992)
4(745 1032 1033 746)
4(991 992 1033 1032)
4(706 747 1034 993)
4(746 1033 1034 747)
4(992 993 1034 1033)
4(707 748 1035 994)
4(747 1034 1035 748)
4(993 994 1035 1034)
4(708 749 1036 995)
4(748 1035 1036 749)
4(994 995 1036 1035)
4(709 750 1037 996)
4(749 1036 1037 750)
4(995 996 1037 1036)
4(710 751 1038 997)
4(750 1037 1038 751)
4(996 997 1038 1037)
4(711 752 1039 998)
4(751 1038 1039 752)
4(997 998 1039 1038)
4(712 753 1040 999)
4(752 1039 1040 753)
4(998 999 1040 1039)
4(713 754 1041 1000)
4(753 1040 1041 754)
4(999 1000 1041 1040)
4(714 755 1042 1001)
4(754 1041 1042 755)
4(1000 1001 1042 1041)
4(715 756 1043 1002)
4(755 1042 1043 756)
4(1001 1002 1043 1042)
4(716 757 1044 1003)
4(756 1043 1044 757)
4(1002 1003 1044 1043)
4(717 758 1045 1004)
4(757 1044 1045 758)
4(1003 1004 1045 1044)
4(718 759 1046 1005)
4(758 1045 1046 759)
4(1004 1005 1046 1045)
4(719 760 1047 1006)
4(759 1046 1047 760)
4(1005 1006 1047 1046)
4(720 761 1048 1007)
4(760 1047 1048 761)
4(1006 1007 1048 1047)
4(721 762 1049 1008)
4(761 1048 1049 762)
4(1007 1008 1049 1048)
4(722 763 1050 1009)
4(762 1049 1050 763)
4(1008 1009 1050 1049)
4(723 764 1051 1010)
4(763 1050 1051 764)
4(1009 1010 1051 1050)
4(724 765 1052 1011)
4(764 1051 1052 765)
4(1010 1011 1052 1051)
4(725 766 1053 1012)
4(765 1052 1053 766)
4(1011 1012 1053 1052)
4(726 767 1054 1013)
4(766 1053 1054 767)
4(1012 1013 1054 1053)
4(727 768 1055 1014)
4(767 1054 1055 768)
4(1013 1014 1055 1054)
4(728 769 1056 1015)
4(768 1055 1056 769)
4(1014 1015 1056 1055)
4(729 770 1057 1016)
4(769 1056 1057 770)
4(1015 1016 1057 1056)
4(730 771 1058 1017)
4(770 1057 1058 771)
4(1016 1017 1058 1057)
4(731 772 1059 1018)
4(771 1058 1059 772)
4(1017 1018 1059 1058)
4(732 773 1060 1019)
4(772 1059 1060 773)
4(1018 1019 1060 1059)
4(733 774 1061 1020)
4(773 1060 1061 774)
4(1019 1020 1061 1060)
4(734 775 1062 1021)
4(774 1061 1062 775)
4(1020 1021 1062 1061)
4(735 776 1063 1022)
4(775 1062 1063 776)
4(1021 1022 1063 1062)
4(736 777 1064 1023)
4(776 1063 1064 777)
4(1022 1023 1064 1063)
4(777 1064 1065 778)
4(1023 1024 1065 1064)
4(739 780 1067 1026)
4(779 1066 1067 780)
4(1025 1026 1067 1066)
4(740 781 1068 1027)
4(780 1067 1068 781)
4(1026 1027 1068 1067)
4(741 782 1069 1028)
4(781 1068 1069 782)
4(1027 1028 1069 1068)
4(742 783 1070 1029)
4(782 1069 1070 783)
4(1028 1029 1070 1069)
4(743 784 1071 1030)
4(783 1070 1071 784)
4(1029 1030 1071 1070)
4(744 785 1072 1031)
4(784 1071 1072 785)
4(1030 1031 1072 1071)
4(745 786 1073 1032)
4(785 1072 1073 786)
4(1031 1032 1073 1072)
4(746 787 1074 1033)
4(786 1073 1074 787)
4(1032 1033 1074 1073)
4(747 788 1075 1034)
4(787 1074 1075 788)
4(1033 1034 1075 1074)
4(748 789 1076 1035)
4(788 1075 1076 789)
4(1034 1035 1076 1075)
4(749 790 1077 1036)
4(789 1076 1077 790)
4(1035 1036 1077 1076)
4(750 791 1078 1037)
4(790 1077 1078 791)
4(1036 1037 1078 1077)
4(751 792 1079 1038)
4(791 1078 1079 792)
4(1037 1038 1079 1078)
4(752 793 1080 1039)
4(792 1079 1080 793)
4(1038 1039 1080 1079)
4(753 794 1081 1040)
4(793 1080 1081 794)
4(1039 1040 1081 1080)
4(754 795 1082 1041)
4(794 1081 1082 795)
4(1040 1041 1082 1081)
4(755 796 1083 1042)
4(795 1082 1083 796)
4(1041 1042 1083 1082)
4(756 797 1084 1043)
4(796 1083 1084 797)
4(1042 1043 1084 1083)
4(757 798 1085 1044)
4(797 1084 1085 798)
4(1043 1044 1085 1084)
4(758 799 1086 1045)
4(798 1085 1086 799)
4(1044 1045 1086 1085)
4(759 800 1087 1046)
4(799 1086 1087 800)
4(1045 1046 1087 1086)
4(760 801 1088 1047)
4(800 1087 1088 801)
4(1046 1047 1088 1087)
4(761 802 1089 1048)
4(801 1088 1089 802)
4(1047 1048 1089 1088)
4(762 803 1090 1049)
4(802 1089 1090 803)
4(1048 1049 1090 1089)
4(763 804 1091 1050)
4(803 1090 1091 804)
4(1049 1050 1091 1090)
4(764 805 1092 1051)
4(804 1091 1092 805)
4(1050 1051 1092 1091)
4(765 806 1093 1052)
4(805 1092 1093 806)
4(1051 1052 1093 1092)
4(766 807 1094 1053)
4(806 1093 1094 807)
4(1052 1053 1094 1093)
4(767 808 1095 1054)
4(807 1094 1095 808)
4(1053 1054 1095 1094)
4(768 809 1096 1055)
4(808 1095 1096 809)
4(1054 1055 1096 1095)
4(769 810 1097 1056)
4(809 1096 1097 810)
4(1055 1056 1097 1096)
4(770 811 1098 1057)
4(810 1097 1098 811)
4(1056 1057 1098 1097)
4(771 812 1099 1058)
4(811 1098 1099 812)
4(1057 1058 1099 1098)
4(772 813 1100 1059)
4(812 1099 1100 813)
4(1058 1059 1100 1099)
4(773 814 1101 1060)
4(813 1100 1101 814)
4(1059 1060 1101 1100)
4(774 815 1102 1061)
4(814 1101 1102 815)
4(1060 1061 1102 1101)
4(775 816 1103 1062)
4(815 1102 1103 816)
4(1061 1062 1103 1102)
4(776 817 1104 1063)
4(816 1103 1104 817)
4(1062 1063 1104 1103)
4(777 818 1105 1064)
4(817 1104 1105 818)
4(1063 1064 1105 1104)
4(818 1105 1106 819)
4(1064 1065 1106 1105)
4(780 821 1108 1067)
4(1066 1067 1108 1107)
4(781 822 1109 1068)
4(1067 1068 1109 1108)
4(782 823 1110 1069)
4(1068 1069 1110 1109)
4(783 824 1111 1070)
4(1069 1070 1111 1110)
4(784 825 1112 1071)
4(1070 1071 1112 1111)
4(785 826 1113 1072)
4(1071 1072 1113 1112)
4(786 827 1114 1073)
4(1072 1073 1114 1113)
4(787 828 1115 1074)
4(1073 1074 1115 1114)
4(788 829 1116 1075)
4(1074 1075 1116 1115)
4(789 830 1117 1076)
4(1075 1076 1117 1116)
4(790 831 1118 1077)
4(1076 1077 1118 1117)
4(791 832 1119 1078)
4(1077 1078 1119 1118)
4(792 833 1120 1079)
4(1078 1079 1120 1119)
4(793 834 1121 1080)
4(1079 1080 1121 1120)
4(794 835 1122 1081)
4(1080 1081 1122 1121)
4(795 836 1123 1082)
4(1081 1082 1123 1122)
4(796 837 1124 1083)
4(1082 1083 1124 1123)
4(797 838 1125 1084)
4(1083 1084 1125 1124)
4(798 839 1126 1085)
4(1084 1085 1126 1125)
4(799 840 1127 1086)
4(1085 1086 1127 1126)
4(800 841 1128 1087)
4(1086 1087 1128 1127)
4(801 842 1129 1088)
4(1087 1088 1129 1128)
4(802 843 1130 1089)
4(1088 1089 1130 1129)
4(803 844 1131 1090)
4(1089 1090 1131 1130)
4(804 845 1132 1091)
4(1090 1091 1132 1131)
4(805 846 1133 1092)
4(1091 1092 1133 1132)
4(806 847 1134 1093)
4(1092 1093 1134 1133)
4(807 848 1135 1094)
4(1093 1094 1135 1134)
4(808 849 1136 1095)
4(1094 1095 1136 1135)
4(809 850 1137 1096)
4(1095 1096 1137 1136)
4(810 851 1138 1097)
4(1096 1097 1138 1137)
4(811 852 1139 1098)
4(1097 1098 1139 1138)
4(812 853 1140 1099)
4(1098 1099 1140 1139)
4(813 854 1141 1100)
4(1099 1100 1141 1140)
4(814 855 1142 1101)
4(1100 1101 1142 1141)
4(815 856 1143 1102)
4(1101 1102 1143 1142)
4(816 857 1144 1103)
4(1102 1103 1144 1143)
4(817 858 1145 1104)
4(1103 1104 1145 1144)
4(818 859 1146 1105)
4(1104 1105 1146 1145)
4(1105 1106 1147 1146)
4(862 903 1190 1149)
4(902 1189 1190 903)
4(1148 1149 1190 1189)
4(863 904 1191 1150)
4(903 1190 1191 904)
4(1149 1150 1191 1190)
4(864 905 1192 1151)
4(904 1191 1192 905)
4(1150 1151 1192 1191)
4(865 906 1193 1152)
4(905 1192 1193 906)
4(1151 1152 1193 1192)
4(866 907 1194 1153)
4(906 1193 1194 907)
4(1152 1153 1194 1193)
4(867 908 1195 1154)
4(907 1194 1195 908)
4(1153 1154 1195 1194)
4(868 909 1196 1155)
4(908 1195 1196 909)
4(1154 1155 1196 1195)
4(869 910 1197 1156)
4(909 1196 1197 910)
4(1155 1156 1197 1196)
4(870 911 1198 1157)
4(910 1197 1198 911)
4(1156 1157 1198 1197)
4(871 912 1199 1158)
4(911 1198 1199 912)
4(1157 1158 1199 1198)
4(872 913 1200 1159)
4(912 1199 1200 913)
4(1158 1159 1200 1199)
4(873 914 1201 1160)
4(913 1200 1201 914)
4(1159 1160 1201 1200)
4(874 915 1202 1161)
4(914 1201 1202 915)
4(1160 1161 1202 1201)
4(875 916 1203 1162)
4(915 1202 1203 916)
4(1161 1162 1203 1202)
4(876 917 1204 1163)
4(916 1203 1204 917)
4(1162 1163 1204 1203)
4(877 918 1205 1164)
4(917 1204 1205 918)
4(1163 1164 1205 1204)
4(878 919 1206 1165)
4(918 1205 1206 919)
4(1164 1165 1206 1205)
4(879 920 1207 1166)
4(919 1206 1207 920)
4(1165 1166 1207 1206)
4(880 921 1208 1167)
4(920 1207 1208 921)
4(1166 1167 1208 1207)
4(881 922 1209 1168)
4(921 1208 1209 922)
4(1167 1168 1209 1208)
4(882 923 1210 1169)
4(922 1209 1210 923)
4(1168 1169 1210 1209)
4(883 924 1211 1170)
4(923 1210 1211 924)
4(1169 1170 1211 1210)
4(884 925 1212 1171)
4(924 1211 1212 925)
4(1170 1171 1212 1211)
4(885 926 1213 1172)
4(925 1212 1213 926)
4(1171 1172 1213 1212)
4(886 927 1214 1173)
4(926 1213 1214 927)
4(1172 1173 1214 1213)
4(887 928 1215 1174)
4(927 1214 1215 928)
4(1173 1174 1215 1214)
4(888 929 1216 1175)
4(928 1215 1216 929)
4(1174 1175 1216 1215)
4(889 930 1217 1176)
4(929 1216 1217 930)
4(1175 1176 1217 1216)
4(890 931 1218 1177)
4(930 1217 1218 931)
4(1176 1177 1218 1217)
4(891 932 1219 1178)
4(931 1218 1219 932)
4(1177 1178 1219 1218)
4(892 933 1220 1179)
4(932 1219 1220 933)
4(1178 1179 1220 1219)
4(893 934 1221 1180)
4(933 1220 1221 934)
4(1179 1180 1221 1220)
4(894 935 1222 1181)
4(934 1221 1222 935)
4(1180 1181 1222 1221)
4(895 936 1223 1182)
4(935 1222 1223 936)
4(1181 1182 1223 1222)
4(896 937 1224 1183)
4(936 1223 1224 937)
4(1182 1183 1224 1223)
4(897 938 1225 1184)
4(937 1224 1225 938)
4(1183 1184 1225 1224)
4(898 939 1226 1185)
4(938 1225 1226 939)
4(1184 1185 1226 1225)
4(899 940 1227 1186)
4(939 1226 1227 940)
4(1185 1186 1227 1226)
4(900 941 1228 1187)
4(940 1227 1228 941)
4(1186 1187 1228 1227)
4(941 1228 1229 942)
4(1187 1188 1229 1228)
4(903 944 1231 1190)
4(943 1230 1231 944)
4(1189 1190 1231 1230)
4(904 945 1232 1191)
4(944 1231 1232 945)
4(1190 1191 1232 1231)
4(905 946 1233 1192)
4(945 1232 1233 946)
4(1191 1192 1233 1232)
4(906 947 1234 1193)
4(946 1233 1234 947)
4(1192 1193 1234 1233)
4(907 948 1235 1194)
4(947 1234 1235 948)
4(1193 1194 1235 1234)
4(908 949 1236 1195)
4(948 1235 1236 949)
4(1194 1195 1236 1235)
4(909 950 1237 1196)
4(949 1236 1237 950)
4(1195 1196 1237 1236)
4(910 951 1238 1197)
4(950 1237 1238 951)
4(1196 1197 1238 1237)
4(911 952 1239 1198)
4(951 1238 1239 952)
4(1197 1198 1239 1238)
4(912 953 1240 1199)
4(952 1239 1240 953)
4(1198 1199 1240 1239)
4(913 954 1241 1200)
4(953 1240 1241 954)
4(1199 1200 1241 1240)
4(914 955 1242 1201)
4(954 1241 1242 955)
4(1200 1201 1242 1241)
4(915 956 1243 1202)
4(955 1242 1243 956)
4(1201 1202 1243 1242)
4(916 957 1244 1203)
4(956 1243 1244 957)
4(1202 1203 1244 1243)
4(917 958 1245 1204)
4(957 1244 1245 958)
4(1203 1204 1245 1244)
4(918 959 1246 1205)
4(958 1245 1246 959)
4(1204 1205 1246 1245)
4(919 960 1247 1206)
4(959 1246 1247 960)
4(1205 1206 1247 1246)
4(920 961 1248 1207)
4(960 1247 1248 961)
4(1206 1207 1248 1247)
4(921 962 1249 1208)
4(961 1248 1249 962)
4(1207 1208 1249 1248)
4(922 963 1250 1209)
4(962 1249 1250 963)
4(1208 1209 1250 1249)
4(923 964 1251 1210)
4(963 1250 1251 964)
4(1209 1210 1251 1250)
4(924 965 1252 1211)
4(964 1251 1252 965)
4(1210 1211 1252 1251)
4(925 966 1253 1212)
4(965 1252 1253 966)
4(1211 1212 1253 1252)
4(926 967 1254 1213)
4(966 1253 1254 967)
4(1212 1213 1254 1253)
4(927 968 1255 1214)
4(967 1254 1255 968)
4(1213 1214 1255 1254)
4(928 969 1256 1215)
4(968 1255 1256 969)
4(1214 1215 1256 1255)
4(929 970 1257 1216)
4(969 1256 1257 970)
4(1215 1216 1257 1256)
4(930 971 1258 1217)
4(970 1257 1258 971)
4(1216 1217 1258 1257)
4(931 972 1259 1218)
4(971 1258 1259 972)
4(1217 1218 1259 1258)
4(932 973 1260 1219)
4(972 1259 1260 973)
4(1218 1219 1260 1259)
4(933 974 1261 1220)
4(973 1260 1261 974)
4(1219 1220 1261 1260)
4(934 975 1262 1221)
4(974 1261 1262 975)
4(1220 1221 1262 1261)
4(935 976 1263 1222)
4(975 1262 1263 976)
4(1221 1222 1263 1262)
4(936 977 1264 1223)
4(976 1263 1264 977)
4(1222 1223 1264 1263)
4(937 978 1265 1224)
4(977 1264 1265 978)
4(1223 1224 1265 1264)
4(938 979 1266 1225)
4(978 1265 1266 979)
4(1224 1225 1266 1265)
4(939 980 1267 1226)
4(979 1266 1267 980)
4(1225 1226 1267 1266)
4(940 981 1268 1227)
4(980 1267 1268 981)
4(1226 1227 1268 1267)
4(941 982 1269 1228)
4(981 1268 1269 982)
4(1227 1228 1269 1268)
4(982 1269 1270 983)
4(1228 1229 1270 1269)
4(944 985 1272 1231)
4(984 1271 1272 985)
4(1230 1231 1272 1271)
4(945 986 1273 1232)
4(985 1272 1273 986)
4(1231 1232 1273 1272)
4(946 987 1274 1233)
4(986 1273 1274 987)
4(1232 1233 1274 1273)
4(947 988 1275 1234)
4(987 1274 1275 988)
4(1233 1234 1275 1274)
4(948 989 1276 1235)
4(988 1275 1276 989)
4(1234 1235 1276 1275)
4(949 990 1277 1236)
4(989 1276 1277 990)
4(1235 1236 1277 1276)
4(950 991 1278 1237)
4(990 1277 1278 991)
4(1236 1237 1278 1277)
4(951 992 1279 1238)
4(991 1278 1279 992)
4(1237 1238 1279 1278)
4(952 993 1280 1239)
4(992 1279 1280 993)
4(1238 1239 1280 1279)
4(953 994 1281 1240)
4(993 1280 1281 994)
4(1239 1240 1281 1280)
4(954 995 1282 1241)
4(994 1281 1282 995)
4(1240 1241 1282 1281)
4(955 996 1283 1242)
4(995 1282 1283 996)
4(1241 1242 1283 1282)
4(956 997 1284 1243)
4(996 1283 1284 997)
4(1242 1243 1284 1283)
4(957 998 1285 1244)
4(997 1284 1285 998)
4(1243 1244 1285 1284)
4(958 999 1286 1245)
4(998 1285 1286 999)
4(1244 1245 1286 1285)
4(959 1000 1287 1246)
4(999 1286 1287 1000)
4(1245 1246 1287 1286)
4(960 1001 1288 1247)
4(1000 1287 1288 1001)
4(1246 1247 1288 1287)
4(961 1002 1289 1248)
4(1001 1288 1289 1002)
4(1247 1248 1289 1288)
4(962 1003 1290 1249)
4(1002 1289 1290 1003)
4(1248 1249 1290 1289)
4(963 1004 1291 1250)
4(1003 1290 1291 1004)
4(1249 1250 1291 1290)
4(964 1005 1292 1251)
4(1004 1291 1292 1005)
4(1250 1251 1292 1291)
4(965 1006 1293 1252)
4(1005 1292 1293 1006)
4(1251 1252 1293 1292)
4(966 1007 1294 1253)
4(1006 1293 1294 1007)
4(1252 1253 1294 1293)
4(967 1008 1295 1254)
4(1007 1294 1295 1008)
4(1253 1254 1295 1294)
4(968 1009 1296 1255)
4(1008 1295 1296 1009)
4(1254 1255 1296 1295)
4(969 1010 1297 1256)
4(1009 1296 1297 1010)
4(1255 1256 1297 1296)
4(970 1011 1298 1257)
4(1010 1297 1298 1011)
4(1256 1257 1298 1297)
4(971 1012 1299 1258)
4(1011 1298 1299 1012)
4(1257 1258 1299 1298)
4(972 1013 1300 1259)
4(1012 1299 1300 1013)
4(1258 1259 1300 1299)
4(973 1014 1301 1260)
4(1013 1300 1301 1014)
4(1259 1260 1301 1300)
4(974 1015 1302 1261)
4(1014 1301 1302 1015)
4(1260 1261 1302 1301)
4(975 1016 1303 1262)
4(1015 1302 1303 1016)
4(1261 1262 1303 1302)
4(976 1017 1304 1263)
4(1016 1303 1304 1017)
4(1262 1263 1304 1303)
4(977 1018 1305 1264)
4(1017 1304 1305 1018)
4(1263 1264 1305 1304)
4(978 1019 1306 1265)
4(1018 1305 1306 1019)
4(1264 1265 1306 1305)
4(979 1020 1307 1266)
4(1019 1306 1307 1020)
4(1265 1266 1307 1306)
4(980 1021 1308 1267)
4(1020 1307 1308 1021)
4(1266 1267 1308 1307)
4(981 1022 1309 1268)
4(1021 1308 1309 1022)
4(1267 1268 1309 1308)
4(982 1023 1310 1269)
4(1022 1309 1310 1023)
4(1268 1269 1310 1309)
4(1023 1310 1311 1024)
4(1269 1270 1311 1310)
4(985 1026 1313 1272)
4(1025 1312 1313 1026)
4(1271 1272 1313 1312)
4(986 1027 1314 1273)
4(1026 1313 1314 1027)
4(1272 1273 1314 1313)
4(987 1028 1315 1274)
4(1027 1314 1315 1028)
4(1273 1274 1315 1314)
4(988 1029 1316 1275)
4(1028 1315 1316 1029)
4(1274 1275 1316 1315)
4(989 1030 1317 1276)
4(1029 1316 1317 1030)
4(1275 1276 1317 1316)
4(990 1031 1318 1277)
4(1030 1317 1318 1031)
4(1276 1277 1318 1317)
4(991 1032 1319 1278)
4(1031 1318 1319 1032)
4(1277 1278 1319 1318)
4(992 1033 1320 1279)
4(1032 1319 1320 1033)
4(1278 1279 1320 1319)
4(993 1034 1321 1280)
4(1033 1320 1321 1034)
4(1279 1280 1321 1320)
4(994 1035 1322 1281)
4(1034 1321 1322 1035)
4(1280 1281 1322 1321)
4(995 1036 1323 1282)
4(1035 1322 1323 1036)
4(1281 1282 1323 1322)
4(996 1037 1324 1283)
4(1036 1323 1324 1037)
4(1282 1283 1324 1323)
4(997 1038 1325 1284)
4(1037 1324 1325 1038)
4(1283 1284 1325 1324)
4(998 1039 1326 1285)
4(1038 1325 1326 1039)
4(1284 1285 1326 1325)
4(999 1040 1327 1286)
4(1039 1326 1327 1040)
4(1285 1286 1327 1326)
4(1000 1041 1328 1287)
4(1040 1327 1328 1041)
4(1286 1287 1328 1327)
4(1001 1042 1329 1288)
4(1041 1328 1329 1042)
4(1287 1288 1329 1328)
4(1002 1043 1330 1289)
4(1042 1329 1330 1043)
4(1288 1289 1330 1329)
4(1003 1044 1331 1290)
4(1043 1330 1331 1044)
4(1289 1290 1331 1330)
4(1004 1045 1332 1291)
4(1044 1331 1332 1045)
4(1290 1291 1332 1331)
4(1005 1046 1333 1292)
4(1045 1332 1333 1046)
4(1291 1292 1333 1332)
4(1006 1047 1334 1293)
4(1046 1333 1334 1047)
4(1292 1293 1334 1333)
4(1007 1048 1335 1294)
4(1047 1334 1335 1048)
4(1293 1294 1335 1334)
4(1008 1049 1336 1295)
4(1048 1335 1336 1049)
4(1294 1295 1336 1335)
4(1009 1050 1337 1296)
4(1049 1336 1337 1050)
4(1295 1296 1337 1336)
4(1010 1051 1338 1297)
4(1050 1337 1338 1051)
4(1296 1297 1338 1337)
4(1011 1052 1339 1298)
4(1051 1338 1339 1052)
4(1297 1298 1339 1338)
4(1012 1053 1340 1299)
4(1052 1339 1340 1053)
4(1298 1299 1340 1339)
4(1013 1054 1341 1300)
4(1053 1340 1341 1054)
4(1299 1300 1341 1340)
4(1014 1055 1342 1301)
4(1054 1341 1342 1055)
4(1300 1301 1342 1341)
4(1015 1056 1343 1302)
4(1055 1342 1343 1056)
4(1301 1302 1343 1342)
4(1016 1057 1344 1303)
4(1056 1343 1344 1057)
4(1302 1303 1344 1343)
4(1017 1058 1345 1304)
4(1057 1344 1345 1058)
4(1303 1304 1345 1344)
4(1018 1059 1346 1305)
4(1058 1345 1346 1059)
4(1304 1305 1346 1345)
4(1019 1060 1347 1306)
4(1059 1346 1347 1060)
4(1305 1306 1347 1346)
4(1020 1061 1348 1307)
4(1060 1347 1348 1061)
4(1306 1307 1348 1347)
4(1021 1062 1349 1308)
4(1061 1348 1349 1062)
4(1307 1308 1349 1348)
4(1022 1063 1350 1309)
4(1062 1349 1350 1063)
4(1308 1309 1350 1349)
4(1023 1064 1351 1310)
4(1063 1350 1351 1064)
4(1309 1310 1351 1350)
4(1064 1351 1352 1065)
4(1310 1311 1352 1351)
4(1026 1067 1354 1313)
4(1066 1353 1354 1067)
4(1312 1313 1354 1353)
4(1027 1068 1355 1314)
4(1067 1354 1355 1068)
4(1313 1314 1355 1354)
4(1028 1069 1356 1315)
4(1068 1355 1356 1069)
4(1314 1315 1356 1355)
4(1029 1070 1357 1316)
4(1069 1356 1357 1070)
4(1315 1316 1357 1356)
4(1030 1071 1358 1317)
4(1070 1357 1358 1071)
4(1316 1317 1358 1357)
4(1031 1072 1359 1318)
4(1071 1358 1359 1072)
4(1317 1318 1359 1358)
4(1032 1073 1360 1319)
4(1072 1359 1360 1073)
4(1318 1319 1360 1359)
4(1033 1074 1361 1320)
4(1073 1360 1361 1074)
4(1319 1320 1361 1360)
4(1034 1075 1362 1321)
4(1074 1361 1362 1075)
4(1320 1321 1362 1361)
4(1035 1076 1363 1322)
4(1075 1362 1363 1076)
4(1321 1322 1363 1362)
4(1036 1077 1364 1323)
4(1076 1363 1364 1077)
4(1322 1323 1364 1363)
4(1037 1078 1365 1324)
4(1077 1364 1365 1078)
4(1323 1324 1365 1364)
4(1038 1079 1366 1325)
4(1078 1365 1366 1079)
4(1324 1325 1366 1365)
4(1039 1080 1367 1326)
4(1079 1366 1367 1080)
4(1325 1326 1367 1366)
4(1040 1081 1368 1327)
4(1080 1367 1368 1081)
4(1326 1327 1368 1367)
4(1041 1082 1369 1328)
4(1081 1368 1369 1082)
4(1327 1328 1369 1368)
4(1042 1083 1370 1329)
4(1082 1369 1370 1083)
4(1328 1329 1370 1369)
4(1043 1084 1371 1330)
4(1083 1370 1371 1084)
4(1329 1330 1371 1370)
4(1044 1085 1372 1331)
4(1084 1371 1372 1085)
4(1330 1331 1372 1371)
4(1045 1086 1373 1332)
4(1085 1372 1373 1086)
4(1331 1332 1373 1372)
4(1046 1087 1374 1333)
4(1086 1373 1374 1087)
4(1332 1333 1374 1373)
4(1047 1088 1375 1334)
4(1087 1374 1375 1088)
4(1333 1334 1375 1374)
4(1048 1089 1376 1335)
4(1088 1375 1376 1089)
4(1334 1335 1376 1375)
4(1049 1090 1377 1336)
4(1089 1376 1377 1090)
4(1335 1336 1377 1376)
4(1050 1091 1378 1337)
4(1090 1377 1378 1091)
4(1336 1337 1378 1377)
4(1051 1092 1379 1338)
4(1091 1378 1379 1092)
4(1337 1338 1379 1378)
4(1052 1093 1380 1339)
4(1092 1379 1380 1093)
4(1338 1339 1380 1379)
4(1053 1094 1381 1340)
4(1093 1380 1381 1094)
4(1339 1340 1381 1380)
4(1054 1095 1382 1341)
4(1094 1381 1382 1095)
4(1340 1341 1382 1381)
4(1055 1096 1383 1342)
4(1095 1382 1383 1096)
4(1341 1342 1383 1382)
4(1056 1097 1384 1343)
4(1096 1383 1384 1097)
4(1342 1343 1384 1383)
4(1057 1098 1385 1344)
4(1097 1384 1385 1098)
4(1343 1344 1385 1384)
4(1058 1099 1386 1345)
4(1098 1385 1386 1099)
4(1344 1345 1386 1385)
4(1059 1100 1387 1346)
4(1099 1386 1387 1100)
4(1345 1346 1387 1386)
4(1060 1101 1388 1347)
4(1100 1387 1388 1101)
4(1346 1347 1388 1387)
4(1061 1102 1389 1348)
4(1101 1388 1389 1102)
4(1347 1348 1389 1388)
4(1062 1103 1390 1349)
4(1102 1389 1390 1103)
4(1348 1349 1390 1389)
4(1063 1104 1391 1350)
4(1103 1390 1391 1104)
4(1349 1350 1391 1390)
4(1064 1105 1392 1351)
4(1104 1391 1392 1105)
4(1350 1351 1392 1391)
4(1105 1392 1393 1106)
4(1351 1352 1393 1392)
4(1067 1108 1395 1354)
4(1353 1354 1395 1394)
4(1068 1109 1396 1355)
4(1354 1355 1396 1395)
4(1069 1110 1397 1356)
4(1355 1356 1397 1396)
4(1070 1111 1398 1357)
4(1356 1357 1398 1397)
4(1071 1112 1399 1358)
4(1357 1358 1399 1398)
4(1072 1113 1400 1359)
4(1358 1359 1400 1399)
4(1073 1114 1401 1360)
4(1359 1360 1401 1400)
4(1074 1115 1402 1361)
4(1360 1361 1402 1401)
4(1075 1116 1403 1362)
4(1361 1362 1403 1402)
4(1076 1117 1404 1363)
4(1362 1363 1404 1403)
4(1077 1118 1405 1364)
4(1363 1364 1405 1404)
4(1078 1119 1406 1365)
4(1364 1365 1406 1405)
4(1079 1120 1407 1366)
4(1365 1366 1407 1406)
4(1080 1121 1408 1367)
4(1366 1367 1408 1407)
4(1081 1122 1409 1368)
4(1367 1368 1409 1408)
4(1082 1123 1410 1369)
4(1368 1369 1410 1409)
4(1083 1124 1411 1370)
4(1369 1370 1411 1410)
4(1084 1125 1412 1371)
4(1370 1371 1412 1411)
4(1085 1126 1413 1372)
4(1371 1372 1413 1412)
4(1086 1127 1414 1373)
4(1372 1373 1414 1413)
4(1087 1128 1415 1374)
4(1373 1374 1415 1414)
4(1088 1129 1416 1375)
4(1374 1375 1416 1415)
4(1089 1130 1417 1376)
4(1375 1376 1417 1416)
4(1090 1131 1418 1377)
4(1376 1377 1418 1417)
4(1091 1132 1419 1378)
4(1377 1378 1419 1418)
4(1092 1133 1420 1379)
4(1378 1379 1420 1419)
4(1093 1134 1421 1380)
4(1379 1380 1421 1420)
4(1094 1135 1422 1381)
4(1380 1381 1422 1421)
4(1095 1136 1423 1382)
4(1381 1382 1423 1422)
4(1096 1137 1424 1383)
4(1382 1383 1424 1423)
4(1097 1138 1425 1384)
4(1383 1384 1425 1424)
4(1098 1139 1426 1385)
4(1384 1385 1426 1425)
4(1099 1140 1427 1386)
4(1385 1386 1427 1426)
4(1100 1141 1428 1387)
4(1386 1387 1428 1427)
4(1101 1142 1429 1388)
4(1387 1388 1429 1428)
4(1102 1143 1430 1389)
4(1388 1389 1430 1429)
4(1103 1144 1431 1390)
4(1389 1390 1431 1430)
4(1104 1145 1432 1391)
4(1390 1391 1432 1431)
4(1105 1146 1433 1392)
4(1391 1392 1433 1432)
4(1392 1393 1434 1433)
4(1149 1190 1477 1436)
4(1189 1476 1477 1190)
4(1435 1436 1477 1476)
4(1150 1191 1478 1437)
4(1190 1477 1478 1191)
4(1436 1437 1478 1477)
4(1151 1192 1479 1438)
4(1191 1478 1479 1192)
4(1437 1438 1479 1478)
4(1152 1193 1480 1439)
4(1192 1479 1480 1193)
4(1438 1439 1480 1479)
4(1153 1194 1481 1440)
4(1193 1480 1481 1194)
4(1439 1440 1481 1480)
4(1154 1195 1482 1441)
4(1194 1481 1482 1195)
4(1440 1441 1482 1481)
4(1155 1196 1483 1442)
4(1195 1482 1483 1196)
4(1441 1442 1483 1482)
4(1156 1197 1484 1443)
4(1196 1483 1484 1197)
4(1442 1443 1484 1483)
4(1157 1198 1485 1444)
4(1197 1484 1485 1198)
4(1443 1444 1485 1484)
4(1158 1199 1486 1445)
4(1198 1485 1486 1199)
4(1444 1445 1486 1485)
4(1159 1200 1487 1446)
4(1199 1486 1487 1200)
4(1445 1446 1487 1486)
4(1160 1201 1488 1447)
4(1200 1487 1488 1201)
4(1446 1447 1488 1487)
4(1161 1202 1489 1448)
4(1201 1488 1489 1202)
4(1447 1448 1489 1488)
4(1162 1203 1490 1449)
4(1202 1489 1490 1203)
4(1448 1449 1490 1489)
4(1163 1204 1491 1450)
4(1203 1490 1491 1204)
4(1449 1450 1491 1490)
4(1164 1205 1492 1451)
4(1204 1491 1492 1205)
4(1450 1451 1492 1491)
4(1165 1206 1493 1452)
4(1205 1492 1493 1206)
4(1451 1452 1493 1492)
4(1166 1207 1494 1453)
4(1206 1493 1494 1207)
4(1452 1453 1494 1493)
4(1167 1208 1495 1454)
4(1207 1494 1495 1208)
4(1453 1454 1495 1494)
4(1168 1209 1496 1455)
4(1208 1495 1496 1209)
4(1454 1455 1496 1495)
4(1169 1210 1497 1456)
4(1209 1496 1497 1210)
4(1455 1456 1497 1496)
4(1170 1211 1498 1457)
4(1210 1497 1498 1211)
4(1456 1457 1498 1497)
4(1171 1212 1499 1458)
4(1211 1498 1499 1212)
4(1457 1458 1499 1498)
4(1172 1213 1500 1459)
4(1212 1499 1500 1213)
4(1458 1459 1500 1499)
4(1173 1214 1501 1460)
4(1213 1500 1501 1214)
4(1459 1460 1501 1500)
4(1174 1215 1502 1461)
4(1214 1501 1502 1215)
4(1460 1461 1502 1501)
4(1175 1216 1503 1462)
4(1215 1502 1503 1216)
4(1461 1462 1503 1502)
4(1176 1217 1504 1463)
4(1216 1503 1504 1217)
4(1462 1463 1504 1503)
4(1177 1218 1505 1464)
4(1217 1504 1505 1218)
4(1463 1464 1505 1504)
4(1178 1219 1506 1465)
4(1218 1505 1506 1219)
4(1464 1465 1506 1505)
4(1179 1220 1507 1466)
4(1219 1506 1507 1220)
4(1465 1466 1507 1506)
4(1180 1221 1508 1467)
4(1220 1507 1508 1221)
4(1466 1467 1508 1507)
4(1181 1222 1509 1468)
4(1221 1508 1509 1222)
4(1467 1468 1509 1508)
4(1182 1223 1510 1469)
4(1222 1509 1510 1223)
4(1468 1469 1510 1509)
4(1183 1224 1511 1470)
4(1223 1510 1511 1224)
4(1469 1470 1511 1510)
4(1184 1225 1512 1471)
4(1224 1511 1512 1225)
4(1470 1471 1512 1511)
4(1185 1226 1513 1472)
4(1225 1512 1513 1226)
4(1471 1472 1513 1512)
4(1186 1227 1514 1473)
4(1226 1513 1514 1227)
4(1472 1473 1514 1513)
4(1187 1228 1515 1474)
4(1227 1514 1515 1228)
4(1473 1474 1515 1514)
4(1228 1515 1516 1229)
4(1474 1475 1516 1515)
4(1190 1231 1518 1477)
4(1230 1517 1518 1231)
4(1476 1477 1518 1517)
4(1191 1232 1519 1478)
4(1231 1518 1519 1232)
4(1477 1478 1519 1518)
4(1192 1233 1520 1479)
4(1232 1519 1520 1233)
4(1478 1479 1520 1519)
4(1193 1234 1521 1480)
4(1233 1520 1521 1234)
4(1479 1480 1521 1520)
4(1194 1235 1522 1481)
4(1234 1521 1522 1235)
4(1480 1481 1522 1521)
4(1195 1236 1523 1482)
4(1235 1522 1523 1236)
4(1481 1482 1523 1522)
4(1196 1237 1524 1483)
4(1236 1523 1524 1237)
4(1482 1483 1524 1523)
4(1197 1238 1525 1484)
4(1237 1524 1525 1238)
4(1483 1484 1525 1524)
4(1198 1239 1526 1485)
4(1238 1525 1526 1239)
4(1484 1485 1526 1525)
4(1199 1240 1527 1486)
4(1239 1526 1527 1240)
4(1485 1486 1527 1526)
4(1200 1241 1528 1487)
4(1240 1527 1528 1241)
4(1486 1487 1528 1527)
4(1201 1242 1529 1488)
4(1241 1528 1529 1242)
4(1487 1488 1529 1528)
4(1202 1243 1530 1489)
4(1242 1529 1530 1243)
4(1488 1489 1530 1529)
4(1203 1244 1531 1490)
4(1243 1530 1531 1244)
4(1489 1490 1531 1530)
4(1204 1245 1532 1491)
4(1244 1531 1532 1245)
4(1490 1491 1532 1531)
4(1205 1246 1533 1492)
4(1245 1532 1533 1246)
4(1491 1492 1533 1532)
4(1206 1247 1534 1493)
4(1246 1533 1534 1247)
4(1492 1493 1534 1533)
4(1207 1248 1535 1494)
4(1247 1534 1535 1248)
4(1493 1494 1535 1534)
4(1208 1249 1536 1495)
4(1248 1535 1536 1249)
4(1494 1495 1536 1535)
4(1209 1250 1537 1496)
4(1249 1536 1537 1250)
4(1495 1496 1537 1536)
4(1210 1251 1538 1497)
4(1250 1537 1538 1251)
4(1496 1497 1538 1537)
4(1211 1252 1539 1498)
4(1251 1538 1539 1252)
4(1497 1498 1539 1538)
4(1212 1253 1540 1499)
4(1252 1539 1540 1253)
4(1498 1499 1540 1539)
4(1213 1254 1541 1500)
4(1253 1540 1541 1254)
4(1499 1500 1541 1540)
4(1214 1255 1542 1501)
4(1254 1541 1542 1255)
4(1500 1501 1542 1541)
4(1215 1256 1543 1502)
4(1255 1542 1543 1256)
4(1501 1502 1543 1542)
4(1216 1257 1544 1503)
4(1256 1543 1544 1257)
4(1502 1503 1544 1543)
4(1217 1258 1545 1504)
4(1257 1544 1545 1258)
4(1503 1504 1545 1544)
4(1218 1259 1546 1505)
4(1258 1545 1546 1259)
4(1504 1505 1546 1545)
4(1219 1260 1547 1506)
4(1259 1546 1547 1260)
4(1505 1506 1547 1546)
4(1220 1261 1548 1507)
4(1260 1547 1548 1261)
4(1506 1507 1548 1547)
4(1221 1262 1549 1508)
4(1261 1548 1549 1262)
4(1507 1508 1549 1548)
4(1222 1263 1550 1509)
4(1262 1549 1550 1263)
4(1508 1509 1550 1549)
4(1223 1264 1551 1510)
4(1263 1550 1551 1264)
4(1509 1510 1551 1550)
4(1224 1265 1552 1511)
4(1264 1551 1552 1265)
4(1510 1511 1552 1551)
4(1225 1266 1553 1512)
4(1265 1552 1553 1266)
4(1511 1512 1553 1552)
4(1226 1267 1554 1513)
4(1266 1553 1554 1267)
4(1512 1513 1554 1553)
4(1227 1268 1555 1514)
4(1267 1554 1555 1268)
4(1513 1514 1555 1554)
4(1228 1269 1556 1515)
4(1268 1555 1556 1269)
4(1514 1515 1556 1555)
4(1269 1556 1557 1270)
4(1515 1516 1557 1556)
4(1231 1272 1559 1518)
4(1271 1558 1559 1272)
4(1517 1518 1559 1558)
4(1232 1273 1560 1519)
4(1272 1559 1560 1273)
4(1518 1519 1560 1559)
4(1233 1274 1561 1520)
4(1273 1560 1561 1274)
4(1519 1520 1561 1560)
4(1234 1275 1562 1521)
4(1274 1561 1562 1275)
4(1520 1521 1562 1561)
4(1235 1276 1563 1522)
4(1275 1562 1563 1276)
4(1521 1522 1563 1562)
4(1236 1277 1564 1523)
4(1276 1563 1564 1277)
4(1522 1523 1564 1563)
4(1237 1278 1565 1524)
4(1277 1564 1565 1278)
4(1523 1524 1565 1564)
4(1238 1279 1566 1525)
4(1278 1565 1566 1279)
4(1524 1525 1566 1565)
4(1239 1280 1567 1526)
4(1279 1566 1567 1280)
4(1525 1526 1567 1566)
4(1240 1281 1568 1527)
4(1280 1567 1568 1281)
4(1526 1527 1568 1567)
4(1241 1282 1569 1528)
4(1281 1568 1569 1282)
4(1527 1528 1569 1568)
4(1242 1283 1570 1529)
4(1282 1569 1570 1283)
4(1528 1529 1570 1569)
4(1243 1284 1571 1530)
4(1283 1570 1571 1284)
4(1529 1530 1571 1570)
4(1244 1285 1572 1531)
4(1284 1571 1572 1285)
4(1530 1531 1572 1571)
4(1245 1286 1573 1532)
4(1285 1572 1573 1286)
4(1531 1532 1573 1572)
4(1246 1287 1574 1533)
4(1286 1573 1574 1287)
4(1532 1533 1574 1573)
4(1247 1288 1575 1534)
4(1287 1574 1575 1288)
4(1533 1534 1575 1574)
4(1248 1289 1576 1535)
4(1288 1575 1576 1289)
4(1534 1535 1576 1575)
4(1249 1290 1577 1536)
4(1289 1576 1577 1290)
4(1535 1536 1577 1576)
4(1250 1291 1578 1537)
4(1290 1577 1578 1291)
4(1536 1537 1578 1577)
4(1251 1292 1579 1538)
4(1291 1578 1579 1292)
4(1537 1538 1579 1578)
4(1252 1293 1580 1539)
4(1292 1579 1580 1293)
4(1538 1539 1580 1579)
4(1253 1294 1581 1540)
4(1293 1580 1581 1294)
4(1539 1540 1581 1580)
4(1254 1295 1582 1541)
4(1294 1581 1582 1295)
4(1540 1541 1582 1581)
4(1255 1296 1583 1542)
4(1295 1582 1583 1296)
4(1541 1542 1583 1582)
4(1256 1297 1584 1543)
4(1296 1583 1584 1297)
4(1542 1543 1584 1583)
4(1257 1298 1585 1544)
4(1297 1584 1585 1298)
4(1543 1544 1585 1584)
4(1258 1299 1586 1545)
4(1298 1585 1586 1299)
4(1544 1545 1586 1585)
4(1259 1300 1587 1546)
4(1299 1586 1587 1300)
4(1545 1546 1587 1586)
4(1260 1301 1588 1547)
4(1300 1587 1588 1301)
4(1546 1547 1588 1587)
4(1261 1302 1589 1548)
4(1301 1588 1589 1302)
4(1547 1548 1589 1588)
4(1262 1303 1590 1549)
4(1302 1589 1590 1303)
4(1548 1549 1590 1589)
4(1263 1304 1591 1550)
4(1303 1590 1591 1304)
4(1549 1550 1591 1590)
4(1264 1305 1592 1551)
4(1304 1591 1592 1305)
4(1550 1551 1592 1591)
4(1265 1306 1593 1552)
4(1305 1592 1593 1306)
4(1551 1552 1593 1592)
4(1266 1307 1594 1553)
4(1306 1593 1594 1307)
4(1552 1553 1594 1593)
4(1267 1308 1595 1554)
4(1307 1594 1595 1308)
4(1553 1554 1595 1594)
4(1268 1309 1596 1555)
4(1308 1595 1596 1309)
4(1554 1555 1596 1595)
4(1269 1310 1597 1556)
4(1309 1596 1597 1310)
4(1555 1556 1597 1596)
4(1310 1597 1598 1311)
4(1556 1557 1598 1597)
4(1272 1313 1600 1559)
4(1312 1599 1600 1313)
4(1558 1559 1600 1599)
4(1273 1314 1601 1560)
4(1313 1600 1601 1314)
4(1559 1560 1601 1600)
4(1274 1315 1602 1561)
4(1314 1601 1602 1315)
4(1560 1561 1602 1601)
4(1275 1316 1603 1562)
4(1315 1602 1603 1316)
4(1561 1562 1603 1602)
4(1276 1317 1604 1563)
4(1316 1603 1604 1317)
4(1562 1563 1604 1603)
4(1277 1318 1605 1564)
4(1317 1604 1605 1318)
4(1563 1564 1605 1604)
4(1278 1319 1606 1565)
4(1318 1605 1606 1319)
4(1564 1565 1606 1605)
4(1279 1320 1607 1566)
4(1319 1606 1607 1320)
4(1565 1566 1607 1606)
4(1280 1321 1608 1567)
4(1320 1607 1608 1321)
4(1566 1567 1608 1607)
4(1281 1322 1609 1568)
4(1321 1608 1609 1322)
4(1567 1568 1609 1608)
4(1282 1323 1610 1569)
4(1322 1609 1610 1323)
4(1568 1569 1610 1609)
4(1283 1324 1611 1570)
4(1323 1610 1611 1324)
4(1569 1570 1611 1610)
4(1284 1325 1612 1571)
4(1324 1611 1612 1325)
4(1570 1571 1612 1611)
4(1285 1326 1613 1572)
4(1325 1612 1613 1326)
4(1571 1572 1613 1612)
4(1286 1327 1614 1573)
4(1326 1613 1614 1327)
4(1572 1573 1614 1613)
4(1287 1328 1615 1574)
4(1327 1614 1615 1328)
4(1573 1574 1615 1614)
4(1288 1329 1616 1575)
4(1328 1615 1616 1329)
4(1574 1575 1616 1615)
4(1289 1330 1617 1576)
4(1329 1616 1617 1330)
4(1575 1576 1617 1616)
4(1290 1331 1618 1577)
4(1330 1617 1618 1331)
4(1576 1577 1618 1617)
4(1291 1332 1619 1578)
4(1331 1618 1619 1332)
4(1577 1578 1619 1618)
4(1292 1333 1620 1579)
4(1332 1619 1620 1333)
4(1578 1579 1620 1619)
4(1293 1334 1621 1580)
4(1333 1620 1621 1334)
4(1579 1580 1621 1620)
4(1294 1335 1622 1581)
4(1334 1621 1622 1335)
4(1580 1581 1622 1621)
4(1295 1336 1623 1582)
4(1335 1622 1623 1336)
4(1581 1582 1623 1622)
4(1296 1337 1624 1583)
4(1336 1623 1624 1337)
4(1582 1583 1624 1623)
4(1297 1338 1625 1584)
4(1337 1624 1625 1338)
4(1583 1584 1625 1624)
4(1298 1339 1626 1585)
4(1338 1625 1626 1339)
4(1584 1585 1626 1625)
4(1299 1340 1627 1586)
4(1339 1626 1627 1340)
4(1585 1586 1627 1626)
4(1300 1341 1628 1587)
4(1340 1627 1628 1341)
4(1586 1587 1628 1627)
4(1301 1342 1629 1588)
4(1341 1628 1629 1342)
4(1587 1588 1629 1628)
4(1302 1343 1630 1589)
4(1342 1629 1630 1343)
4(1588 1589 1630 1629)
4(1303 1344 1631 1590)
4(1343 1630 1631 1344)
4(1589 1590 1631 1630)
4(1304 1345 1632 1591)
4(1344 1631 1632 1345)
4(1590 1591 1632 1631)
4(1305 1346 1633 1592)
4(1345 1632 1633 1346)
4(1591 1592 1633 1632)
4(1306 1347 1634 1593)
4(1346 1633 1634 1347)
4(1592 1593 1634 1633)
4(1307 1348 1635 1594)
4(1347 1634 1635 1348)
4(1593 1594 1635 1634)
4(1308 1349 1636 1595)
4(1348 1635 1636 1349)
4(1594 1595 1636 1635)
4(1309 1350 1637 1596)
4(1349 1636 1637 1350)
4(1595 1596 1637 1636)
4(1310 1351 1638 1597)
4(1350 1637 1638 1351)
4(1596 1597 1638 1637)
4(1351 1638 1639 1352)
4(1597 1598 1639 1638)
4(1313 1354 1641 1600)
4(1353 1640 1641 1354)
4(1599 1600 1641 1640)
4(1314 1355 1642 1601)
4(1354 1641 1642 1355)
4(1600 1601 1642 1641)
4(1315 1356 1643 1602)
4(1355 1642 1643 1356)
4(1601 1602 1643 1642)
4(1316 1357 1644 1603)
4(1356 1643 1644 1357)
4(1602 1603 1644 1643)
4(1317 1358 1645 1604)
4(1357 1644 1645 1358)
4(1603 1604 1645 1644)
4(1318 1359 1646 1605)
4(1358 1645 1646 1359)
4(1604 1605 1646 1645)
4(1319 1360 1647 1606)
4(1359 1646 1647 1360)
4(1605 1606 1647 1646)
4(1320 1361 1648 1607)
4(1360 1647 1648 1361)
4(1606 1607 1648 1647)
4(1321 1362 1649 1608)
4(1361 1648 1649 1362)
4(1607 1608 1649 1648)
4(1322 1363 1650 1609)
4(1362 1649 1650 1363)
4(1608 1609 1650 1649)
4(1323 1364 1651 1610)
4(1363 1650 1651 1364)
4(1609 1610 1651 1650)
4(1324 1365 1652 1611)
4(1364 1651 1652 1365)
4(1610 1611 1652 1651)
4(1325 1366 1653 1612)
4(1365 1652 1653 1366)
4(1611 1612 1653 1652)
4(1326 1367 1654 1613)
4(1366 1653 1654 1367)
4(1612 1613 1654 1653)
4(1327 1368 1655 1614)
4(1367 1654 1655 1368)
4(1613 1614 1655 1654)
4(1328 1369 1656 1615)
4(1368 1655 1656 1369)
4(1614 1615 1656 1655)
4(1329 1370 1657 1616)
4(1369 1656 1657 1370)
4(1615 1616 1657 1656)
4(1330 1371 1658 1617)
4(1370 1657 1658 1371)
4(1616 1617 1658 1657)
4(1331 1372 1659 1618)
4(1371 1658 1659 1372)
4(1617 1618 1659 1658)
4(1332 1373 1660 1619)
4(1372 1659 1660 1373)
4(1618 1619 1660 1659)
4(1333 1374 1661 1620)
4(1373 1660 1661 1374)
4(1619 1620 1661 1660)
4(1334 1375 1662 1621)
4(1374 1661 1662 1375)
4(1620 1621 1662 1661)
4(1335 1376 1663 1622)
4(1375 1662 1663 1376)
4(1621 1622 1663 1662)
4(1336 1377 1664 1623)
4(1376 1663 1664 1377)
4(1622 1623 1664 1663)
4(1337 1378 1665 1624)
4(1377 1664 1665 1378)
4(1623 1624 1665 1664)
4(1338 1379 1666 1625)
4(1378 1665 1666 1379)
4(1624 1625 1666 1665)
4(1339 1380 1667 1626)
4(1379 1666 1667 1380)
4(1625 1626 1667 1666)
4(1340 1381 1668 1627)
4(1380 1667 1668 1381)
4(1626 1627 1668 1667)
4(1341 1382 1669 1628)
4(1381 1668 1669 1382)
4(1627 1628 1669 1668)
4(1342 1383 1670 1629)
4(1382 1669 1670 1383)
4(1628 1629 1670 1669)
4(1343 1384 1671 1630)
4(1383 1670 1671 1384)
4(1629 1630 1671 1670)
4(1344 1385 1672 1631)
4(1384 1671 1672 1385)
4(1630 1631 1672 1671)
4(1345 1386 1673 1632)
4(1385 1672 1673 1386)
4(1631 1632 1673 1672)
4(1346 1387 1674 1633)
4(1386 1673 1674 1387)
4(1632 1633 1674 1673)
4(1347 1388 1675 1634)
4(1387 1674 1675 1388)
4(1633 1634 1675 1674)
4(1348 1389 1676 1635)
4(1388 1675 1676 1389)
4(1634 1635 1676 1675)
4(1349 1390 1677 1636)
4(1389 1676 1677 1390)
4(1635 1636 1677 1676)
4(1350 1391 1678 1637)
4(1390 1677 1678 1391)
4(1636 1637 1678 1677)
4(1351 1392 1679 1638)
4(1391 1678 1679 1392)
4(1637 1638 1679 1678)
4(1392 1679 1680 1393)
4(1638 1639 1680 1679)
4(1354 1395 1682 1641)
4(1640 1641 1682 1681)
4(1355 1396 1683 1642)
4(1641 1642 1683 1682)
4(1356 1397 1684 1643)
4(1642 1643 1684 1683)
4(1357 1398 1685 1644)
4(1643 1644 1685 1684)
4(1358 1399 1686 1645)
4(1644 1645 1686 1685)
4(1359 1400 1687 1646)
4(1645 1646 1687 1686)
4(1360 1401 1688 1647)
4(1646 1647 1688 1687)
4(1361 1402 1689 1648)
4(1647 1648 1689 1688)
4(1362 1403 1690 1649)
4(1648 1649 1690 1689)
4(1363 1404 1691 1650)
4(1649 1650 1691 1690)
4(1364 1405 1692 1651)
4(1650 1651 1692 1691)
4(1365 1406 1693 1652)
4(1651 1652 1693 1692)
4(1366 1407 1694 1653)
4(1652 1653 1694 1693)
4(1367 1408 1695 1654)
4(1653 1654 1695 1694)
4(1368 1409 1696 1655)
4(1654 1655 1696 1695)
4(1369 1410 1697 1656)
4(1655 1656 1697 1696)
4(1370 1411 1698 1657)
4(1656 1657 1698 1697)
4(1371 1412 1699 1658)
4(1657 1658 1699 1698)
4(1372 1413 1700 1659)
4(1658 1659 1700 1699)
4(1373 1414 1701 1660)
4(1659 1660 1701 1700)
4(1374 1415 1702 1661)
4(1660 1661 1702 1701)
4(1375 1416 1703 1662)
4(1661 1662 1703 1702)
4(1376 1417 1704 1663)
4(1662 1663 1704 1703)
4(1377 1418 1705 1664)
4(1663 1664 1705 1704)
4(1378 1419 1706 1665)
4(1664 1665 1706 1705)
4(1379 1420 1707 1666)
4(1665 1666 1707 1706)
4(1380 1421 1708 1667)
4(1666 1667 1708 1707)
4(1381 1422 1709 1668)
4(1667 1668 1709 1708)
4(1382 1423 1710 1669)
4(1668 1669 1710 1709)
4(1383 1424 1711 1670)
4(1669 1670 1711 1710)
4(1384 1425 1712 1671)
4(1670 1671 1712 1711)
4(1385 1426 1713 1672)
4(1671 1672 1713 1712)
4(1386 1427 1714 1673)
4(1672 1673 1714 1713)
4(1387 1428 1715 1674)
4(1673 1674 1715 1714)
4(1388 1429 1716 1675)
4(1674 1675 1716 1715)
4(1389 1430 1717 1676)
4(1675 1676 1717 1716)
4(1390 1431 1718 1677)
4(1676 1677 1718 1717)
4(1391 1432 1719 1678)
4(1677 1678 1719 1718)
4(1392 1433 1720 1679)
4(1678 1679 1720 1719)
4(1679 1680 1721 1720)
4(1436 1477 1764 1723)
4(1476 1763 1764 1477)
4(1722 1723 1764 1763)
4(1437 1478 1765 1724)
4(1477 1764 1765 1478)
4(1723 1724 1765 1764)
4(1438 1479 1766 1725)
4(1478 1765 1766 1479)
4(1724 1725 1766 1765)
4(1439 1480 1767 1726)
4(1479 1766 1767 1480)
4(1725 1726 1767 1766)
4(1440 1481 1768 1727)
4(1480 1767 1768 1481)
4(1726 1727 1768 1767)
4(1441 1482 1769 1728)
4(1481 1768 1769 1482)
4(1727 1728 1769 1768)
4(1442 1483 1770 1729)
4(1482 1769 1770 1483)
4(1728 1729 1770 1769)
4(1443 1484 1771 1730)
4(1483 1770 1771 1484)
4(1729 1730 1771 1770)
4(1444 1485 1772 1731)
4(1484 1771 1772 1485)
4(1730 1731 1772 1771)
4(1445 1486 1773 1732)
4(1485 1772 1773 1486)
4(1731 1732 1773 1772)
4(1446 1487 1774 1733)
4(1486 1773 1774 1487)
4(1732 1733 1774 1773)
4(1447 1488 1775 1734)
4(1487 1774 1775 1488)
4(1733 1734 1775 1774)
4(1448 1489 1776 1735)
4(1488 1775 1776 1489)
4(1734 1735 1776 1775)
4(1449 1490 1777 1736)
4(1489 1776 1777 1490)
4(1735 1736 1777 1776)
4(1450 1491 1778 1737)
4(1490 1777 1778 1491)
4(1736 1737 1778 1777)
4(1451 1492 1779 1738)
4(1491 1778 1779 1492)
4(1737 1738 1779 1778)
4(1452 1493 1780 1739)
4(1492 1779 1780 1493)
4(1738 1739 1780 1779)
4(1453 1494 1781 1740)
4(1493 1780 1781 1494)
4(1739 1740 1781 1780)
4(1454 1495 1782 1741)
4(1494 1781 1782 1495)
4(1740 1741 1782 1781)
4(1455 1496 1783 1742)
4(1495 1782 1783 1496)
4(1741 1742 1783 1782)
4(1456 1497 1784 1743)
4(1496 1783 1784 1497)
4(1742 1743 1784 1783)
4(1457 1498 1785 1744)
4(1497 1784 1785 1498)
4(1743 1744 1785 1784)
4(1458 1499 1786 1745)
4(1498 1785 1786 1499)
4(1744 1745 1786 1785)
4(1459 1500 1787 1746)
4(1499 1786 1787 1500)
4(1745 1746 1787 1786)
4(1460 1501 1788 1747)
4(1500 1787 1788 1501)
4(1746 1747 1788 1787)
4(1461 1502 1789 1748)
4(1501 1788 1789 1502)
4(1747 1748 1789 1788)
4(1462 1503 1790 1749)
4(1502 1789 1790 1503)
4(1748 1749 1790 1789)
4(1463 1504 1791 1750)
4(1503 1790 1791 1504)
4(1749 1750 1791 1790)
4(1464 1505 1792 1751)
4(1504 1791 1792 1505)
4(1750 1751 1792 1791)
4(1465 1506 1793 1752)
4(1505 1792 1793 1506)
4(1751 1752 1793 1792)
4(1466 1507 1794 1753)
4(1506 1793 1794 1507)
4(1752 1753 1794 1793)
4(1467 1508 1795 1754)
4(1507 1794 1795 1508)
4(1753 1754 1795 1794)
4(1468 1509 1796 1755)
4(1508 1795 1796 1509)
4(1754 1755 1796 1795)
4(1469 1510 1797 1756)
4(1509 1796 1797 1510)
4(1755 1756 1797 1796)
4(1470 1511 1798 1757)
4(1510 1797 1798 1511)
4(1756 1757 1798 1797)
4(1471 1512 1799 1758)
4(1511 1798 1799 1512)
4(1757 1758 1799 1798)
4(1472 1513 1800 1759)
4(1512 1799 1800 1513)
4(1758 1759 1800 1799)
4(1473 1514 1801 1760)
4(1513 1800 1801 1514)
4(1759 1760 1801 1800)
4(1474 1515 1802 1761)
4(1514 1801 1802 1515)
4(1760 1761 1802 1801)
4(1515 1802 1803 1516)
4(1761 1762 1803 1802)
4(1477 1518 1805 1764)
4(1517 1804 1805 1518)
4(1763 1764 1805 1804)
4(1478 1519 1806 1765)
4(1518 1805 1806 1519)
4(1764 1765 1806 1805)
4(1479 1520 1807 1766)
4(1519 1806 1807 1520)
4(1765 1766 1807 1806)
4(1480 1521 1808 1767)
4(1520 1807 1808 1521)
4(1766 1767 1808 1807)
4(1481 1522 1809 1768)
4(1521 1808 1809 1522)
4(1767 1768 1809 1808)
4(1482 1523 1810 1769)
4(1522 1809 1810 1523)
4(1768 1769 1810 1809)
4(1483 1524 1811 1770)
4(1523 1810 1811 1524)
4(1769 1770 1811 1810)
4(1484 1525 1812 1771)
4(1524 1811 1812 1525)
4(1770 1771 1812 1811)
4(1485 1526 1813 1772)
4(1525 1812 1813 1526)
4(1771 1772 1813 1812)
4(1486 1527 1814 1773)
4(1526 1813 1814 1527)
4(1772 1773 1814 1813)
4(1487 1528 1815 1774)
4(1527 1814 1815 1528)
4(1773 1774 1815 1814)
4(1488 1529 1816 1775)
4(1528 1815 1816 1529)
4(1774 1775 1816 1815)
4(1489 1530 1817 1776)
4(1529 1816 1817 1530)
4(1775 1776 1817 1816)
4(1490 1531 1818 1777)
4(1530 1817 1818 1531)
4(1776 1777 1818 1817)
4(1491 1532 1819 1778)
4(1531 1818 1819 1532)
4(1777 1778 1819 1818)
4(1492 1533 1820 1779)
4(1532 1819 1820 1533)
4(1778 1779 1820 1819)
4(1493 1534 1821 1780)
4(1533 1820 1821 1534)
4(1779 1780 1821 1820)
4(1494 1535 1822 1781)
4(1534 1821 1822 1535)
4(1780 1781 1822 1821)
4(1495 1536 1823 1782)
4(1535 1822 1823 1536)
4(1781 1782 1823 1822)
4(1496 1537 1824 1783)
4(1536 1823 1824 1537)
4(1782 1783 1824 1823)
4(1497 1538 1825 1784)
4(1537 1824 1825 1538)
4(1783 1784 1825 1824)
4(1498 1539 1826 1785)
4(1538 1825 1826 1539)
4(1784 1785 1826 1825)
4(1499 1540 1827 1786)
4(1539 1826 1827 1540)
4(1785 1786 1827 1826)
4(1500 1541 1828 1787)
4(1540 1827 1828 1541)
4(1786 1787 1828 1827)
4(1501 1542 1829 1788)
4(1541 1828 1829 1542)
4(1787 1788 1829 1828)
4(1502 1543 1830 1789)
4(1542 1829 1830 1543)
4(1788 1789 1830 1829)
4(1503 1544 1831 1790)
4(1543 1830 1831 1544)
4(1789 1790 1831 1830)
4(1504 1545 1832 1791)
4(1544 1831 1832 1545)
4(1790 1791 1832 1831)
4(1505 1546 1833 1792)
4(1545 1832 1833 1546)
4(1791 1792 1833 1832)
4(1506 1547 1834 1793)
4(1546 1833 1834 1547)
4(1792 1793 1834 1833)
4(1507 1548 1835 1794)
4(1547 1834 1835 1548)
4(1793 1794 1835 1834)
4(1508 1549 1836 1795)
4(1548 1835 1836 1549)
4(1794 1795 1836 1835)
4(1509 1550 1837 1796)
4(1549 1836 1837 1550)
4(1795 1796 1837 1836)
4(1510 1551 1838 1797)
4(1550 1837 1838 1551)
4(1796 1797 1838 1837)
4(1511 1552 1839 1798)
4(1551 1838 1839 1552)
4(1797 1798 1839 1838)
4(1512 1553 1840 1799)
4(1552 1839 1840 1553)
4(1798 1799 1840 1839)
4(1513 1554 1841 1800)
4(1553 1840 1841 1554)
4(1799 1800 1841 1840)
4(1514 1555 1842 1801)
4(1554 1841 1842 1555)
4(1800 1801 1842 1841)
4(1515 1556 1843 1802)
4(1555 1842 1843 1556)
4(1801 1802 1843 1842)
4(1556 1843 1844 1557)
4(1802 1803 1844 1843)
4(1518 1559 1846 1805)
4(1558 1845 1846 1559)
4(1804 1805 1846 1845)
4(1519 1560 1847 1806)
4(1559 1846 1847 1560)
4(1805 1806 1847 1846)
4(1520 1561 1848 1807)
4(1560 1847 1848 1561)
4(1806 1807 1848 1847)
4(1521 1562 1849 1808)
4(1561 1848 1849 1562)
4(1807 1808 1849 1848)
4(1522 1563 1850 1809)
4(1562 1849 1850 1563)
4(1808 1809 1850 1849)
4(1523 1564 1851 1810)
4(1563 1850 1851 1564)
4(1809 1810 1851 1850)
4(1524 1565 1852 1811)
4(1564 1851 1852 1565)
4(1810 1811 1852 1851)
4(1525 1566 1853 1812)
4(1565 1852 1853 1566)
4(1811 1812 1853 1852)
4(1526 1567 1854 1813)
4(1566 1853 1854 1567)
4(1812 1813 1854 1853)
4(1527 1568 1855 1814)
4(1567 1854 1855 1568)
4(1813 1814 1855 1854)
4(1528 1569 1856 1815)
4(1568 1855 1856 1569)
4(1814 1815 1856 1855)
4(1529 1570 1857 1816)
4(1569 1856 1857 1570)
4(1815 1816 1857 1856)
4(1530 1571 1858 1817)
4(1570 1857 1858 1571)
4(1816 1817 1858 1857)
4(1531 1572 1859 1818)
4(1571 1858 1859 1572)
4(1817 1818 1859 1858)
4(1532 1573 1860 1819)
4(1572 1859 1860 1573)
4(1818 1819 1860 1859)
4(1533 1574 1861 1820)
4(1573 1860 1861 1574)
4(1819 1820 1861 1860)
4(1534 1575 1862 1821)
4(1574 1861 1862 1575)
4(1820 1821 1862 1861)
4(1535 1576 1863 1822)
4(1575 1862 1863 1576)
4(1821 1822 1863 1862)
4(1536 1577 1864 1823)
4(1576 1863 1864 1577)
4(1822 1823 1864 1863)
4(1537 1578 1865 1824)
4(1577 1864 1865 1578)
4(1823 1824 1865 1864)
4(1538 1579 1866 1825)
4(1578 1865 1866 1579)
4(1824 1825 1866 1865)
4(1539 1580 1867 1826)
4(1579 1866 1867 1580)
4(1825 1826 1867 1866)
4(1540 1581 1868 1827)
4(1580 1867 1868 1581)
4(1826 1827 1868 1867)
4(1541 1582 1869 1828)
4(1581 1868 1869 1582)
4(1827 1828 1869 1868)
4(1542 1583 1870 1829)
4(1582 1869 1870 1583)
4(1828 1829 1870 1869)
4(1543 1584 1871 1830)
4(1583 1870 1871 1584)
4(1829 1830 1871 1870)
4(1544 1585 1872 1831)
4(1584 1871 1872 1585)
4(1830 1831 1872 1871)
4(1545 1586 1873 1832)
4(1585 1872 1873 1586)
4(1831 1832 1873 1872)
4(1546 1587 1874 1833)
4(1586 1873 1874 1587)
4(1832 1833 1874 1873)
4(1547 1588 1875 1834)
4(1587 1874 1875 1588)
4(1833 1834 1875 1874)
4(1548 1589 1876 1835)
4(1588 1875 1876 1589)
4(1834 1835 1876 1875)
4(1549 1590 1877 1836)
4(1589 1876 1877 1590)
4(1835 1836 1877 1876)
4(1550 1591 1878 1837)
4(1590 1877 1878 1591)
4(1836 1837 1878 1877)
4(1551 1592 1879 1838)
4(1591 1878 1879 1592)
4(1837 1838 1879 1878)
4(1552 1593 1880 1839)
4(1592 1879 1880 1593)
4(1838 1839 1880 1879)
4(1553 1594 1881 1840)
4(1593 1880 1881 1594)
4(1839 1840 1881 1880)
4(1554 1595 1882 1841)
4(1594 1881 1882 1595)
4(1840 1841 1882 1881)
4(1555 1596 1883 1842)
4(1595 1882 1883 1596)
4(1841 1842 1883 1882)
4(1556 1597 1884 1843)
4(1596 1883 1884 1597)
4(1842 1843 1884 1883)
4(1597 1884 1885 1598)
4(1843 1844 1885 1884)
4(1559 1600 1887 1846)
4(1599 1886 1887 1600)
4(1845 1846 1887 1886)
4(1560 1601 1888 1847)
4(1600 1887 1888 1601)
4(1846 1847 1888 1887)
4(1561 1602 1889 1848)
4(1601 1888 1889 1602)
4(1847 1848 1889 1888)
4(1562 1603 1890 1849)
4(1602 1889 1890 1603)
4(1848 1849 1890 1889)
4(1563 1604 1891 1850)
4(1603 1890 1891 1604)
4(1849 1850 1891 1890)
4(1564 1605 1892 1851)
4(1604 1891 1892 1605)
4(1850 1851 1892 1891)
4(1565 1606 1893 1852)
4(1605 1892 1893 1606)
4(1851 1852 1893 1892)
4(1566 1607 1894 1853)
4(1606 1893 1894 1607)
4(1852 1853 1894 1893)
4(1567 1608 1895 1854)
4(1607 1894 1895 1608)
4(1853 1854 1895 1894)
4(1568 1609 1896 1855)
4(1608 1895 1896 1609)
4(1854 1855 1896 1895)
4(1569 1610 1897 1856)
4(1609 1896 1897 1610)
4(1855 1856 1897 1896)
4(1570 1611 1898 1857)
4(1610 1897 1898 1611)
4(1856 1857 1898 1897)
4(1571 1612 1899 1858)
4(1611 1898 1899 1612)
4(1857 1858 1899 1898)
4(1572 1613 1900 1859)
4(1612 1899 1900 1613)
4(1858 1859 1900 1899)
4(1573 1614 1901 1860)
4(1613 1900 1901 1614)
4(1859 1860 1901 1900)
4(1574 1615 1902 1861)
4(1614 1901 1902 1615)
4(1860 1861 1902 1901)
4(1575 1616 1903 1862)
4(1615 1902 1903 1616)
4(1861 1862 1903 1902)
4(1576 1617 1904 1863)
4(1616 1903 1904 1617)
4(1862 1863 1904 1903)
4(1577 1618 1905 1864)
4(1617 1904 1905 1618)
4(1863 1864 1905 1904)
4(1578 1619 1906 1865)
4(1618 1905 1906 1619)
4(1864 1865 1906 1905)
4(1579 1620 1907 1866)
4(1619 1906 1907 1620)
4(1865 1866 1907 1906)
4(1580 1621 1908 1867)
4(1620 1907 1908 1621)
4(1866 1867 1908 1907)
4(1581 1622 1909 1868)
4(1621 1908 1909 1622)
4(1867 1868 1909 1908)
4(1582 1623 1910 1869)
4(1622 1909 1910 1623)
4(1868 1869 1910 1909)
4(1583 1624 1911 1870)
4(1623 1910 1911 1624)
4(1869 1870 1911 1910)
4(1584 1625 1912 1871)
4(1624 1911 1912 1625)
4(1870 1871 1912 1911)
4(1585 1626 1913 1872)
4(1625 1912 1913 1626)
4(1871 1872 1913 1912)
4(1586 1627 1914 1873)
4(1626 1913 1914 1627)
4(1872 1873 1914 1913)
4(1587 1628 1915 1874)
4(1627 1914 1915 1628)
4(1873 1874 1915 1914)
4(1588 1629 1916 1875)
4(1628 1915 1916 1629)
4(1874 1875 1916 1915)
4(1589 1630 1917 1876)
4(1629 1916 1917 1630)
4(1875 1876 1917 1916)
4(1590 1631 1918 1877)
4(1630 1917 1918 1631)
4(1876 1877 1918 1917)
4(1591 1632 1919 1878)
4(1631 1918 1919 1632)
4(1877 1878 1919 1918)
4(1592 1633 1920 1879)
4(1632 1919 1920 1633)
4(1878 1879 1920 1919)
4(1593 1634 1921 1880)
4(1633 1920 1921 1634)
4(1879 1880 1921 1920)
4(1594 1635 1922 1881)
4(1634 1921 1922 1635)
4(1880 1881 1922 1921)
4(1595 1636 1923 1882)
4(1635 1922 1923 1636)
4(1881 1882 1923 1922)
4(1596 1637 1924 1883)
4(1636 1923 1924 1637)
4(1882 1883 1924 1923)
4(1597 1638 1925 1884)
4(1637 1924 1925 1638)
4(1883 1884 1925 1924)
4(1638 1925 1926 1639)
4(1884 1885 1926 1925)
4(1600 1641 1928 1887)
4(1640 1927 1928 1641)
4(1886 1887 1928 1927)
4(1601 1642 1929 1888)
4(1641 1928 1929 1642)
4(1887 1888 1929 1928)
4(1602 1643 1930 1889)
4(1642 1929 1930 1643)
4(1888 1889 1930 1929)
4(1603 1644 1931 1890)
4(1643 1930 1931 1644)
4(1889 1890 1931 1930)
4(1604 1645 1932 1891)
4(1644 1931 1932 1645)
4(1890 1891 1932 1931)
4(1605 1646 1933 1892)
4(1645 1932 1933 1646)
4(1891 1892 1933 1932)
4(1606 1647 1934 1893)
4(1646 1933 1934 1647)
4(1892 1893 1934 1933)
4(1607 1648 1935 1894)
4(1647 1934 1935 1648)
4(1893 1894 1935 1934)
4(1608 1649 1936 1895)
4(1648 1935 1936 1649)
4(1894 1895 1936 1935)
4(1609 1650 1937 1896)
4(1649 1936 1937 1650)
4(1895 1896 1937 1936)
4(1610 1651 1938 1897)
4(1650 1937 1938 1651)
4(1896 1897 1938 1937)
4(1611 1652 1939 1898)
4(1651 1938 1939 1652)
4(1897 1898 1939 1938)
4(1612 1653 1940 1899)
4(1652 1939 1940 1653)
4(1898 1899 1940 1939)
4(1613 1654 1941 1900)
4(1653 1940 1941 1654)
4(1899 1900 1941 1940)
4(1614 1655 1942 1901)
4(1654 1941 1942 1655)
4(1900 1901 1942 1941)
4(1615 1656 1943 1902)
4(1655 1942 1943 1656)
4(1901 1902 1943 1942)
4(1616 1657 1944 1903)
4(1656 1943 1944 1657)
4(1902 1903 1944 1943)
4(1617 1658 1945 1904)
4(1657 1944 1945 1658)
4(1903 1904 1945 1944)
4(1618 1659 1946 1905)
4(1658 1945 1946 1659)
4(1904 1905 1946 1945)
4(1619 1660 1947 1906)
4(1659 1946 1947 1660)
4(1905 1906 1947 1946)
4(1620 1661 1948 1907)
4(1660 1947 1948 1661)
4(1906 1907 1948 1947)
4(1621 1662 1949 1908)
4(1661 1948 1949 1662)
4(1907 1908 1949 1948)
4(1622 1663 1950 1909)
4(1662 1949 1950 1663)
4(1908 1909 1950 1949)
4(1623 1664 1951 1910)
4(1663 1950 1951 1664)
4(1909 1910 1951 1950)
4(1624 1665 1952 1911)
4(1664 1951 1952 1665)
4(1910 1911 1952 1951)
4(1625 1666 1953 1912)
4(1665 1952 1953 1666)
4(1911 1912 1953 1952)
4(1626 1667 1954 1913)
4(1666 1953 1954 1667)
4(1912 1913 1954 1953)
4(1627 1668 1955 1914)
4(1667 1954 1955 1668)
4(1913 1914 1955 1954)
4(1628 1669 1956 1915)
4(1668 1955 1956 1669)
4(1914 1915 1956 1955)
4(1629 1670 1957 1916)
4(1669 1956 1957 1670)
4(1915 1916 1957 1956)
4(1630 1671 1958 1917)
4(1670 1957 1958 1671)
4(1916 1917 1958 1957)
4(1631 1672 1959 1918)
4(1671 1958 1959 1672)
4(1917 1918 1959 1958)
4(1632 1673 1960 1919)
4(1672 1959 1960 1673)
4(1918 1919 1960 1959)
4(1633 1674 1961 1920)
4(1673 1960 1961 1674)
4(1919 1920 1961 1960)
4(1634 1675 1962 1921)
4(1674 1961 1962 1675)
4(1920 1921 1962 1961)
4(1635 1676 1963 1922)
4(1675 1962 1963 1676)
4(1921 1922 1963 1962)
4(1636 1677 1964 1923)
4(1676 1963 1964 1677)
4(1922 1923 1964 1963)
4(1637 1678 1965 1924)
4(1677 1964 1965 1678)
4(1923 1924 1965 1964)
4(1638 1679 1966 1925)
4(1678 1965 1966 1679)
4(1924 1925 1966 1965)
4(1679 1966 1967 1680)
4(1925 1926 1967 1966)
4(1641 1682 1969 1928)
4(1927 1928 1969 1968)
4(1642 1683 1970 1929)
4(1928 1929 1970 1969)
4(1643 1684 1971 1930)
4(1929 1930 1971 1970)
4(1644 1685 1972 1931)
4(1930 1931 1972 1971)
4(1645 1686 1973 1932)
4(1931 1932 1973 1972)
4(1646 1687 1974 1933)
4(1932 1933 1974 1973)
4(1647 1688 1975 1934)
4(1933 1934 1975 1974)
4(1648 1689 1976 1935)
4(1934 1935 1976 1975)
4(1649 1690 1977 1936)
4(1935 1936 1977 1976)
4(1650 1691 1978 1937)
4(1936 1937 1978 1977)
4(1651 1692 1979 1938)
4(1937 1938 1979 1978)
4(1652 1693 1980 1939)
4(1938 1939 1980 1979)
4(1653 1694 1981 1940)
4(1939 1940 1981 1980)
4(1654 1695 1982 1941)
4(1940 1941 1982 1981)
4(1655 1696 1983 1942)
4(1941 1942 1983 1982)
4(1656 1697 1984 1943)
4(1942 1943 1984 1983)
4(1657 1698 1985 1944)
4(1943 1944 1985 1984)
4(1658 1699 1986 1945)
4(1944 1945 1986 1985)
4(1659 1700 1987 1946)
4(1945 1946 1987 1986)
4(1660 1701 1988 1947)
4(1946 1947 1988 1987)
4(1661 1702 1989 1948)
4(1947 1948 1989 1988)
4(1662 1703 1990 1949)
4(1948 1949 1990 1989)
4(1663 1704 1991 1950)
4(1949 1950 1991 1990)
4(1664 1705 1992 1951)
4(1950 1951 1992 1991)
4(1665 1706 1993 1952)
4(1951 1952 1993 1992)
4(1666 1707 1994 1953)
4(1952 1953 1994 1993)
4(1667 1708 1995 1954)
4(1953 1954 1995 1994)
4(1668 1709 1996 1955)
4(1954 1955 1996 1995)
4(1669 1710 1997 1956)
4(1955 1956 1997 1996)
4(1670 1711 1998 1957)
4(1956 1957 1998 1997)
4(1671 1712 1999 1958)
4(1957 1958 1999 1998)
4(1672 1713 2000 1959)
4(1958 1959 2000 1999)
4(1673 1714 2001 1960)
4(1959 1960 2001 2000)
4(1674 1715 2002 1961)
4(1960 1961 2002 2001)
4(1675 1716 2003 1962)
4(1961 1962 2003 2002)
4(1676 1717 2004 1963)
4(1962 1963 2004 2003)
4(1677 1718 2005 1964)
4(1963 1964 2005 2004)
4(1678 1719 2006 1965)
4(1964 1965 2006 2005)
4(1679 1720 2007 1966)
4(1965 1966 2007 2006)
4(1966 1967 2008 2007)
4(1723 1764 2051 2010)
4(1763 2050 2051 1764)
4(2009 2010 2051 2050)
4(1724 1765 2052 2011)
4(1764 2051 2052 1765)
4(2010 2011 2052 2051)
4(1725 1766 2053 2012)
4(1765 2052 2053 1766)
4(2011 2012 2053 2052)
4(1726 1767 2054 2013)
4(1766 2053 2054 1767)
4(2012 2013 2054 2053)
4(1727 1768 2055 2014)
4(1767 2054 2055 1768)
4(2013 2014 2055 2054)
4(1728 1769 2056 2015)
4(1768 2055 2056 1769)
4(2014 2015 2056 2055)
4(1729 1770 2057 2016)
4(1769 2056 2057 1770)
4(2015 2016 2057 2056)
4(1730 1771 2058 2017)
4(1770 2057 2058 1771)
4(2016 2017 2058 2057)
4(1731 1772 2059 2018)
4(1771 2058 2059 1772)
4(2017 2018 2059 2058)
4(1732 1773 2060 2019)
4(1772 2059 2060 1773)
4(2018 2019 2060 2059)
4(1733 1774 2061 2020)
4(1773 2060 2061 1774)
4(2019 2020 2061 2060)
4(1734 1775 2062 2021)
4(1774 2061 2062 1775)
4(2020 2021 2062 2061)
4(1735 1776 2063 2022)
4(1775 2062 2063 1776)
4(2021 2022 2063 2062)
4(1736 1777 2064 2023)
4(1776 2063 2064 1777)
4(2022 2023 2064 2063)
4(1737 1778 2065 2024)
4(1777 2064 2065 1778)
4(2023 2024 2065 2064)
4(1738 1779 2066 2025)
4(1778 2065 2066 1779)
4(2024 2025 2066 2065)
4(1739 1780 2067 2026)
4(1779 2066 2067 1780)
4(2025 2026 2067 2066)
4(1740 1781 2068 2027)
4(1780 2067 2068 1781)
4(2026 2027 2068 2067)
4(1741 1782 2069 2028)
4(1781 2068 2069 1782)
4(2027 2028 2069 2068)
4(1742 1783 2070 2029)
4(1782 2069 2070 1783)
4(2028 2029 2070 2069)
4(1743 1784 2071 2030)
4(1783 2070 2071 1784)
4(2029 2030 2071 2070)
4(1744 1785 2072 2031)
4(1784 2071 2072 1785)
4(2030 2031 2072 2071)
4(1745 1786 2073 2032)
4(1785 2072 2073 1786)
4(2031 2032 2073 2072)
4(1746 1787 2074 2033)
4(1786 2073 2074 1787)
4(2032 2033 2074 2073)
4(1747 1788 2075 2034)
4(1787 2074 2075 1788)
4(2033 2034 2075 2074)
4(1748 1789 2076 2035)
4(1788 2075 2076 1789)
4(2034 2035 2076 2075)
4(1749 1790 2077 2036)
4(1789 2076 2077 1790)
4(2035 2036 2077 2076)
4(1750 1791 2078 2037)
4(1790 2077 2078 1791)
4(2036 2037 2078 2077)
4(1751 1792 2079 2038)
4(1791 2078 2079 1792)
4(2037 2038 2079 2078)
4(1752 1793 2080 2039)
4(1792 2079 2080 1793)
4(2038 2039 2080 2079)
4(1753 1794 2081 2040)
4(1793 2080 2081 1794)
4(2039 2040 2081 2080)
4(1754 1795 2082 2041)
4(1794 2081 2082 1795)
4(2040 2041 2082 2081)
4(1755 1796 2083 2042)
4(1795 2082 2083 1796)
4(2041 2042 2083 2082)
4(1756 1797 2084 2043)
4(1796 2083 2084 1797)
4(2042 2043 2084 2083)
4(1757 1798 2085 2044)
4(1797 2084 2085 1798)
4(2043 2044 2085 2084)
4(1758 1799 2086 2045)
4(1798 2085 2086 1799)
4(2044 2045 2086 2085)
4(1759 1800 2087 2046)
4(1799 2086 2087 1800)
4(2045 2046 2087 2086)
4(1760 1801 2088 2047)
4(1800 2087 2088 1801)
4(2046 2047 2088 2087)
4(1761 1802 2089 2048)
4(1801 2088 2089 1802)
4(2047 2048 2089 2088)
4(1802 2089 2090 1803)
4(2048 2049 2090 2089)
4(1764 1805 2092 2051)
4(1804 2091 2092 1805)
4(2050 2051 2092 2091)
4(1765 1806 2093 2052)
4(1805 2092 2093 1806)
4(2051 2052 2093 2092)
4(1766 1807 2094 2053)
4(1806 2093 2094 1807)
4(2052 2053 2094 2093)
4(1767 1808 2095 2054)
4(1807 2094 2095 1808)
4(2053 2054 2095 2094)
4(1768 1809 2096 2055)
4(1808 2095 2096 1809)
4(2054 2055 2096 2095)
4(1769 1810 2097 2056)
4(1809 2096 2097 1810)
4(2055 2056 2097 2096)
4(1770 1811 2098 2057)
4(1810 2097 2098 1811)
4(2056 2057 2098 2097)
4(1771 1812 2099 2058)
4(1811 2098 2099 1812)
4(2057 2058 2099 2098)
4(1772 1813 2100 2059)
4(1812 2099 2100 1813)
4(2058 2059 2100 2099)
4(1773 1814 2101 2060)
4(1813 2100 2101 1814)
4(2059 2060 2101 2100)
4(1774 1815 2102 2061)
4(1814 2101 2102 1815)
4(2060 2061 2102 2101)
4(1775 1816 2103 2062)
4(1815 2102 2103 1816)
4(2061 2062 2103 2102)
4(1776 1817 2104 2063)
4(1816 2103 2104 1817)
4(2062 2063 2104 2103)
4(1777 1818 2105 2064)
4(1817 2104 2105 1818)
4(2063 2064 2105 2104)
4(1778 1819 2106 2065)
4(1818 2105 2106 1819)
4(2064 2065 2106 2105)
4(1779 1820 2107 2066)
4(1819 2106 2107 1820)
4(2065 2066 2107 2106)
4(1780 1821 2108 2067)
4(1820 2107 2108 1821)
4(2066 2067 2108 2107)
4(1781 1822 2109 2068)
4(1821 2108 2109 1822)
4(2067 2068 2109 2108)
4(1782 1823 2110 2069)
4(1822 2109 2110 1823)
4(2068 2069 2110 2109)
4(1783 1824 2111 2070)
4(1823 2110 2111 1824)
4(2069 2070 2111 2110)
4(1784 1825 2112 2071)
4(1824 2111 2112 1825)
4(2070 2071 2112 2111)
4(1785 1826 2113 2072)
4(1825 2112 2113 1826)
4(2071 2072 2113 2112)
4(1786 1827 2114 2073)
4(1826 2113 2114 1827)
4(2072 2073 2114 2113)
4(1787 1828 2115 2074)
4(1827 2114 2115 1828)
4(2073 2074 2115 2114)
4(1788 1829 2116 2075)
4(1828 2115 2116 1829)
4(2074 2075 2116 2115)
4(1789 1830 2117 2076)
4(1829 2116 2117 1830)
4(2075 2076 2117 2116)
4(1790 1831 2118 2077)
4(1830 2117 2118 1831)
4(2076 2077 2118 2117)
4(1791 1832 2119 2078)
4(1831 2118 2119 1832)
4(2077 2078 2119 2118)
4(1792 1833 2120 2079)
4(1832 2119 2120 1833)
4(2078 2079 2120 2119)
4(1793 1834 2121 2080)
4(1833 2120 2121 1834)
4(2079 2080 2121 2120)
4(1794 1835 2122 2081)
4(1834 2121 2122 1835)
4(2080 2081 2122 2121)
4(1795 1836 2123 2082)
4(1835 2122 2123 1836)
4(2081 2082 2123 2122)
4(1796 1837 2124 2083)
4(1836 2123 2124 1837)
4(2082 2083 2124 2123)
4(1797 1838 2125 2084)
4(1837 2124 2125 1838)
4(2083 2084 2125 2124)
4(1798 1839 2126 2085)
4(1838 2125 2126 1839)
4(2084 2085 2126 2125)
4(1799 1840 2127 2086)
4(1839 2126 2127 1840)
4(2085 2086 2127 2126)
4(1800 1841 2128 2087)
4(1840 2127 2128 1841)
4(2086 2087 2128 2127)
4(1801 1842 2129 2088)
4(1841 2128 2129 1842)
4(2087 2088 2129 2128)
4(1802 1843 2130 2089)
4(1842 2129 2130 1843)
4(2088 2089 2130 2129)
4(1843 2130 2131 1844)
4(2089 2090 2131 2130)
4(1805 1846 2133 2092)
4(1845 2132 2133 1846)
4(2091 2092 2133 2132)
4(1806 1847 2134 2093)
4(1846 2133 2134 1847)
4(2092 2093 2134 2133)
4(1807 1848 2135 2094)
4(1847 2134 2135 1848)
4(2093 2094 2135 2134)
4(1808 1849 2136 2095)
4(1848 2135 2136 1849)
4(2094 2095 2136 2135)
4(1809 1850 2137 2096)
4(1849 2136 2137 1850)
4(2095 2096 2137 2136)
4(1810 1851 2138 2097)
4(1850 2137 2138 1851)
4(2096 2097 2138 2137)
4(1811 1852 2139 2098)
4(1851 2138 2139 1852)
4(2097 2098 2139 2138)
4(1812 1853 2140 2099)
4(1852 2139 2140 1853)
4(2098 2099 2140 2139)
4(1813 1854 2141 2100)
4(1853 2140 2141 1854)
4(2099 2100 2141 2140)
4(1814 1855 2142 2101)
4(1854 2141 2142 1855)
4(2100 2101 2142 2141)
4(1815 1856 2143 2102)
4(1855 2142 2143 1856)
4(2101 2102 2143 2142)
4(1816 1857 2144 2103)
4(1856 2143 2144 1857)
4(2102 2103 2144 2143)
4(1817 1858 2145 2104)
4(1857 2144 2145 1858)
4(2103 2104 2145 2144)
4(1818 1859 2146 2105)
4(1858 2145 2146 1859)
4(2104 2105 2146 2145)
4(1819 1860 2147 2106)
4(1859 2146 2147 1860)
4(2105 2106 2147 2146)
4(1820 1861 2148 2107)
4(1860 2147 2148 1861)
4(2106 2107 2148 2147)
4(1821 1862 2149 2108)
4(1861 2148 2149 1862)
4(2107 2108 2149 2148)
4(1822 1863 2150 2109)
4(1862 2149 2150 1863)
4(2108 2109 2150 2149)
4(1823 1864 2151 2110)
4(1863 2150 2151 1864)
4(2109 2110 2151 2150)
4(1824 1865 2152 2111)
4(1864 2151 2152 1865)
4(2110 2111 2152 2151)
4(1825 1866 2153 2112)
4(1865 2152 2153 1866)
4(2111 2112 2153 2152)
4(1826 1867 2154 2113)
4(1866 2153 2154 1867)
4(2112 2113 2154 2153)
4(1827 1868 2155 2114)
4(1867 2154 2155 1868)
4(2113 2114 2155 2154)
4(1828 1869 2156 2115)
4(1868 2155 2156 1869)
4(2114 2115 2156 2155)
4(1829 1870 2157 2116)
4(1869 2156 2157 1870)
4(2115 2116 2157 2156)
4(1830 1871 2158 2117)
4(1870 2157 2158 1871)
4(2116 2117 2158 2157)
4(1831 1872 2159 2118)
4(1871 2158 2159 1872)
4(2117 2118 2159 2158)
4(1832 1873 2160 2119)
4(1872 2159 2160 1873)
4(2118 2119 2160 2159)
4(1833 1874 2161 2120)
4(1873 2160 2161 1874)
4(2119 2120 2161 2160)
4(1834 1875 2162 2121)
4(1874 2161 2162 1875)
4(2120 2121 2162 2161)
4(1835 1876 2163 2122)
4(1875 2162 2163 1876)
4(2121 2122 2163 2162)
4(1836 1877 2164 2123)
4(1876 2163 2164 1877)
4(2122 2123 2164 2163)
4(1837 1878 2165 2124)
4(1877 2164 2165 1878)
4(2123 2124 2165 2164)
4(1838 1879 2166 2125)
4(1878 2165 2166 1879)
4(2124 2125 2166 2165)
4(1839 1880 2167 2126)
4(1879 2166 2167 1880)
4(2125 2126 2167 2166)
4(1840 1881 2168 2127)
4(1880 2167 2168 1881)
4(2126 2127 2168 2167)
4(1841 1882 2169 2128)
4(1881 2168 2169 1882)
4(2127 2128 2169 2168)
4(1842 1883 2170 2129)
4(1882 2169 2170 1883)
4(2128 2129 2170 2169)
4(1843 1884 2171 2130)
4(1883 2170 2171 1884)
4(2129 2130 2171 2170)
4(1884 2171 2172 1885)
4(2130 2131 2172 2171)
4(1846 1887 2174 2133)
4(1886 2173 2174 1887)
4(2132 2133 2174 2173)
4(1847 1888 2175 2134)
4(1887 2174 2175 1888)
4(2133 2134 2175 2174)
4(1848 1889 2176 2135)
4(1888 2175 2176 1889)
4(2134 2135 2176 2175)
4(1849 1890 2177 2136)
4(1889 2176 2177 1890)
4(2135 2136 2177 2176)
4(1850 1891 2178 2137)
4(1890 2177 2178 1891)
4(2136 2137 2178 2177)
4(1851 1892 2179 2138)
4(1891 2178 2179 1892)
4(2137 2138 2179 2178)
4(1852 1893 2180 2139)
4(1892 2179 2180 1893)
4(2138 2139 2180 2179)
4(1853 1894 2181 2140)
4(1893 2180 2181 1894)
4(2139 2140 2181 2180)
4(1854 1895 2182 2141)
4(1894 2181 2182 1895)
4(2140 2141 2182 2181)
4(1855 1896 2183 2142)
4(1895 2182 2183 1896)
4(2141 2142 2183 2182)
4(1856 1897 2184 2143)
4(1896 2183 2184 1897)
4(2142 2143 2184 2183)
4(1857 1898 2185 2144)
4(1897 2184 2185 1898)
4(2143 2144 2185 2184)
4(1858 1899 2186 2145)
4(1898 2185 2186 1899)
4(2144 2145 2186 2185)
4(1859 1900 2187 2146)
4(1899 2186 2187 1900)
4(2145 2146 2187 2186)
4(1860 1901 2188 2147)
4(1900 2187 2188 1901)
4(2146 2147 2188 2187)
4(1861 1902 2189 2148)
4(1901 2188 2189 1902)
4(2147 2148 2189 2188)
4(1862 1903 2190 2149)
4(1902 2189 2190 1903)
4(2148 2149 2190 2189)
4(1863 1904 2191 2150)
4(1903 2190 2191 1904)
4(2149 2150 2191 2190)
4(1864 1905 2192 2151)
4(1904 2191 2192 1905)
4(2150 2151 2192 2191)
4(1865 1906 2193 2152)
4(1905 2192 2193 1906)
4(2151 2152 2193 2192)
4(1866 1907 2194 2153)
4(1906 2193 2194 1907)
4(2152 2153 2194 2193)
4(1867 1908 2195 2154)
4(1907 2194 2195 1908)
4(2153 2154 2195 2194)
4(1868 1909 2196 2155)
4(1908 2195 2196 1909)
4(2154 2155 2196 2195)
4(1869 1910 2197 2156)
4(1909 2196 2197 1910)
4(2155 2156 2197 2196)
4(1870 1911 2198 2157)
4(1910 2197 2198 1911)
4(2156 2157 2198 2197)
4(1871 1912 2199 2158)
4(1911 2198 2199 1912)
4(2157 2158 2199 2198)
4(1872 1913 2200 2159)
4(1912 2199 2200 1913)
4(2158 2159 2200 2199)
4(1873 1914 2201 2160)
4(1913 2200 2201 1914)
4(2159 2160 2201 2200)
4(1874 1915 2202 2161)
4(1914 2201 2202 1915)
4(2160 2161 2202 2201)
4(1875 1916 2203 2162)
4(1915 2202 2203 1916)
4(2161 2162 2203 2202)
4(1876 1917 2204 2163)
4(1916 2203 2204 1917)
4(2162 2163 2204 2203)
4(1877 1918 2205 2164)
4(1917 2204 2205 1918)
4(2163 2164 2205 2204)
4(1878 1919 2206 2165)
4(1918 2205 2206 1919)
4(2164 2165 2206 2205)
4(1879 1920 2207 2166)
4(1919 2206 2207 1920)
4(2165 2166 2207 2206)
4(1880 1921 2208 2167)
4(1920 2207 2208 1921)
4(2166 2167 2208 2207)
4(1881 1922 2209 2168)
4(1921 2208 2209 1922)
4(2167 2168 2209 2208)
4(1882 1923 2210 2169)
4(1922 2209 2210 1923)
4(2168 2169 2210 2209)
4(1883 1924 2211 2170)
4(1923 2210 2211 1924)
4(2169 2170 2211 2210)
4(1884 1925 2212 2171)
4(1924 2211 2212 1925)
4(2170 2171 2212 2211)
4(1925 2212 2213 1926)
4(2171 2172 2213 2212)
4(1887 1928 2215 2174)
4(1927 2214 2215 1928)
4(2173 2174 2215 2214)
4(1888 1929 2216 2175)
4(1928 2215 2216 1929)
4(2174 2175 2216 2215)
4(1889 1930 2217 2176)
4(1929 2216 2217 1930)
4(2175 2176 2217 2216)
4(1890 1931 2218 2177)
4(1930 2217 2218 1931)
4(2176 2177 2218 2217)
4(1891 1932 2219 2178)
4(1931 2218 2219 1932)
4(2177 2178 2219 2218)
4(1892 1933 2220 2179)
4(1932 2219 2220 1933)
4(2178 2179 2220 2219)
4(1893 1934 2221 2180)
4(1933 2220 2221 1934)
4(2179 2180 2221 2220)
4(1894 1935 2222 2181)
4(1934 2221 2222 1935)
4(2180 2181 2222 2221)
4(1895 1936 2223 2182)
4(1935 2222 2223 1936)
4(2181 2182 2223 2222)
4(1896 1937 2224 2183)
4(1936 2223 2224 1937)
4(2182 2183 2224 2223)
4(1897 1938 2225 2184)
4(1937 2224 2225 1938)
4(2183 2184 2225 2224)
4(1898 1939 2226 2185)
4(1938 2225 2226 1939)
4(2184 2185 2226 2225)
4(1899 1940 2227 2186)
4(1939 2226 2227 1940)
4(2185 2186 2227 2226)
4(1900 1941 2228 2187)
4(1940 2227 2228 1941)
4(2186 2187 2228 2227)
4(1901 1942 2229 2188)
4(1941 2228 2229 1942)
4(2187 2188 2229 2228)
4(1902 1943 2230 2189)
4(1942 2229 2230 1943)
4(2188 2189 2230 2229)
4(1903 1944 2231 2190)
4(1943 2230 2231 1944)
4(2189 2190 2231 2230)
4(1904 1945 2232 2191)
4(1944 2231 2232 1945)
4(2190 2191 2232 2231)
4(1905 1946 2233 2192)
4(1945 2232 2233 1946)
4(2191 2192 2233 2232)
4(1906 1947 2234 2193)
4(1946 2233 2234 1947)
4(2192 2193 2234 2233)
4(1907 1948 2235 2194)
4(1947 2234 2235 1948)
4(2193 2194 2235 2234)
4(1908 1949 2236 2195)
4(1948 2235 2236 1949)
4(2194 2195 2236 2235)
4(1909 1950 2237 2196)
4(1949 2236 2237 1950)
4(2195 2196 2237 2236)
4(1910 1951 2238 2197)
4(1950 2237 2238 1951)
4(2196 2197 2238 2237)
4(1911 1952 2239 2198)
4(1951 2238 2239 1952)
4(2197 2198 2239 2238)
4(1912 1953 2240 2199)
4(1952 2239 2240 1953)
4(2198 2199 2240 2239)
4(1913 1954 2241 2200)
4(1953 2240 2241 1954)
4(2199 2200 2241 2240)
4(1914 1955 2242 2201)
4(1954 2241 2242 1955)
4(2200 2201 2242 2241)
4(1915 1956 2243 2202)
4(1955 2242 2243 1956)
4(2201 2202 2243 2242)
4(1916 1957 2244 2203)
4(1956 2243 2244 1957)
4(2202 2203 2244 2243)
4(1917 1958 2245 2204)
4(1957 2244 2245 1958)
4(2203 2204 2245 2244)
4(1918 1959 2246 2205)
4(1958 2245 2246 1959)
4(2204 2205 2246 2245)
4(1919 1960 2247 2206)
4(1959 2246 2247 1960)
4(2205 2206 2247 2246)
4(1920 1961 2248 2207)
4(1960 2247 2248 1961)
4(2206 2207 2248 2247)
4(1921 1962 2249 2208)
4(1961 2248 2249 1962)
4(2207 2208 2249 2248)
4(1922 1963 2250 2209)
4(1962 2249 2250 1963)
4(2208 2209 2250 2249)
4(1923 1964 2251 2210)
4(1963 2250 2251 1964)
4(2209 2210 2251 2250)
4(1924 1965 2252 2211)
4(1964 2251 2252 1965)
4(2210 2211 2252 2251)
4(1925 1966 2253 2212)
4(1965 2252 2253 1966)
4(2211 2212 2253 2252)
4(1966 2253 2254 1967)
4(2212 2213 2254 2253)
4(1928 1969 2256 2215)
4(2214 2215 2256 2255)
4(1929 1970 2257 2216)
4(2215 2216 2257 2256)
4(1930 1971 2258 2217)
4(2216 2217 2258 2257)
4(1931 1972 2259 2218)
4(2217 2218 2259 2258)
4(1932 1973 2260 2219)
4(2218 2219 2260 2259)
4(1933 1974 2261 2220)
4(2219 2220 2261 2260)
4(1934 1975 2262 2221)
4(2220 2221 2262 2261)
4(1935 1976 2263 2222)
4(2221 2222 2263 2262)
4(1936 1977 2264 2223)
4(2222 2223 2264 2263)
4(1937 1978 2265 2224)
4(2223 2224 2265 2264)
4(1938 1979 2266 2225)
4(2224 2225 2266 2265)
4(1939 1980 2267 2226)
4(2225 2226 2267 2266)
4(1940 1981 2268 2227)
4(2226 2227 2268 2267)
4(1941 1982 2269 2228)
4(2227 2228 2269 2268)
4(1942 1983 2270 2229)
4(2228 2229 2270 2269)
4(1943 1984 2271 2230)
4(2229 2230 2271 2270)
4(1944 1985 2272 2231)
4(2230 2231 2272 2271)
4(1945 1986 2273 2232)
4(2231 2232 2273 2272)
4(1946 1987 2274 2233)
4(2232 2233 2274 2273)
4(1947 1988 2275 2234)
4(2233 2234 2275 2274)
4(1948 1989 2276 2235)
4(2234 2235 2276 2275)
4(1949 1990 2277 2236)
4(2235 2236 2277 2276)
4(1950 1991 2278 2237)
4(2236 2237 2278 2277)
4(1951 1992 2279 2238)
4(2237 2238 2279 2278)
4(1952 1993 2280 2239)
4(2238 2239 2280 2279)
4(1953 1994 2281 2240)
4(2239 2240 2281 2280)
4(1954 1995 2282 2241)
4(2240 2241 2282 2281)
4(1955 1996 2283 2242)
4(2241 2242 2283 2282)
4(1956 1997 2284 2243)
4(2242 2243 2284 2283)
4(1957 1998 2285 2244)
4(2243 2244 2285 2284)
4(1958 1999 2286 2245)
4(2244 2245 2286 2285)
4(1959 2000 2287 2246)
4(2245 2246 2287 2286)
4(1960 2001 2288 2247)
4(2246 2247 2288 2287)
4(1961 2002 2289 2248)
4(2247 2248 2289 2288)
4(1962 2003 2290 2249)
4(2248 2249 2290 2289)
4(1963 2004 2291 2250)
4(2249 2250 2291 2290)
4(1964 2005 2292 2251)
4(2250 2251 2292 2291)
4(1965 2006 2293 2252)
4(2251 2252 2293 2292)
4(1966 2007 2294 2253)
4(2252 2253 2294 2293)
4(2253 2254 2295 2294)
4(2010 2051 2338 2297)
4(2050 2337 2338 2051)
4(2296 2297 2338 2337)
4(2011 2052 2339 2298)
4(2051 2338 2339 2052)
4(2297 2298 2339 2338)
4(2012 2053 2340 2299)
4(2052 2339 2340 2053)
4(2298 2299 2340 2339)
4(2013 2054 2341 2300)
4(2053 2340 2341 2054)
4(2299 2300 2341 2340)
4(2014 2055 2342 2301)
4(2054 2341 2342 2055)
4(2300 2301 2342 2341)
4(2015 2056 2343 2302)
4(2055 2342 2343 2056)
4(2301 2302 2343 2342)
4(2016 2057 2344 2303)
4(2056 2343 2344 2057)
4(2302 2303 2344 2343)
4(2017 2058 2345 2304)
4(2057 2344 2345 2058)
4(2303 2304 2345 2344)
4(2018 2059 2346 2305)
4(2058 2345 2346 2059)
4(2304 2305 2346 2345)
4(2019 2060 2347 2306)
4(2059 2346 2347 2060)
4(2305 2306 2347 2346)
4(2020 2061 2348 2307)
4(2060 2347 2348 2061)
4(2306 2307 2348 2347)
4(2021 2062 2349 2308)
4(2061 2348 2349 2062)
4(2307 2308 2349 2348)
4(2022 2063 2350 2309)
4(2062 2349 2350 2063)
4(2308 2309 2350 2349)
4(2023 2064 2351 2310)
4(2063 2350 2351 2064)
4(2309 2310 2351 2350)
4(2024 2065 2352 2311)
4(2064 2351 2352 2065)
4(2310 2311 2352 2351)
4(2025 2066 2353 2312)
4(2065 2352 2353 2066)
4(2311 2312 2353 2352)
4(2026 2067 2354 2313)
4(2066 2353 2354 2067)
4(2312 2313 2354 2353)
4(2027 2068 2355 2314)
4(2067 2354 2355 2068)
4(2313 2314 2355 2354)
4(2028 2069 2356 2315)
4(2068 2355 2356 2069)
4(2314 2315 2356 2355)
4(2029 2070 2357 2316)
4(2069 2356 2357 2070)
4(2315 2316 2357 2356)
4(2030 2071 2358 2317)
4(2070 2357 2358 2071)
4(2316 2317 2358 2357)
4(2031 2072 2359 2318)
4(2071 2358 2359 2072)
4(2317 2318 2359 2358)
4(2032 2073 2360 2319)
4(2072 2359 2360 2073)
4(2318 2319 2360 2359)
4(2033 2074 2361 2320)
4(2073 2360 2361 2074)
4(2319 2320 2361 2360)
4(2034 2075 2362 2321)
4(2074 2361 2362 2075)
4(2320 2321 2362 2361)
4(2035 2076 2363 2322)
4(2075 2362 2363 2076)
4(2321 2322 2363 2362)
4(2036 2077 2364 2323)
4(2076 2363 2364 2077)
4(2322 2323 2364 2363)
4(2037 2078 2365 2324)
4(2077 2364 2365 2078)
4(2323 2324 2365 2364)
4(2038 2079 2366 2325)
4(2078 2365 2366 2079)
4(2324 2325 2366 2365)
4(2039 2080 2367 2326)
4(2079 2366 2367 2080)
4(2325 2326 2367 2366)
4(2040 2081 2368 2327)
4(2080 2367 2368 2081)
4(2326 2327 2368 2367)
4(2041 2082 2369 2328)
4(2081 2368 2369 2082)
4(2327 2328 2369 2368)
4(2042 2083 2370 2329)
4(2082 2369 2370 2083)
4(2328 2329 2370 2369)
4(2043 2084 2371 2330)
4(2083 2370 2371 2084)
4(2329 2330 2371 2370)
4(2044 2085 2372 2331)
4(2084 2371 2372 2085)
4(2330 2331 2372 2371)
4(2045 2086 2373 2332)
4(2085 2372 2373 2086)
4(2331 2332 2373 2372)
4(2046 2087 2374 2333)
4(2086 2373 2374 2087)
4(2332 2333 2374 2373)
4(2047 2088 2375 2334)
4(2087 2374 2375 2088)
4(2333 2334 2375 2374)
4(2048 2089 2376 2335)
4(2088 2375 2376 2089)
4(2334 2335 2376 2375)
4(2089 2376 2377 2090)
4(2335 2336 2377 2376)
4(2051 2092 2379 2338)
4(2091 2378 2379 2092)
4(2337 2338 2379 2378)
4(2052 2093 2380 2339)
4(2092 2379 2380 2093)
4(2338 2339 2380 2379)
4(2053 2094 2381 2340)
4(2093 2380 2381 2094)
4(2339 2340 2381 2380)
4(2054 2095 2382 2341)
4(2094 2381 2382 2095)
4(2340 2341 2382 2381)
4(2055 2096 2383 2342)
4(2095 2382 2383 2096)
4(2341 2342 2383 2382)
4(2056 2097 2384 2343)
4(2096 2383 2384 2097)
4(2342 2343 2384 2383)
4(2057 2098 2385 2344)
4(2097 2384 2385 2098)
4(2343 2344 2385 2384)
4(2058 2099 2386 2345)
4(2098 2385 2386 2099)
4(2344 2345 2386 2385)
4(2059 2100 2387 2346)
4(2099 2386 2387 2100)
4(2345 2346 2387 2386)
4(2060 2101 2388 2347)
4(2100 2387 2388 2101)
4(2346 2347 2388 2387)
4(2061 2102 2389 2348)
4(2101 2388 2389 2102)
4(2347 2348 2389 2388)
4(2062 2103 2390 2349)
4(2102 2389 2390 2103)
4(2348 2349 2390 2389)
4(2063 2104 2391 2350)
4(2103 2390 2391 2104)
4(2349 2350 2391 2390)
4(2064 2105 2392 2351)
4(2104 2391 2392 2105)
4(2350 2351 2392 2391)
4(2065 2106 2393 2352)
4(2105 2392 2393 2106)
4(2351 2352 2393 2392)
4(2066 2107 2394 2353)
4(2106 2393 2394 2107)
4(2352 2353 2394 2393)
4(2067 2108 2395 2354)
4(2107 2394 2395 2108)
4(2353 2354 2395 2394)
4(2068 2109 2396 2355)
4(2108 2395 2396 2109)
4(2354 2355 2396 2395)
4(2069 2110 2397 2356)
4(2109 2396 2397 2110)
4(2355 2356 2397 2396)
4(2070 2111 2398 2357)
4(2110 2397 2398 2111)
4(2356 2357 2398 2397)
4(2071 2112 2399 2358)
4(2111 2398 2399 2112)
4(2357 2358 2399 2398)
4(2072 2113 2400 2359)
4(2112 2399 2400 2113)
4(2358 2359 2400 2399)
4(2073 2114 2401 2360)
4(2113 2400 2401 2114)
4(2359 2360 2401 2400)
4(2074 2115 2402 2361)
4(2114 2401 2402 2115)
4(2360 2361 2402 2401)
4(2075 2116 2403 2362)
4(2115 2402 2403 2116)
4(2361 2362 2403 2402)
4(2076 2117 2404 2363)
4(2116 2403 2404 2117)
4(2362 2363 2404 2403)
4(2077 2118 2405 2364)
4(2117 2404 2405 2118)
4(2363 2364 2405 2404)
4(2078 2119 2406 2365)
4(2118 2405 2406 2119)
4(2364 2365 2406 2405)
4(2079 2120 2407 2366)
4(2119 2406 2407 2120)
4(2365 2366 2407 2406)
4(2080 2121 2408 2367)
4(2120 2407 2408 2121)
4(2366 2367 2408 2407)
4(2081 2122 2409 2368)
4(2121 2408 2409 2122)
4(2367 2368 2409 2408)
4(2082 2123 2410 2369)
4(2122 2409 2410 2123)
4(2368 2369 2410 2409)
4(2083 2124 2411 2370)
4(2123 2410 2411 2124)
4(2369 2370 2411 2410)
4(2084 2125 2412 2371)
4(2124 2411 2412 2125)
4(2370 2371 2412 2411)
4(2085 2126 2413 2372)
4(2125 2412 2413 2126)
4(2371 2372 2413 2412)
4(2086 2127 2414 2373)
4(2126 2413 2414 2127)
4(2372 2373 2414 2413)
4(2087 2128 2415 2374)
4(2127 2414 2415 2128)
4(2373 2374 2415 2414)
4(2088 2129 2416 2375)
4(2128 2415 2416 2129)
4(2374 2375 2416 2415)
4(2089 2130 2417 2376)
4(2129 2416 2417 2130)
4(2375 2376 2417 2416)
4(2130 2417 2418 2131)
4(2376 2377 2418 2417)
4(2092 2133 2420 2379)
4(2132 2419 2420 2133)
4(2378 2379 2420 2419)
4(2093 2134 2421 2380)
4(2133 2420 2421 2134)
4(2379 2380 2421 2420)
4(2094 2135 2422 2381)
4(2134 2421 2422 2135)
4(2380 2381 2422 2421)
4(2095 2136 2423 2382)
4(2135 2422 2423 2136)
4(2381 2382 2423 2422)
4(2096 2137 2424 2383)
4(2136 2423 2424 2137)
4(2382 2383 2424 2423)
4(2097 2138 2425 2384)
4(2137 2424 2425 2138)
4(2383 2384 2425 2424)
4(2098 2139 2426 2385)
4(2138 2425 2426 2139)
4(2384 2385 2426 2425)
4(2099 2140 2427 2386)
4(2139 2426 2427 2140)
4(2385 2386 2427 2426)
4(2100 2141 2428 2387)
4(2140 2427 2428 2141)
4(2386 2387 2428 2427)
4(2101 2142 2429 2388)
4(2141 2428 2429 2142)
4(2387 2388 2429 2428)
4(2102 2143 2430 2389)
4(2142 2429 2430 2143)
4(2388 2389 2430 2429)
4(2103 2144 2431 2390)
4(2143 2430 2431 2144)
4(2389 2390 2431 2430)
4(2104 2145 2432 2391)
4(2144 2431 2432 2145)
4(2390 2391 2432 2431)
4(2105 2146 2433 2392)
4(2145 2432 2433 2146)
4(2391 2392 2433 2432)
4(2106 2147 2434 2393)
4(2146 2433 2434 2147)
4(2392 2393 2434 2433)
4(2107 2148 2435 2394)
4(2147 2434 2435 2148)
4(2393 2394 2435 2434)
4(2108 2149 2436 2395)
4(2148 2435 2436 2149)
4(2394 2395 2436 2435)
4(2109 2150 2437 2396)
4(2149 2436 2437 2150)
4(2395 2396 2437 2436)
4(2110 2151 2438 2397)
4(2150 2437 2438 2151)
4(2396 2397 2438 2437)
4(2111 2152 2439 2398)
4(2151 2438 2439 2152)
4(2397 2398 2439 2438)
4(2112 2153 2440 2399)
4(2152 2439 2440 2153)
4(2398 2399 2440 2439)
4(2113 2154 2441 2400)
4(2153 2440 2441 2154)
4(2399 2400 2441 2440)
4(2114 2155 2442 2401)
4(2154 2441 2442 2155)
4(2400 2401 2442 2441)
4(2115 2156 2443 2402)
4(2155 2442 2443 2156)
4(2401 2402 2443 2442)
4(2116 2157 2444 2403)
4(2156 2443 2444 2157)
4(2402 2403 2444 2443)
4(2117 2158 2445 2404)
4(2157 2444 2445 2158)
4(2403 2404 2445 2444)
4(2118 2159 2446 2405)
4(2158 2445 2446 2159)
4(2404 2405 2446 2445)
4(2119 2160 2447 2406)
4(2159 2446 2447 2160)
4(2405 2406 2447 2446)
4(2120 2161 2448 2407)
4(2160 2447 2448 2161)
4(2406 2407 2448 2447)
4(2121 2162 2449 2408)
4(2161 2448 2449 2162)
4(2407 2408 2449 2448)
4(2122 2163 2450 2409)
4(2162 2449 2450 2163)
4(2408 2409 2450 2449)
4(2123 2164 2451 2410)
4(2163 2450 2451 2164)
4(2409 2410 2451 2450)
4(2124 2165 2452 2411)
4(2164 2451 2452 2165)
4(2410 2411 2452 2451)
4(2125 2166 2453 2412)
4(2165 2452 2453 2166)
4(2411 2412 2453 2452)
4(2126 2167 2454 2413)
4(2166 2453 2454 2167)
4(2412 2413 2454 2453)
4(2127 2168 2455 2414)
4(2167 2454 2455 2168)
4(2413 2414 2455 2454)
4(2128 2169 2456 2415)
4(2168 2455 2456 2169)
4(2414 2415 2456 2455)
4(2129 2170 2457 2416)
4(2169 2456 2457 2170)
4(2415 2416 2457 2456)
4(2130 2171 2458 2417)
4(2170 2457 2458 2171)
4(2416 2417 2458 2457)
4(2171 2458 2459 2172)
4(2417 2418 2459 2458)
4(2133 2174 2461 2420)
4(2173 2460 2461 2174)
4(2419 2420 2461 2460)
4(2134 2175 2462 2421)
4(2174 2461 2462 2175)
4(2420 2421 2462 2461)
4(2135 2176 2463 2422)
4(2175 2462 2463 2176)
4(2421 2422 2463 2462)
4(2136 2177 2464 2423)
4(2176 2463 2464 2177)
4(2422 2423 2464 2463)
4(2137 2178 2465 2424)
4(2177 2464 2465 2178)
4(2423 2424 2465 2464)
4(2138 2179 2466 2425)
4(2178 2465 2466 2179)
4(2424 2425 2466 2465)
4(2139 2180 2467 2426)
4(2179 2466 2467 2180)
4(2425 2426 2467 2466)
4(2140 2181 2468 2427)
4(2180 2467 2468 2181)
4(2426 2427 2468 2467)
4(2141 2182 2469 2428)
4(2181 2468 2469 2182)
4(2427 2428 2469 2468)
4(2142 2183 2470 2429)
4(2182 2469 2470 2183)
4(2428 2429 2470 2469)
4(2143 2184 2471 2430)
4(2183 2470 2471 2184)
4(2429 2430 2471 2470)
4(2144 2185 2472 2431)
4(2184 2471 2472 2185)
4(2430 2431 2472 2471)
4(2145 2186 2473 2432)
4(2185 2472 2473 2186)
4(2431 2432 2473 2472)
4(2146 2187 2474 2433)
4(2186 2473 2474 2187)
4(2432 2433 2474 2473)
4(2147 2188 2475 2434)
4(2187 2474 2475 2188)
4(2433 2434 2475 2474)
4(2148 2189 2476 2435)
4(2188 2475 2476 2189)
4(2434 2435 2476 2475)
4(2149 2190 2477 2436)
4(2189 2476 2477 2190)
4(2435 2436 2477 2476)
4(2150 2191 2478 2437)
4(2190 2477 2478 2191)
4(2436 2437 2478 2477)
4(2151 2192 2479 2438)
4(2191 2478 2479 2192)
4(2437 2438 2479 2478)
4(2152 2193 2480 2439)
4(2192 2479 2480 2193)
4(2438 2439 2480 2479)
4(2153 2194 2481 2440)
4(2193 2480 2481 2194)
4(2439 2440 2481 2480)
4(2154 2195 2482 2441)
4(2194 2481 2482 2195)
4(2440 2441 2482 2481)
4(2155 2196 2483 2442)
4(2195 2482 2483 2196)
4(2441 2442 2483 2482)
4(2156 2197 2484 2443)
4(2196 2483 2484 2197)
4(2442 2443 2484 2483)
4(2157 2198 2485 2444)
4(2197 2484 2485 2198)
4(2443 2444 2485 2484)
4(2158 2199 2486 2445)
4(2198 2485 2486 2199)
4(2444 2445 2486 2485)
4(2159 2200 2487 2446)
4(2199 2486 2487 2200)
4(2445 2446 2487 2486)
4(2160 2201 2488 2447)
4(2200 2487 2488 2201)
4(2446 2447 2488 2487)
4(2161 2202 2489 2448)
4(2201 2488 2489 2202)
4(2447 2448 2489 2488)
4(2162 2203 2490 2449)
4(2202 2489 2490 2203)
4(2448 2449 2490 2489)
4(2163 2204 2491 2450)
4(2203 2490 2491 2204)
4(2449 2450 2491 2490)
4(2164 2205 2492 2451)
4(2204 2491 2492 2205)
4(2450 2451 2492 2491)
4(2165 2206 2493 2452)
4(2205 2492 2493 2206)
4(2451 2452 2493 2492)
4(2166 2207 2494 2453)
4(2206 2493 2494 2207)
4(2452 2453 2494 2493)
4(2167 2208 2495 2454)
4(2207 2494 2495 2208)
4(2453 2454 2495 2494)
4(2168 2209 2496 2455)
4(2208 2495 2496 2209)
4(2454 2455 2496 2495)
4(2169 2210 2497 2456)
4(2209 2496 2497 2210)
4(2455 2456 2497 2496)
4(2170 2211 2498 2457)
4(2210 2497 2498 2211)
4(2456 2457 2498 2497)
4(2171 2212 2499 2458)
4(2211 2498 2499 2212)
4(2457 2458 2499 2498)
4(2212 2499 2500 2213)
4(2458 2459 2500 2499)
4(2174 2215 2502 2461)
4(2214 2501 2502 2215)
4(2460 2461 2502 2501)
4(2175 2216 2503 2462)
4(2215 2502 2503 2216)
4(2461 2462 2503 2502)
4(2176 2217 2504 2463)
4(2216 2503 2504 2217)
4(2462 2463 2504 2503)
4(2177 2218 2505 2464)
4(2217 2504 2505 2218)
4(2463 2464 2505 2504)
4(2178 2219 2506 2465)
4(2218 2505 2506 2219)
4(2464 2465 2506 2505)
4(2179 2220 2507 2466)
4(2219 2506 2507 2220)
4(2465 2466 2507 2506)
4(2180 2221 2508 2467)
4(2220 2507 2508 2221)
4(2466 2467 2508 2507)
4(2181 2222 2509 2468)
4(2221 2508 2509 2222)
4(2467 2468 2509 2508)
4(2182 2223 2510 2469)
4(2222 2509 2510 2223)
4(2468 2469 2510 2509)
4(2183 2224 2511 2470)
4(2223 2510 2511 2224)
4(2469 2470 2511 2510)
4(2184 2225 2512 2471)
4(2224 2511 2512 2225)
4(2470 2471 2512 2511)
4(2185 2226 2513 2472)
4(2225 2512 2513 2226)
4(2471 2472 2513 2512)
4(2186 2227 2514 2473)
4(2226 2513 2514 2227)
4(2472 2473 2514 2513)
4(2187 2228 2515 2474)
4(2227 2514 2515 2228)
4(2473 2474 2515 2514)
4(2188 2229 2516 2475)
4(2228 2515 2516 2229)
4(2474 2475 2516 2515)
4(2189 2230 2517 2476)
4(2229 2516 2517 2230)
4(2475 2476 2517 2516)
4(2190 2231 2518 2477)
4(2230 2517 2518 2231)
4(2476 2477 2518 2517)
4(2191 2232 2519 2478)
4(2231 2518 2519 2232)
4(2477 2478 2519 2518)
4(2192 2233 2520 2479)
4(2232 2519 2520 2233)
4(2478 2479 2520 2519)
4(2193 2234 2521 2480)
4(2233 2520 2521 2234)
4(2479 2480 2521 2520)
4(2194 2235 2522 2481)
4(2234 2521 2522 2235)
4(2480 2481 2522 2521)
4(2195 2236 2523 2482)
4(2235 2522 2523 2236)
4(2481 2482 2523 2522)
4(2196 2237 2524 2483)
4(2236 2523 2524 2237)
4(2482 2483 2524 2523)
4(2197 2238 2525 2484)
4(2237 2524 2525 2238)
4(2483 2484 2525 2524)
4(2198 2239 2526 2485)
4(2238 2525 2526 2239)
4(2484 2485 2526 2525)
4(2199 2240 2527 2486)
4(2239 2526 2527 2240)
4(2485 2486 2527 2526)
4(2200 2241 2528 2487)
4(2240 2527 2528 2241)
4(2486 2487 2528 2527)
4(2201 2242 2529 2488)
4(2241 2528 2529 2242)
4(2487 2488 2529 2528)
4(2202 2243 2530 2489)
4(2242 2529 2530 2243)
4(2488 2489 2530 2529)
4(2203 2244 2531 2490)
4(2243 2530 2531 2244)
4(2489 2490 2531 2530)
4(2204 2245 2532 2491)
4(2244 2531 2532 2245)
4(2490 2491 2532 2531)
4(2205 2246 2533 2492)
4(2245 2532 2533 2246)
4(2491 2492 2533 2532)
4(2206 2247 2534 2493)
4(2246 2533 2534 2247)
4(2492 2493 2534 2533)
4(2207 2248 2535 2494)
4(2247 2534 2535 2248)
4(2493 2494 2535 2534)
4(2208 2249 2536 2495)
4(2248 2535 2536 2249)
4(2494 2495 2536 2535)
4(2209 2250 2537 2496)
4(2249 2536 2537 2250)
4(2495 2496 2537 2536)
4(2210 2251 2538 2497)
4(2250 2537 2538 2251)
4(2496 2497 2538 2537)
4(2211 2252 2539 2498)
4(2251 2538 2539 2252)
4(2497 2498 2539 2538)
4(2212 2253 2540 2499)
4(2252 2539 2540 2253)
4(2498 2499 2540 2539)
4(2253 2540 2541 2254)
4(2499 2500 2541 2540)
4(2215 2256 2543 2502)
4(2501 2502 2543 2542)
4(2216 2257 2544 2503)
4(2502 2503 2544 2543)
4(2217 2258 2545 2504)
4(2503 2504 2545 2544)
4(2218 2259 2546 2505)
4(2504 2505 2546 2545)
4(2219 2260 2547 2506)
4(2505 2506 2547 2546)
4(2220 2261 2548 2507)
4(2506 2507 2548 2547)
4(2221 2262 2549 2508)
4(2507 2508 2549 2548)
4(2222 2263 2550 2509)
4(2508 2509 2550 2549)
4(2223 2264 2551 2510)
4(2509 2510 2551 2550)
4(2224 2265 2552 2511)
4(2510 2511 2552 2551)
4(2225 2266 2553 2512)
4(2511 2512 2553 2552)
4(2226 2267 2554 2513)
4(2512 2513 2554 2553)
4(2227 2268 2555 2514)
4(2513 2514 2555 2554)
4(2228 2269 2556 2515)
4(2514 2515 2556 2555)
4(2229 2270 2557 2516)
4(2515 2516 2557 2556)
4(2230 2271 2558 2517)
4(2516 2517 2558 2557)
4(2231 2272 2559 2518)
4(2517 2518 2559 2558)
4(2232 2273 2560 2519)
4(2518 2519 2560 2559)
4(2233 2274 2561 2520)
4(2519 2520 2561 2560)
4(2234 2275 2562 2521)
4(2520 2521 2562 2561)
4(2235 2276 2563 2522)
4(2521 2522 2563 2562)
4(2236 2277 2564 2523)
4(2522 2523 2564 2563)
4(2237 2278 2565 2524)
4(2523 2524 2565 2564)
4(2238 2279 2566 2525)
4(2524 2525 2566 2565)
4(2239 2280 2567 2526)
4(2525 2526 2567 2566)
4(2240 2281 2568 2527)
4(2526 2527 2568 2567)
4(2241 2282 2569 2528)
4(2527 2528 2569 2568)
4(2242 2283 2570 2529)
4(2528 2529 2570 2569)
4(2243 2284 2571 2530)
4(2529 2530 2571 2570)
4(2244 2285 2572 2531)
4(2530 2531 2572 2571)
4(2245 2286 2573 2532)
4(2531 2532 2573 2572)
4(2246 2287 2574 2533)
4(2532 2533 2574 2573)
4(2247 2288 2575 2534)
4(2533 2534 2575 2574)
4(2248 2289 2576 2535)
4(2534 2535 2576 2575)
4(2249 2290 2577 2536)
4(2535 2536 2577 2576)
4(2250 2291 2578 2537)
4(2536 2537 2578 2577)
4(2251 2292 2579 2538)
4(2537 2538 2579 2578)
4(2252 2293 2580 2539)
4(2538 2539 2580 2579)
4(2253 2294 2581 2540)
4(2539 2540 2581 2580)
4(2540 2541 2582 2581)
4(2297 2338 2625 2584)
4(2337 2624 2625 2338)
4(2583 2584 2625 2624)
4(2298 2339 2626 2585)
4(2338 2625 2626 2339)
4(2584 2585 2626 2625)
4(2299 2340 2627 2586)
4(2339 2626 2627 2340)
4(2585 2586 2627 2626)
4(2300 2341 2628 2587)
4(2340 2627 2628 2341)
4(2586 2587 2628 2627)
4(2301 2342 2629 2588)
4(2341 2628 2629 2342)
4(2587 2588 2629 2628)
4(2302 2343 2630 2589)
4(2342 2629 2630 2343)
4(2588 2589 2630 2629)
4(2303 2344 2631 2590)
4(2343 2630 2631 2344)
4(2589 2590 2631 2630)
4(2304 2345 2632 2591)
4(2344 2631 2632 2345)
4(2590 2591 2632 2631)
4(2305 2346 2633 2592)
4(2345 2632 2633 2346)
4(2591 2592 2633 2632)
4(2306 2347 2634 2593)
4(2346 2633 2634 2347)
4(2592 2593 2634 2633)
4(2307 2348 2635 2594)
4(2347 2634 2635 2348)
4(2593 2594 2635 2634)
4(2308 2349 2636 2595)
4(2348 2635 2636 2349)
4(2594 2595 2636 2635)
4(2309 2350 2637 2596)
4(2349 2636 2637 2350)
4(2595 2596 2637 2636)
4(2310 2351 2638 2597)
4(2350 2637 2638 2351)
4(2596 2597 2638 2637)
4(2311 2352 2639 2598)
4(2351 2638 2639 2352)
4(2597 2598 2639 2638)
4(2312 2353 2640 2599)
4(2352 2639 2640 2353)
4(2598 2599 2640 2639)
4(2313 2354 2641 2600)
4(2353 2640 2641 2354)
4(2599 2600 2641 2640)
4(2314 2355 2642 2601)
4(2354 2641 2642 2355)
4(2600 2601 2642 2641)
4(2315 2356 2643 2602)
4(2355 2642 2643 2356)
4(2601 2602 2643 2642)
4(2316 2357 2644 2603)
4(2356 2643 2644 2357)
4(2602 2603 2644 2643)
4(2317 2358 2645 2604)
4(2357 2644 2645 2358)
4(2603 2604 2645 2644)
4(2318 2359 2646 2605)
4(2358 2645 2646 2359)
4(2604 2605 2646 2645)
4(2319 2360 2647 2606)
4(2359 2646 2647 2360)
4(2605 2606 2647 2646)
4(2320 2361 2648 2607)
4(2360 2647 2648 2361)
4(2606 2607 2648 2647)
4(2321 2362 2649 2608)
4(2361 2648 2649 2362)
4(2607 2608 2649 2648)
4(2322 2363 2650 2609)
4(2362 2649 2650 2363)
4(2608 2609 2650 2649)
4(2323 2364 2651 2610)
4(2363 2650 2651 2364)
4(2609 2610 2651 2650)
4(2324 2365 2652 2611)
4(2364 2651 2652 2365)
4(2610 2611 2652 2651)
4(2325 2366 2653 2612)
4(2365 2652 2653 2366)
4(2611 2612 2653 2652)
4(2326 2367 2654 2613)
4(2366 2653 2654 2367)
4(2612 2613 2654 2653)
4(2327 2368 2655 2614)
4(2367 2654 2655 2368)
4(2613 2614 2655 2654)
4(2328 2369 2656 2615)
4(2368 2655 2656 2369)
4(2614 2615 2656 2655)
4(2329 2370 2657 2616)
4(2369 2656 2657 2370)
4(2615 2616 2657 2656)
4(2330 2371 2658 2617)
4(2370 2657 2658 2371)
4(2616 2617 2658 2657)
4(2331 2372 2659 2618)
4(2371 2658 2659 2372)
4(2617 2618 2659 2658)
4(2332 2373 2660 2619)
4(2372 2659 2660 2373)
4(2618 2619 2660 2659)
4(2333 2374 2661 2620)
4(2373 2660 2661 2374)
4(2619 2620 2661 2660)
4(2334 2375 2662 2621)
4(2374 2661 2662 2375)
4(2620 2621 2662 2661)
4(2335 2376 2663 2622)
4(2375 2662 2663 2376)
4(2621 2622 2663 2662)
4(2376 2663 2664 2377)
4(2622 2623 2664 2663)
4(2338 2379 2666 2625)
4(2378 2665 2666 2379)
4(2624 2625 2666 2665)
4(2339 2380 2667 2626)
4(2379 2666 2667 2380)
4(2625 2626 2667 2666)
4(2340 2381 2668 2627)
4(2380 2667 2668 2381)
4(2626 2627 2668 2667)
4(2341 2382 2669 2628)
4(2381 2668 2669 2382)
4(2627 2628 2669 2668)
4(2342 2383 2670 2629)
4(2382 2669 2670 2383)
4(2628 2629 2670 2669)
4(2343 2384 2671 2630)
4(2383 2670 2671 2384)
4(2629 2630 2671 2670)
4(2344 2385 2672 2631)
4(2384 2671 2672 2385)
4(2630 2631 2672 2671)
4(2345 2386 2673 2632)
4(2385 2672 2673 2386)
4(2631 2632 2673 2672)
4(2346 2387 2674 2633)
4(2386 2673 2674 2387)
4(2632 2633 2674 2673)
4(2347 2388 2675 2634)
4(2387 2674 2675 2388)
4(2633 2634 2675 2674)
4(2348 2389 2676 2635)
4(2388 2675 2676 2389)
4(2634 2635 2676 2675)
4(2349 2390 2677 2636)
4(2389 2676 2677 2390)
4(2635 2636 2677 2676)
4(2350 2391 2678 2637)
4(2390 2677 2678 2391)
4(2636 2637 2678 2677)
4(2351 2392 2679 2638)
4(2391 2678 2679 2392)
4(2637 2638 2679 2678)
4(2352 2393 2680 2639)
4(2392 2679 2680 2393)
4(2638 2639 2680 2679)
4(2353 2394 2681 2640)
4(2393 2680 2681 2394)
4(2639 2640 2681 2680)
4(2354 2395 2682 2641)
4(2394 2681 2682 2395)
4(2640 2641 2682 2681)
4(2355 2396 2683 2642)
4(2395 2682 2683 2396)
4(2641 2642 2683 2682)
4(2356 2397 2684 2643)
4(2396 2683 2684 2397)
4(2642 2643 2684 2683)
4(2357 2398 2685 2644)
4(2397 2684 2685 2398)
4(2643 2644 2685 2684)
4(2358 2399 2686 2645)
4(2398 2685 2686 2399)
4(2644 2645 2686 2685)
4(2359 2400 2687 2646)
4(2399 2686 2687 2400)
4(2645 2646 2687 2686)
4(2360 2401 2688 2647)
4(2400 2687 2688 2401)
4(2646 2647 2688 2687)
4(2361 2402 2689 2648)
4(2401 2688 2689 2402)
4(2647 2648 2689 2688)
4(2362 2403 2690 2649)
4(2402 2689 2690 2403)
4(2648 2649 2690 2689)
4(2363 2404 2691 2650)
4(2403 2690 2691 2404)
4(2649 2650 2691 2690)
4(2364 2405 2692 2651)
4(2404 2691 2692 2405)
4(2650 2651 2692 2691)
4(2365 2406 2693 2652)
4(2405 2692 2693 2406)
4(2651 2652 2693 2692)
4(2366 2407 2694 2653)
4(2406 2693 2694 2407)
4(2652 2653 2694 2693)
4(2367 2408 2695 2654)
4(2407 2694 2695 2408)
4(2653 2654 2695 2694)
4(2368 2409 2696 2655)
4(2408 2695 2696 2409)
4(2654 2655 2696 2695)
4(2369 2410 2697 2656)
4(2409 2696 2697 2410)
4(2655 2656 2697 2696)
4(2370 2411 2698 2657)
4(2410 2697 2698 2411)
4(2656 2657 2698 2697)
4(2371 2412 2699 2658)
4(2411 2698 2699 2412)
4(2657 2658 2699 2698)
4(2372 2413 2700 2659)
4(2412 2699 2700 2413)
4(2658 2659 2700 2699)
4(2373 2414 2701 2660)
4(2413 2700 2701 2414)
4(2659 2660 2701 2700)
4(2374 2415 2702 2661)
4(2414 2701 2702 2415)
4(2660 2661 2702 2701)
4(2375 2416 2703 2662)
4(2415 2702 2703 2416)
4(2661 2662 2703 2702)
4(2376 2417 2704 2663)
4(2416 2703 2704 2417)
4(2662 2663 2704 2703)
4(2417 2704 2705 2418)
4(2663 2664 2705 2704)
4(2379 2420 2707 2666)
4(2419 2706 2707 2420)
4(2665 2666 2707 2706)
4(2380 2421 2708 2667)
4(2420 2707 2708 2421)
4(2666 2667 2708 2707)
4(2381 2422 2709 2668)
4(2421 2708 2709 2422)
4(2667 2668 2709 2708)
4(2382 2423 2710 2669)
4(2422 2709 2710 2423)
4(2668 2669 2710 2709)
4(2383 2424 2711 2670)
4(2423 2710 2711 2424)
4(2669 2670 2711 2710)
4(2384 2425 2712 2671)
4(2424 2711 2712 2425)
4(2670 2671 2712 2711)
4(2385 2426 2713 2672)
4(2425 2712 2713 2426)
4(2671 2672 2713 2712)
4(2386 2427 2714 2673)
4(2426 2713 2714 2427)
4(2672 2673 2714 2713)
4(2387 2428 2715 2674)
4(2427 2714 2715 2428)
4(2673 2674 2715 2714)
4(2388 2429 2716 2675)
4(2428 2715 2716 2429)
4(2674 2675 2716 2715)
4(2389 2430 2717 2676)
4(2429 2716 2717 2430)
4(2675 2676 2717 2716)
4(2390 2431 2718 2677)
4(2430 2717 2718 2431)
4(2676 2677 2718 2717)
4(2391 2432 2719 2678)
4(2431 2718 2719 2432)
4(2677 2678 2719 2718)
4(2392 2433 2720 2679)
4(2432 2719 2720 2433)
4(2678 2679 2720 2719)
4(2393 2434 2721 2680)
4(2433 2720 2721 2434)
4(2679 2680 2721 2720)
4(2394 2435 2722 2681)
4(2434 2721 2722 2435)
4(2680 2681 2722 2721)
4(2395 2436 2723 2682)
4(2435 2722 2723 2436)
4(2681 2682 2723 2722)
4(2396 2437 2724 2683)
4(2436 2723 2724 2437)
4(2682 2683 2724 2723)
4(2397 2438 2725 2684)
4(2437 2724 2725 2438)
4(2683 2684 2725 2724)
4(2398 2439 2726 2685)
4(2438 2725 2726 2439)
4(2684 2685 2726 2725)
4(2399 2440 2727 2686)
4(2439 2726 2727 2440)
4(2685 2686 2727 2726)
4(2400 2441 2728 2687)
4(2440 2727 2728 2441)
4(2686 2687 2728 2727)
4(2401 2442 2729 2688)
4(2441 2728 2729 2442)
4(2687 2688 2729 2728)
4(2402 2443 2730 2689)
4(2442 2729 2730 2443)
4(2688 2689 2730 2729)
4(2403 2444 2731 2690)
4(2443 2730 2731 2444)
4(2689 2690 2731 2730)
4(2404 2445 2732 2691)
4(2444 2731 2732 2445)
4(2690 2691 2732 2731)
4(2405 2446 2733 2692)
4(2445 2732 2733 2446)
4(2691 2692 2733 2732)
4(2406 2447 2734 2693)
4(2446 2733 2734 2447)
4(2692 2693 2734 2733)
4(2407 2448 2735 2694)
4(2447 2734 2735 2448)
4(2693 2694 2735 2734)
4(2408 2449 2736 2695)
4(2448 2735 2736 2449)
4(2694 2695 2736 2735)
4(2409 2450 2737 2696)
4(2449 2736 2737 2450)
4(2695 2696 2737 2736)
4(2410 2451 2738 2697)
4(2450 2737 2738 2451)
4(2696 2697 2738 2737)
4(2411 2452 2739 2698)
4(2451 2738 2739 2452)
4(2697 2698 2739 2738)
4(2412 2453 2740 2699)
4(2452 2739 2740 2453)
4(2698 2699 2740 2739)
4(2413 2454 2741 2700)
4(2453 2740 2741 2454)
4(2699 2700 2741 2740)
4(2414 2455 2742 2701)
4(2454 2741 2742 2455)
4(2700 2701 2742 2741)
4(2415 2456 2743 2702)
4(2455 2742 2743 2456)
4(2701 2702 2743 2742)
4(2416 2457 2744 2703)
4(2456 2743 2744 2457)
4(2702 2703 2744 2743)
4(2417 2458 2745 2704)
4(2457 2744 2745 2458)
4(2703 2704 2745 2744)
4(2458 2745 2746 2459)
4(2704 2705 2746 2745)
4(2420 2461 2748 2707)
4(2460 2747 2748 2461)
4(2706 2707 2748 2747)
4(2421 2462 2749 2708)
4(2461 2748 2749 2462)
4(2707 2708 2749 2748)
4(2422 2463 2750 2709)
4(2462 2749 2750 2463)
4(2708 2709 2750 2749)
4(2423 2464 2751 2710)
4(2463 2750 2751 2464)
4(2709 2710 2751 2750)
4(2424 2465 2752 2711)
4(2464 2751 2752 2465)
4(2710 2711 2752 2751)
4(2425 2466 2753 2712)
4(2465 2752 2753 2466)
4(2711 2712 2753 2752)
4(2426 2467 2754 2713)
4(2466 2753 2754 2467)
4(2712 2713 2754 2753)
4(2427 2468 2755 2714)
4(2467 2754 2755 2468)
4(2713 2714 2755 2754)
4(2428 2469 2756 2715)
4(2468 2755 2756 2469)
4(2714 2715 2756 2755)
4(2429 2470 2757 2716)
4(2469 2756 2757 2470)
4(2715 2716 2757 2756)
4(2430 2471 2758 2717)
4(2470 2757 2758 2471)
4(2716 2717 2758 2757)
4(2431 2472 2759 2718)
4(2471 2758 2759 2472)
4(2717 2718 2759 2758)
4(2432 2473 2760 2719)
4(2472 2759 2760 2473)
4(2718 2719 2760 2759)
4(2433 2474 2761 2720)
4(2473 2760 2761 2474)
4(2719 2720 2761 2760)
4(2434 2475 2762 2721)
4(2474 2761 2762 2475)
4(2720 2721 2762 2761)
4(2435 2476 2763 2722)
4(2475 2762 2763 2476)
4(2721 2722 2763 2762)
4(2436 2477 2764 2723)
4(2476 2763 2764 2477)
4(2722 2723 2764 2763)
4(2437 2478 2765 2724)
4(2477 2764 2765 2478)
4(2723 2724 2765 2764)
4(2438 2479 2766 2725)
4(2478 2765 2766 2479)
4(2724 2725 2766 2765)
4(2439 2480 2767 2726)
4(2479 2766 2767 2480)
4(2725 2726 2767 2766)
4(2440 2481 2768 2727)
4(2480 2767 2768 2481)
4(2726 2727 2768 2767)
4(2441 2482 2769 2728)
4(2481 2768 2769 2482)
4(2727 2728 2769 2768)
4(2442 2483 2770 2729)
4(2482 2769 2770 2483)
4(2728 2729 2770 2769)
4(2443 2484 2771 2730)
4(2483 2770 2771 2484)
4(2729 2730 2771 2770)
4(2444 2485 2772 2731)
4(2484 2771 2772 2485)
4(2730 2731 2772 2771)
4(2445 2486 2773 2732)
4(2485 2772 2773 2486)
4(2731 2732 2773 2772)
4(2446 2487 2774 2733)
4(2486 2773 2774 2487)
4(2732 2733 2774 2773)
4(2447 2488 2775 2734)
4(2487 2774 2775 2488)
4(2733 2734 2775 2774)
4(2448 2489 2776 2735)
4(2488 2775 2776 2489)
4(2734 2735 2776 2775)
4(2449 2490 2777 2736)
4(2489 2776 2777 2490)
4(2735 2736 2777 2776)
4(2450 2491 2778 2737)
4(2490 2777 2778 2491)
4(2736 2737 2778 2777)
4(2451 2492 2779 2738)
4(2491 2778 2779 2492)
4(2737 2738 2779 2778)
4(2452 2493 2780 2739)
4(2492 2779 2780 2493)
4(2738 2739 2780 2779)
4(2453 2494 2781 2740)
4(2493 2780 2781 2494)
4(2739 2740 2781 2780)
4(2454 2495 2782 2741)
4(2494 2781 2782 2495)
4(2740 2741 2782 2781)
4(2455 2496 2783 2742)
4(2495 2782 2783 2496)
4(2741 2742 2783 2782)
4(2456 2497 2784 2743)
4(2496 2783 2784 2497)
4(2742 2743 2784 2783)
4(2457 2498 2785 2744)
4(2497 2784 2785 2498)
4(2743 2744 2785 2784)
4(2458 2499 2786 2745)
4(2498 2785 2786 2499)
4(2744 2745 2786 2785)
4(2499 2786 2787 2500)
4(2745 2746 2787 2786)
4(2461 2502 2789 2748)
4(2501 2788 2789 2502)
4(2747 2748 2789 2788)
4(2462 2503 2790 2749)
4(2502 2789 2790 2503)
4(2748 2749 2790 2789)
4(2463 2504 2791 2750)
4(2503 2790 2791 2504)
4(2749 2750 2791 2790)
4(2464 2505 2792 2751)
4(2504 2791 2792 2505)
4(2750 2751 2792 2791)
4(2465 2506 2793 2752)
4(2505 2792 2793 2506)
4(2751 2752 2793 2792)
4(2466 2507 2794 2753)
4(2506 2793 2794 2507)
4(2752 2753 2794 2793)
4(2467 2508 2795 2754)
4(2507 2794 2795 2508)
4(2753 2754 2795 2794)
4(2468 2509 2796 2755)
4(2508 2795 2796 2509)
4(2754 2755 2796 2795)
4(2469 2510 2797 2756)
4(2509 2796 2797 2510)
4(2755 2756 2797 2796)
4(2470 2511 2798 2757)
4(2510 2797 2798 2511)
4(2756 2757 2798 2797)
4(2471 2512 2799 2758)
4(2511 2798 2799 2512)
4(2757 2758 2799 2798)
4(2472 2513 2800 2759)
4(2512 2799 2800 2513)
4(2758 2759 2800 2799)
4(2473 2514 2801 2760)
4(2513 2800 2801 2514)
4(2759 2760 2801 2800)
4(2474 2515 2802 2761)
4(2514 2801 2802 2515)
4(2760 2761 2802 2801)
4(2475 2516 2803 2762)
4(2515 2802 2803 2516)
4(2761 2762 2803 2802)
4(2476 2517 2804 2763)
4(2516 2803 2804 2517)
4(2762 2763 2804 2803)
4(2477 2518 2805 2764)
4(2517 2804 2805 2518)
4(2763 2764 2805 2804)
4(2478 2519 2806 2765)
4(2518 2805 2806 2519)
4(2764 2765 2806 2805)
4(2479 2520 2807 2766)
4(2519 2806 2807 2520)
4(2765 2766 2807 2806)
4(2480 2521 2808 2767)
4(2520 2807 2808 2521)
4(2766 2767 2808 2807)
4(2481 2522 2809 2768)
4(2521 2808 2809 2522)
4(2767 2768 2809 2808)
4(2482 2523 2810 2769)
4(2522 2809 2810 2523)
4(2768 2769 2810 2809)
4(2483 2524 2811 2770)
4(2523 2810 2811 2524)
4(2769 2770 2811 2810)
4(2484 2525 2812 2771)
4(2524 2811 2812 2525)
4(2770 2771 2812 2811)
4(2485 2526 2813 2772)
4(2525 2812 2813 2526)
4(2771 2772 2813 2812)
4(2486 2527 2814 2773)
4(2526 2813 2814 2527)
4(2772 2773 2814 2813)
4(2487 2528 2815 2774)
4(2527 2814 2815 2528)
4(2773 2774 2815 2814)
4(2488 2529 2816 2775)
4(2528 2815 2816 2529)
4(2774 2775 2816 2815)
4(2489 2530 2817 2776)
4(2529 2816 2817 2530)
4(2775 2776 2817 2816)
4(2490 2531 2818 2777)
4(2530 2817 2818 2531)
4(2776 2777 2818 2817)
4(2491 2532 2819 2778)
4(2531 2818 2819 2532)
4(2777 2778 2819 2818)
4(2492 2533 2820 2779)
4(2532 2819 2820 2533)
4(2778 2779 2820 2819)
4(2493 2534 2821 2780)
4(2533 2820 2821 2534)
4(2779 2780 2821 2820)
4(2494 2535 2822 2781)
4(2534 2821 2822 2535)
4(2780 2781 2822 2821)
4(2495 2536 2823 2782)
4(2535 2822 2823 2536)
4(2781 2782 2823 2822)
4(2496 2537 2824 2783)
4(2536 2823 2824 2537)
4(2782 2783 2824 2823)
4(2497 2538 2825 2784)
4(2537 2824 2825 2538)
4(2783 2784 2825 2824)
4(2498 2539 2826 2785)
4(2538 2825 2826 2539)
4(2784 2785 2826 2825)
4(2499 2540 2827 2786)
4(2539 2826 2827 2540)
4(2785 2786 2827 2826)
4(2540 2827 2828 2541)
4(2786 2787 2828 2827)
4(2502 2543 2830 2789)
4(2788 2789 2830 2829)
4(2503 2544 2831 2790)
4(2789 2790 2831 2830)
4(2504 2545 2832 2791)
4(2790 2791 2832 2831)
4(2505 2546 2833 2792)
4(2791 2792 2833 2832)
4(2506 2547 2834 2793)
4(2792 2793 2834 2833)
4(2507 2548 2835 2794)
4(2793 2794 2835 2834)
4(2508 2549 2836 2795)
4(2794 2795 2836 2835)
4(2509 2550 2837 2796)
4(2795 2796 2837 2836)
4(2510 2551 2838 2797)
4(2796 2797 2838 2837)
4(2511 2552 2839 2798)
4(2797 2798 2839 2838)
4(2512 2553 2840 2799)
4(2798 2799 2840 2839)
4(2513 2554 2841 2800)
4(2799 2800 2841 2840)
4(2514 2555 2842 2801)
4(2800 2801 2842 2841)
4(2515 2556 2843 2802)
4(2801 2802 2843 2842)
4(2516 2557 2844 2803)
4(2802 2803 2844 2843)
4(2517 2558 2845 2804)
4(2803 2804 2845 2844)
4(2518 2559 2846 2805)
4(2804 2805 2846 2845)
4(2519 2560 2847 2806)
4(2805 2806 2847 2846)
4(2520 2561 2848 2807)
4(2806 2807 2848 2847)
4(2521 2562 2849 2808)
4(2807 2808 2849 2848)
4(2522 2563 2850 2809)
4(2808 2809 2850 2849)
4(2523 2564 2851 2810)
4(2809 2810 2851 2850)
4(2524 2565 2852 2811)
4(2810 2811 2852 2851)
4(2525 2566 2853 2812)
4(2811 2812 2853 2852)
4(2526 2567 2854 2813)
4(2812 2813 2854 2853)
4(2527 2568 2855 2814)
4(2813 2814 2855 2854)
4(2528 2569 2856 2815)
4(2814 2815 2856 2855)
4(2529 2570 2857 2816)
4(2815 2816 2857 2856)
4(2530 2571 2858 2817)
4(2816 2817 2858 2857)
4(2531 2572 2859 2818)
4(2817 2818 2859 2858)
4(2532 2573 2860 2819)
4(2818 2819 2860 2859)
4(2533 2574 2861 2820)
4(2819 2820 2861 2860)
4(2534 2575 2862 2821)
4(2820 2821 2862 2861)
4(2535 2576 2863 2822)
4(2821 2822 2863 2862)
4(2536 2577 2864 2823)
4(2822 2823 2864 2863)
4(2537 2578 2865 2824)
4(2823 2824 2865 2864)
4(2538 2579 2866 2825)
4(2824 2825 2866 2865)
4(2539 2580 2867 2826)
4(2825 2826 2867 2866)
4(2540 2581 2868 2827)
4(2826 2827 2868 2867)
4(2827 2828 2869 2868)
4(2584 2625 2912 2871)
4(2624 2911 2912 2625)
4(2870 2871 2912 2911)
4(2585 2626 2913 2872)
4(2625 2912 2913 2626)
4(2871 2872 2913 2912)
4(2586 2627 2914 2873)
4(2626 2913 2914 2627)
4(2872 2873 2914 2913)
4(2587 2628 2915 2874)
4(2627 2914 2915 2628)
4(2873 2874 2915 2914)
4(2588 2629 2916 2875)
4(2628 2915 2916 2629)
4(2874 2875 2916 2915)
4(2589 2630 2917 2876)
4(2629 2916 2917 2630)
4(2875 2876 2917 2916)
4(2590 2631 2918 2877)
4(2630 2917 2918 2631)
4(2876 2877 2918 2917)
4(2591 2632 2919 2878)
4(2631 2918 2919 2632)
4(2877 2878 2919 2918)
4(2592 2633 2920 2879)
4(2632 2919 2920 2633)
4(2878 2879 2920 2919)
4(2593 2634 2921 2880)
4(2633 2920 2921 2634)
4(2879 2880 2921 2920)
4(2594 2635 2922 2881)
4(2634 2921 2922 2635)
4(2880 2881 2922 2921)
4(2595 2636 2923 2882)
4(2635 2922 2923 2636)
4(2881 2882 2923 2922)
4(2596 2637 2924 2883)
4(2636 2923 2924 2637)
4(2882 2883 2924 2923)
4(2597 2638 2925 2884)
4(2637 2924 2925 2638)
4(2883 2884 2925 2924)
4(2598 2639 2926 2885)
4(2638 2925 2926 2639)
4(2884 2885 2926 2925)
4(2599 2640 2927 2886)
4(2639 2926 2927 2640)
4(2885 2886 2927 2926)
4(2600 2641 2928 2887)
4(2640 2927 2928 2641)
4(2886 2887 2928 2927)
4(2601 2642 2929 2888)
4(2641 2928 2929 2642)
4(2887 2888 2929 2928)
4(2602 2643 2930 2889)
4(2642 2929 2930 2643)
4(2888 2889 2930 2929)
4(2603 2644 2931 2890)
4(2643 2930 2931 2644)
4(2889 2890 2931 2930)
4(2604 2645 2932 2891)
4(2644 2931 2932 2645)
4(2890 2891 2932 2931)
4(2605 2646 2933 2892)
4(2645 2932 2933 2646)
4(2891 2892 2933 2932)
4(2606 2647 2934 2893)
4(2646 2933 2934 2647)
4(2892 2893 2934 2933)
4(2607 2648 2935 2894)
4(2647 2934 2935 2648)
4(2893 2894 2935 2934)
4(2608 2649 2936 2895)
4(2648 2935 2936 2649)
4(2894 2895 2936 2935)
4(2609 2650 2937 2896)
4(2649 2936 2937 2650)
4(2895 2896 2937 2936)
4(2610 2651 2938 2897)
4(2650 2937 2938 2651)
4(2896 2897 2938 2937)
4(2611 2652 2939 2898)
4(2651 2938 2939 2652)
4(2897 2898 2939 2938)
4(2612 2653 2940 2899)
4(2652 2939 2940 2653)
4(2898 2899 2940 2939)
4(2613 2654 2941 2900)
4(2653 2940 2941 2654)
4(2899 2900 2941 2940)
4(2614 2655 2942 2901)
4(2654 2941 2942 2655)
4(2900 2901 2942 2941)
4(2615 2656 2943 2902)
4(2655 2942 2943 2656)
4(2901 2902 2943 2942)
4(2616 2657 2944 2903)
4(2656 2943 2944 2657)
4(2902 2903 2944 2943)
4(2617 2658 2945 2904)
4(2657 2944 2945 2658)
4(2903 2904 2945 2944)
4(2618 2659 2946 2905)
4(2658 2945 2946 2659)
4(2904 2905 2946 2945)
4(2619 2660 2947 2906)
4(2659 2946 2947 2660)
4(2905 2906 2947 2946)
4(2620 2661 2948 2907)
4(2660 2947 2948 2661)
4(2906 2907 2948 2947)
4(2621 2662 2949 2908)
4(2661 2948 2949 2662)
4(2907 2908 2949 2948)
4(2622 2663 2950 2909)
4(2662 2949 2950 2663)
4(2908 2909 2950 2949)
4(2663 2950 2951 2664)
4(2909 2910 2951 2950)
4(2625 2666 2953 2912)
4(2665 2952 2953 2666)
4(2911 2912 2953 2952)
4(2626 2667 2954 2913)
4(2666 2953 2954 2667)
4(2912 2913 2954 2953)
4(2627 2668 2955 2914)
4(2667 2954 2955 2668)
4(2913 2914 2955 2954)
4(2628 2669 2956 2915)
4(2668 2955 2956 2669)
4(2914 2915 2956 2955)
4(2629 2670 2957 2916)
4(2669 2956 2957 2670)
4(2915 2916 2957 2956)
4(2630 2671 2958 2917)
4(2670 2957 2958 2671)
4(2916 2917 2958 2957)
4(2631 2672 2959 2918)
4(2671 2958 2959 2672)
4(2917 2918 2959 2958)
4(2632 2673 2960 2919)
4(2672 2959 2960 2673)
4(2918 2919 2960 2959)
4(2633 2674 2961 2920)
4(2673 2960 2961 2674)
4(2919 2920 2961 2960)
4(2634 2675 2962 2921)
4(2674 2961 2962 2675)
4(2920 2921 2962 2961)
4(2635 2676 2963 2922)
4(2675 2962 2963 2676)
4(2921 2922 2963 2962)
4(2636 2677 2964 2923)
4(2676 2963 2964 2677)
4(2922 2923 2964 2963)
4(2637 2678 2965 2924)
4(2677 2964 2965 2678)
4(2923 2924 2965 2964)
4(2638 2679 2966 2925)
4(2678 2965 2966 2679)
4(2924 2925 2966 2965)
4(2639 2680 2967 2926)
4(2679 2966 2967 2680)
4(2925 2926 2967 2966)
4(2640 2681 2968 2927)
4(2680 2967 2968 2681)
4(2926 2927 2968 2967)
4(2641 2682 2969 2928)
4(2681 2968 2969 2682)
4(2927 2928 2969 2968)
4(2642 2683 2970 2929)
4(2682 2969 2970 2683)
4(2928 2929 2970 2969)
4(2643 2684 2971 2930)
4(2683 2970 2971 2684)
4(2929 2930 2971 2970)
4(2644 2685 2972 2931)
4(2684 2971 2972 2685)
4(2930 2931 2972 2971)
4(2645 2686 2973 2932)
4(2685 2972 2973 2686)
4(2931 2932 2973 2972)
4(2646 2687 2974 2933)
4(2686 2973 2974 2687)
4(2932 2933 2974 2973)
4(2647 2688 2975 2934)
4(2687 2974 2975 2688)
4(2933 2934 2975 2974)
4(2648 2689 2976 2935)
4(2688 2975 2976 2689)
4(2934 2935 2976 2975)
4(2649 2690 2977 2936)
4(2689 2976 2977 2690)
4(2935 2936 2977 2976)
4(2650 2691 2978 2937)
4(2690 2977 2978 2691)
4(2936 2937 2978 2977)
4(2651 2692 2979 2938)
4(2691 2978 2979 2692)
4(2937 2938 2979 2978)
4(2652 2693 2980 2939)
4(2692 2979 2980 2693)
4(2938 2939 2980 2979)
4(2653 2694 2981 2940)
4(2693 2980 2981 2694)
4(2939 2940 2981 2980)
4(2654 2695 2982 2941)
4(2694 2981 2982 2695)
4(2940 2941 2982 2981)
4(2655 2696 2983 2942)
4(2695 2982 2983 2696)
4(2941 2942 2983 2982)
4(2656 2697 2984 2943)
4(2696 2983 2984 2697)
4(2942 2943 2984 2983)
4(2657 2698 2985 2944)
4(2697 2984 2985 2698)
4(2943 2944 2985 2984)
4(2658 2699 2986 2945)
4(2698 2985 2986 2699)
4(2944 2945 2986 2985)
4(2659 2700 2987 2946)
4(2699 2986 2987 2700)
4(2945 2946 2987 2986)
4(2660 2701 2988 2947)
4(2700 2987 2988 2701)
4(2946 2947 2988 2987)
4(2661 2702 2989 2948)
4(2701 2988 2989 2702)
4(2947 2948 2989 2988)
4(2662 2703 2990 2949)
4(2702 2989 2990 2703)
4(2948 2949 2990 2989)
4(2663 2704 2991 2950)
4(2703 2990 2991 2704)
4(2949 2950 2991 2990)
4(2704 2991 2992 2705)
4(2950 2951 2992 2991)
4(2666 2707 2994 2953)
4(2706 2993 2994 2707)
4(2952 2953 2994 2993)
4(2667 2708 2995 2954)
4(2707 2994 2995 2708)
4(2953 2954 2995 2994)
4(2668 2709 2996 2955)
4(2708 2995 2996 2709)
4(2954 2955 2996 2995)
4(2669 2710 2997 2956)
4(2709 2996 2997 2710)
4(2955 2956 2997 2996)
4(2670 2711 2998 2957)
4(2710 2997 2998 2711)
4(2956 2957 2998 2997)
4(2671 2712 2999 2958)
4(2711 2998 2999 2712)
4(2957 2958 2999 2998)
4(2672 2713 3000 2959)
4(2712 2999 3000 2713)
4(2958 2959 3000 2999)
4(2673 2714 3001 2960)
4(2713 3000 3001 2714)
4(2959 2960 3001 3000)
4(2674 2715 3002 2961)
4(2714 3001 3002 2715)
4(2960 2961 3002 3001)
4(2675 2716 3003 2962)
4(2715 3002 3003 2716)
4(2961 2962 3003 3002)
4(2676 2717 3004 2963)
4(2716 3003 3004 2717)
4(2962 2963 3004 3003)
4(2677 2718 3005 2964)
4(2717 3004 3005 2718)
4(2963 2964 3005 3004)
4(2678 2719 3006 2965)
4(2718 3005 3006 2719)
4(2964 2965 3006 3005)
4(2679 2720 3007 2966)
4(2719 3006 3007 2720)
4(2965 2966 3007 3006)
4(2680 2721 3008 2967)
4(2720 3007 3008 2721)
4(2966 2967 3008 3007)
4(2681 2722 3009 2968)
4(2721 3008 3009 2722)
4(2967 2968 3009 3008)
4(2682 2723 3010 2969)
4(2722 3009 3010 2723)
4(2968 2969 3010 3009)
4(2683 2724 3011 2970)
4(2723 3010 3011 2724)
4(2969 2970 3011 3010)
4(2684 2725 3012 2971)
4(2724 3011 3012 2725)
4(2970 2971 3012 3011)
4(2685 2726 3013 2972)
4(2725 3012 3013 2726)
4(2971 2972 3013 3012)
4(2686 2727 3014 2973)
4(2726 3013 3014 2727)
4(2972 2973 3014 3013)
4(2687 2728 3015 2974)
4(2727 3014 3015 2728)
4(2973 2974 3015 3014)
4(2688 2729 3016 2975)
4(2728 3015 3016 2729)
4(2974 2975 3016 3015)
4(2689 2730 3017 2976)
4(2729 3016 3017 2730)
4(2975 2976 3017 3016)
4(2690 2731 3018 2977)
4(2730 3017 3018 2731)
4(2976 2977 3018 3017)
4(2691 2732 3019 2978)
4(2731 3018 3019 2732)
4(2977 2978 3019 3018)
4(2692 2733 3020 2979)
4(2732 3019 3020 2733)
4(2978 2979 3020 3019)
4(2693 2734 3021 2980)
4(2733 3020 3021 2734)
4(2979 2980 3021 3020)
4(2694 2735 3022 2981)
4(2734 3021 3022 2735)
4(2980 2981 3022 3021)
4(2695 2736 3023 2982)
4(2735 3022 3023 2736)
4(2981 2982 3023 3022)
4(2696 2737 3024 2983)
4(2736 3023 3024 2737)
4(2982 2983 3024 3023)
4(2697 2738 3025 2984)
4(2737 3024 3025 2738)
4(2983 2984 3025 3024)
4(2698 2739 3026 2985)
4(2738 3025 3026 2739)
4(2984 2985 3026 3025)
4(2699 2740 3027 2986)
4(2739 3026 3027 2740)
4(2985 2986 3027 3026)
4(2700 2741 3028 2987)
4(2740 3027 3028 2741)
4(2986 2987 3028 3027)
4(2701 2742 3029 2988)
4(2741 3028 3029 2742)
4(2987 2988 3029 3028)
4(2702 2743 3030 2989)
4(2742 3029 3030 2743)
4(2988 2989 3030 3029)
4(2703 2744 3031 2990)
4(2743 3030 3031 2744)
4(2989 2990 3031 3030)
4(2704 2745 3032 2991)
4(2744 3031 3032 2745)
4(2990 2991 3032 3031)
4(2745 3032 3033 2746)
4(2991 2992 3033 3032)
4(2707 2748 3035 2994)
4(2747 3034 3035 2748)
4(2993 2994 3035 3034)
4(2708 2749 3036 2995)
4(2748 3035 3036 2749)
4(2994 2995 3036 3035)
4(2709 2750 3037 2996)
4(2749 3036 3037 2750)
4(2995 2996 3037 3036)
4(2710 2751 3038 2997)
4(2750 3037 3038 2751)
4(2996 2997 3038 3037)
4(2711 2752 3039 2998)
4(2751 3038 3039 2752)
4(2997 2998 3039 3038)
4(2712 2753 3040 2999)
4(2752 3039 3040 2753)
4(2998 2999 3040 3039)
4(2713 2754 3041 3000)
4(2753 3040 3041 2754)
4(2999 3000 3041 3040)
4(2714 2755 3042 3001)
4(2754 3041 3042 2755)
4(3000 3001 3042 3041)
4(2715 2756 3043 3002)
4(2755 3042 3043 2756)
4(3001 3002 3043 3042)
4(2716 2757 3044 3003)
4(2756 3043 3044 2757)
4(3002 3003 3044 3043)
4(2717 2758 3045 3004)
4(2757 3044 3045 2758)
4(3003 3004 3045 3044)
4(2718 2759 3046 3005)
4(2758 3045 3046 2759)
4(3004 3005 3046 3045)
4(2719 2760 3047 3006)
4(2759 3046 3047 2760)
4(3005 3006 3047 3046)
4(2720 2761 3048 3007)
4(2760 3047 3048 2761)
4(3006 3007 3048 3047)
4(2721 2762 3049 3008)
4(2761 3048 3049 2762)
4(3007 3008 3049 3048)
4(2722 2763 3050 3009)
4(2762 3049 3050 2763)
4(3008 3009 3050 3049)
4(2723 2764 3051 3010)
4(2763 3050 3051 2764)
4(3009 3010 3051 3050)
4(2724 2765 3052 3011)
4(2764 3051 3052 2765)
4(3010 3011 3052 3051)
4(2725 2766 3053 3012)
4(2765 3052 3053 2766)
4(3011 3012 3053 3052)
4(2726 2767 3054 3013)
4(2766 3053 3054 2767)
4(3012 3013 3054 3053)
4(2727 2768 3055 3014)
4(2767 3054 3055 2768)
4(3013 3014 3055 3054)
4(2728 2769 3056 3015)
4(2768 3055 3056 2769)
4(3014 3015 3056 3055)
4(2729 2770 3057 3016)
4(2769 3056 3057 2770)
4(3015 3016 3057 3056)
4(2730 2771 3058 3017)
4(2770 3057 3058 2771)
4(3016 3017 3058 3057)
4(2731 2772 3059 3018)
4(2771 3058 3059 2772)
4(3017 3018 3059 3058)
4(2732 2773 3060 3019)
4(2772 3059 3060 2773)
4(3018 3019 3060 3059)
4(2733 2774 3061 3020)
4(2773 3060 3061 2774)
4(3019 3020 3061 3060)
4(2734 2775 3062 3021)
4(2774 3061 3062 2775)
4(3020 3021 3062 3061)
4(2735 2776 3063 3022)
4(2775 3062 3063 2776)
4(3021 3022 3063 3062)
4(2736 2777 3064 3023)
4(2776 3063 3064 2777)
4(3022 3023 3064 3063)
4(2737 2778 3065 3024)
4(2777 3064 3065 2778)
4(3023 3024 3065 3064)
4(2738 2779 3066 3025)
4(2778 3065 3066 2779)
4(3024 3025 3066 3065)
4(2739 2780 3067 3026)
4(2779 3066 3067 2780)
4(3025 3026 3067 3066)
4(2740 2781 3068 3027)
4(2780 3067 3068 2781)
4(3026 3027 3068 3067)
4(2741 2782 3069 3028)
4(2781 3068 3069 2782)
4(3027 3028 3069 3068)
4(2742 2783 3070 3029)
4(2782 3069 3070 2783)
4(3028 3029 3070 3069)
4(2743 2784 3071 3030)
4(2783 3070 3071 2784)
4(3029 3030 3071 3070)
4(2744 2785 3072 3031)
4(2784 3071 3072 2785)
4(3030 3031 3072 3071)
4(2745 2786 3073 3032)
4(2785 3072 3073 2786)
4(3031 3032 3073 3072)
4(2786 3073 3074 2787)
4(3032 3033 3074 3073)
4(2748 2789 3076 3035)
4(2788 3075 3076 2789)
4(3034 3035 3076 3075)
4(2749 2790 3077 3036)
4(2789 3076 3077 2790)
4(3035 3036 3077 3076)
4(2750 2791 3078 3037)
4(2790 3077 3078 2791)
4(3036 3037 3078 3077)
4(2751 2792 3079 3038)
4(2791 3078 3079 2792)
4(3037 3038 3079 3078)
4(2752 2793 3080 3039)
4(2792 3079 3080 2793)
4(3038 3039 3080 3079)
4(2753 2794 3081 3040)
4(2793 3080 3081 2794)
4(3039 3040 3081 3080)
4(2754 2795 3082 3041)
4(2794 3081 3082 2795)
4(3040 3041 3082 3081)
4(2755 2796 3083 3042)
4(2795 3082 3083 2796)
4(3041 3042 3083 3082)
4(2756 2797 3084 3043)
4(2796 3083 3084 2797)
4(3042 3043 3084 3083)
4(2757 2798 3085 3044)
4(2797 3084 3085 2798)
4(3043 3044 3085 3084)
4(2758 2799 3086 3045)
4(2798 3085 3086 2799)
4(3044 3045 3086 3085)
4(2759 2800 3087 3046)
4(2799 3086 3087 2800)
4(3045 3046 3087 3086)
4(2760 2801 3088 3047)
4(2800 3087 3088 2801)
4(3046 3047 3088 3087)
4(2761 2802 3089 3048)
4(2801 3088 3089 2802)
4(3047 3048 3089 3088)
4(2762 2803 3090 3049)
4(2802 3089 3090 2803)
4(3048 3049 3090 3089)
4(2763 2804 3091 3050)
4(2803 3090 3091 2804)
4(3049 3050 3091 3090)
4(2764 2805 3092 3051)
4(2804 3091 3092 2805)
4(3050 3051 3092 3091)
4(2765 2806 3093 3052)
4(2805 3092 3093 2806)
4(3051 3052 3093 3092)
4(2766 2807 3094 3053)
4(2806 3093 3094 2807)
4(3052 3053 3094 3093)
4(2767 2808 3095 3054)
4(2807 3094 3095 2808)
4(3053 3054 3095 3094)
4(2768 2809 3096 3055)
4(2808 3095 3096 2809)
4(3054 3055 3096 3095)
4(2769 2810 3097 3056)
4(2809 3096 3097 2810)
4(3055 3056 3097 3096)
4(2770 2811 3098 3057)
4(2810 3097 3098 2811)
4(3056 3057 3098 3097)
4(2771 2812 3099 3058)
4(2811 3098 3099 2812)
4(3057 3058 3099 3098)
4(2772 2813 3100 3059)
4(2812 3099 3100 2813)
4(3058 3059 3100 3099)
4(2773 2814 3101 3060)
4(2813 3100 3101 2814)
4(3059 3060 3101 3100)
4(2774 2815 3102 3061)
4(2814 3101 3102 2815)
4(3060 3061 3102 3101)
4(2775 2816 3103 3062)
4(2815 3102 3103 2816)
4(3061 3062 3103 3102)
4(2776 2817 3104 3063)
4(2816 3103 3104 2817)
4(3062 3063 3104 3103)
4(2777 2818 3105 3064)
4(2817 3104 3105 2818)
4(3063 3064 3105 3104)
4(2778 2819 3106 3065)
4(2818 3105 3106 2819)
4(3064 3065 3106 3105)
4(2779 2820 3107 3066)
4(2819 3106 3107 2820)
4(3065 3066 3107 3106)
4(2780 2821 3108 3067)
4(2820 3107 3108 2821)
4(3066 3067 3108 3107)
4(2781 2822 3109 3068)
4(2821 3108 3109 2822)
4(3067 3068 3109 3108)
4(2782 2823 3110 3069)
4(2822 3109 3110 2823)
4(3068 3069 3110 3109)
4(2783 2824 3111 3070)
4(2823 3110 3111 2824)
4(3069 3070 3111 3110)
4(2784 2825 3112 3071)
4(2824 3111 3112 2825)
4(3070 3071 3112 3111)
4(2785 2826 3113 3072)
4(2825 3112 3113 2826)
4(3071 3072 3113 3112)
4(2786 2827 3114 3073)
4(2826 3113 3114 2827)
4(3072 3073 3114 3113)
4(2827 3114 3115 2828)
4(3073 3074 3115 3114)
4(2789 2830 3117 3076)
4(3075 3076 3117 3116)
4(2790 2831 3118 3077)
4(3076 3077 3118 3117)
4(2791 2832 3119 3078)
4(3077 3078 3119 3118)
4(2792 2833 3120 3079)
4(3078 3079 3120 3119)
4(2793 2834 3121 3080)
4(3079 3080 3121 3120)
4(2794 2835 3122 3081)
4(3080 3081 3122 3121)
4(2795 2836 3123 3082)
4(3081 3082 3123 3122)
4(2796 2837 3124 3083)
4(3082 3083 3124 3123)
4(2797 2838 3125 3084)
4(3083 3084 3125 3124)
4(2798 2839 3126 3085)
4(3084 3085 3126 3125)
4(2799 2840 3127 3086)
4(3085 3086 3127 3126)
4(2800 2841 3128 3087)
4(3086 3087 3128 3127)
4(2801 2842 3129 3088)
4(3087 3088 3129 3128)
4(2802 2843 3130 3089)
4(3088 3089 3130 3129)
4(2803 2844 3131 3090)
4(3089 3090 3131 3130)
4(2804 2845 3132 3091)
4(3090 3091 3132 3131)
4(2805 2846 3133 3092)
4(3091 3092 3133 3132)
4(2806 2847 3134 3093)
4(3092 3093 3134 3133)
4(2807 2848 3135 3094)
4(3093 3094 3135 3134)
4(2808 2849 3136 3095)
4(3094 3095 3136 3135)
4(2809 2850 3137 3096)
4(3095 3096 3137 3136)
4(2810 2851 3138 3097)
4(3096 3097 3138 3137)
4(2811 2852 3139 3098)
4(3097 3098 3139 3138)
4(2812 2853 3140 3099)
4(3098 3099 3140 3139)
4(2813 2854 3141 3100)
4(3099 3100 3141 3140)
4(2814 2855 3142 3101)
4(3100 3101 3142 3141)
4(2815 2856 3143 3102)
4(3101 3102 3143 3142)
4(2816 2857 3144 3103)
4(3102 3103 3144 3143)
4(2817 2858 3145 3104)
4(3103 3104 3145 3144)
4(2818 2859 3146 3105)
4(3104 3105 3146 3145)
4(2819 2860 3147 3106)
4(3105 3106 3147 3146)
4(2820 2861 3148 3107)
4(3106 3107 3148 3147)
4(2821 2862 3149 3108)
4(3107 3108 3149 3148)
4(2822 2863 3150 3109)
4(3108 3109 3150 3149)
4(2823 2864 3151 3110)
4(3109 3110 3151 3150)
4(2824 2865 3152 3111)
4(3110 3111 3152 3151)
4(2825 2866 3153 3112)
4(3111 3112 3153 3152)
4(2826 2867 3154 3113)
4(3112 3113 3154 3153)
4(2827 2868 3155 3114)
4(3113 3114 3155 3154)
4(3114 3115 3156 3155)
4(2871 2912 3199 3158)
4(2911 3198 3199 2912)
4(3157 3158 3199 3198)
4(2872 2913 3200 3159)
4(2912 3199 3200 2913)
4(3158 3159 3200 3199)
4(2873 2914 3201 3160)
4(2913 3200 3201 2914)
4(3159 3160 3201 3200)
4(2874 2915 3202 3161)
4(2914 3201 3202 2915)
4(3160 3161 3202 3201)
4(2875 2916 3203 3162)
4(2915 3202 3203 2916)
4(3161 3162 3203 3202)
4(2876 2917 3204 3163)
4(2916 3203 3204 2917)
4(3162 3163 3204 3203)
4(2877 2918 3205 3164)
4(2917 3204 3205 2918)
4(3163 3164 3205 3204)
4(2878 2919 3206 3165)
4(2918 3205 3206 2919)
4(3164 3165 3206 3205)
4(2879 2920 3207 3166)
4(2919 3206 3207 2920)
4(3165 3166 3207 3206)
4(2880 2921 3208 3167)
4(2920 3207 3208 2921)
4(3166 3167 3208 3207)
4(2881 2922 3209 3168)
4(2921 3208 3209 2922)
4(3167 3168 3209 3208)
4(2882 2923 3210 3169)
4(2922 3209 3210 2923)
4(3168 3169 3210 3209)
4(2883 2924 3211 3170)
4(2923 3210 3211 2924)
4(3169 3170 3211 3210)
4(2884 2925 3212 3171)
4(2924 3211 3212 2925)
4(3170 3171 3212 3211)
4(2885 2926 3213 3172)
4(2925 3212 3213 2926)
4(3171 3172 3213 3212)
4(2886 2927 3214 3173)
4(2926 3213 3214 2927)
4(3172 3173 3214 3213)
4(2887 2928 3215 3174)
4(2927 3214 3215 2928)
4(3173 3174 3215 3214)
4(2888 2929 3216 3175)
4(2928 3215 3216 2929)
4(3174 3175 3216 3215)
4(2889 2930 3217 3176)
4(2929 3216 3217 2930)
4(3175 3176 3217 3216)
4(2890 2931 3218 3177)
4(2930 3217 3218 2931)
4(3176 3177 3218 3217)
4(2891 2932 3219 3178)
4(2931 3218 3219 2932)
4(3177 3178 3219 3218)
4(2892 2933 3220 3179)
4(2932 3219 3220 2933)
4(3178 3179 3220 3219)
4(2893 2934 3221 3180)
4(2933 3220 3221 2934)
4(3179 3180 3221 3220)
4(2894 2935 3222 3181)
4(2934 3221 3222 2935)
4(3180 3181 3222 3221)
4(2895 2936 3223 3182)
4(2935 3222 3223 2936)
4(3181 3182 3223 3222)
4(2896 2937 3224 3183)
4(2936 3223 3224 2937)
4(3182 3183 3224 3223)
4(2897 2938 3225 3184)
4(2937 3224 3225 2938)
4(3183 3184 3225 3224)
4(2898 2939 3226 3185)
4(2938 3225 3226 2939)
4(3184 3185 3226 3225)
4(2899 2940 3227 3186)
4(2939 3226 3227 2940)
4(3185 3186 3227 3226)
4(2900 2941 3228 3187)
4(2940 3227 3228 2941)
4(3186 3187 3228 3227)
4(2901 2942 3229 3188)
4(2941 3228 3229 2942)
4(3187 3188 3229 3228)
4(2902 2943 3230 3189)
4(2942 3229 3230 2943)
4(3188 3189 3230 3229)
4(2903 2944 3231 3190)
4(2943 3230 3231 2944)
4(3189 3190 3231 3230)
4(2904 2945 3232 3191)
4(2944 3231 3232 2945)
4(3190 3191 3232 3231)
4(2905 2946 3233 3192)
4(2945 3232 3233 2946)
4(3191 3192 3233 3232)
4(2906 2947 3234 3193)
4(2946 3233 3234 2947)
4(3192 3193 3234 3233)
4(2907 2948 3235 3194)
4(2947 3234 3235 2948)
4(3193 3194 3235 3234)
4(2908 2949 3236 3195)
4(2948 3235 3236 2949)
4(3194 3195 3236 3235)
4(2909 2950 3237 3196)
4(2949 3236 3237 2950)
4(3195 3196 3237 3236)
4(2950 3237 3238 2951)
4(3196 3197 3238 3237)
4(2912 2953 3240 3199)
4(2952 3239 3240 2953)
4(3198 3199 3240 3239)
4(2913 2954 3241 3200)
4(2953 3240 3241 2954)
4(3199 3200 3241 3240)
4(2914 2955 3242 3201)
4(2954 3241 3242 2955)
4(3200 3201 3242 3241)
4(2915 2956 3243 3202)
4(2955 3242 3243 2956)
4(3201 3202 3243 3242)
4(2916 2957 3244 3203)
4(2956 3243 3244 2957)
4(3202 3203 3244 3243)
4(2917 2958 3245 3204)
4(2957 3244 3245 2958)
4(3203 3204 3245 3244)
4(2918 2959 3246 3205)
4(2958 3245 3246 2959)
4(3204 3205 3246 3245)
4(2919 2960 3247 3206)
4(2959 3246 3247 2960)
4(3205 3206 3247 3246)
4(2920 2961 3248 3207)
4(2960 3247 3248 2961)
4(3206 3207 3248 3247)
4(2921 2962 3249 3208)
4(2961 3248 3249 2962)
4(3207 3208 3249 3248)
4(2922 2963 3250 3209)
4(2962 3249 3250 2963)
4(3208 3209 3250 3249)
4(2923 2964 3251 3210)
4(2963 3250 3251 2964)
4(3209 3210 3251 3250)
4(2924 2965 3252 3211)
4(2964 3251 3252 2965)
4(3210 3211 3252 3251)
4(2925 2966 3253 3212)
4(2965 3252 3253 2966)
4(3211 3212 3253 3252)
4(2926 2967 3254 3213)
4(2966 3253 3254 2967)
4(3212 3213 3254 3253)
4(2927 2968 3255 3214)
4(2967 3254 3255 2968)
4(3213 3214 3255 3254)
4(2928 2969 3256 3215)
4(2968 3255 3256 2969)
4(3214 3215 3256 3255)
4(2929 2970 3257 3216)
4(2969 3256 3257 2970)
4(3215 3216 3257 3256)
4(2930 2971 3258 3217)
4(2970 3257 3258 2971)
4(3216 3217 3258 3257)
4(2931 2972 3259 3218)
4(2971 3258 3259 2972)
4(3217 3218 3259 3258)
4(2932 2973 3260 3219)
4(2972 3259 3260 2973)
4(3218 3219 3260 3259)
4(2933 2974 3261 3220)
4(2973 3260 3261 2974)
4(3219 3220 3261 3260)
4(2934 2975 3262 3221)
4(2974 3261 3262 2975)
4(3220 3221 3262 3261)
4(2935 2976 3263 3222)
4(2975 3262 3263 2976)
4(3221 3222 3263 3262)
4(2936 2977 3264 3223)
4(2976 3263 3264 2977)
4(3222 3223 3264 3263)
4(2937 2978 3265 3224)
4(2977 3264 3265 2978)
4(3223 3224 3265 3264)
4(2938 2979 3266 3225)
4(2978 3265 3266 2979)
4(3224 3225 3266 3265)
4(2939 2980 3267 3226)
4(2979 3266 3267 2980)
4(3225 3226 3267 3266)
4(2940 2981 3268 3227)
4(2980 3267 3268 2981)
4(3226 3227 3268 3267)
4(2941 2982 3269 3228)
4(2981 3268 3269 2982)
4(3227 3228 3269 3268)
4(2942 2983 3270 3229)
4(2982 3269 3270 2983)
4(3228 3229 3270 3269)
4(2943 2984 3271 3230)
4(2983 3270 3271 2984)
4(3229 3230 3271 3270)
4(2944 2985 3272 3231)
4(2984 3271 3272 2985)
4(3230 3231 3272 3271)
4(2945 2986 3273 3232)
4(2985 3272 3273 2986)
4(3231 3232 3273 3272)
4(2946 2987 3274 3233)
4(2986 3273 3274 2987)
4(3232 3233 3274 3273)
4(2947 2988 3275 3234)
4(2987 3274 3275 2988)
4(3233 3234 3275 3274)
4(2948 2989 3276 3235)
4(2988 3275 3276 2989)
4(3234 3235 3276 3275)
4(2949 2990 3277 3236)
4(2989 3276 3277 2990)
4(3235 3236 3277 3276)
4(2950 2991 3278 3237)
4(2990 3277 3278 2991)
4(3236 3237 3278 3277)
4(2991 3278 3279 2992)
4(3237 3238 3279 3278)
4(2953 2994 3281 3240)
4(2993 3280 3281 2994)
4(3239 3240 3281 3280)
4(2954 2995 3282 3241)
4(2994 3281 3282 2995)
4(3240 3241 3282 3281)
4(2955 2996 3283 3242)
4(2995 3282 3283 2996)
4(3241 3242 3283 3282)
4(2956 2997 3284 3243)
4(2996 3283 3284 2997)
4(3242 3243 3284 3283)
4(2957 2998 3285 3244)
4(2997 3284 3285 2998)
4(3243 3244 3285 3284)
4(2958 2999 3286 3245)
4(2998 3285 3286 2999)
4(3244 3245 3286 3285)
4(2959 3000 3287 3246)
4(2999 3286 3287 3000)
4(3245 3246 3287 3286)
4(2960 3001 3288 3247)
4(3000 3287 3288 3001)
4(3246 3247 3288 3287)
4(2961 3002 3289 3248)
4(3001 3288 3289 3002)
4(3247 3248 3289 3288)
4(2962 3003 3290 3249)
4(3002 3289 3290 3003)
4(3248 3249 3290 3289)
4(2963 3004 3291 3250)
4(3003 3290 3291 3004)
4(3249 3250 3291 3290)
4(2964 3005 3292 3251)
4(3004 3291 3292 3005)
4(3250 3251 3292 3291)
4(2965 3006 3293 3252)
4(3005 3292 3293 3006)
4(3251 3252 3293 3292)
4(2966 3007 3294 3253)
4(3006 3293 3294 3007)
4(3252 3253 3294 3293)
4(2967 3008 3295 3254)
4(3007 3294 3295 3008)
4(3253 3254 3295 3294)
4(2968 3009 3296 3255)
4(3008 3295 3296 3009)
4(3254 3255 3296 3295)
4(2969 3010 3297 3256)
4(3009 3296 3297 3010)
4(3255 3256 3297 3296)
4(2970 3011 3298 3257)
4(3010 3297 3298 3011)
4(3256 3257 3298 3297)
4(2971 3012 3299 3258)
4(3011 3298 3299 3012)
4(3257 3258 3299 3298)
4(2972 3013 3300 3259)
4(3012 3299 3300 3013)
4(3258 3259 3300 3299)
4(2973 3014 3301 3260)
4(3013 3300 3301 3014)
4(3259 3260 3301 3300)
4(2974 3015 3302 3261)
4(3014 3301 3302 3015)
4(3260 3261 3302 3301)
4(2975 3016 3303 3262)
4(3015 3302 3303 3016)
4(3261 3262 3303 3302)
4(2976 3017 3304 3263)
4(3016 3303 3304 3017)
4(3262 3263 3304 3303)
4(2977 3018 3305 3264)
4(3017 3304 3305 3018)
4(3263 3264 3305 3304)
4(2978 3019 3306 3265)
4(3018 3305 3306 3019)
4(3264 3265 3306 3305)
4(2979 3020 3307 3266)
4(3019 3306 3307 3020)
4(3265 3266 3307 3306)
4(2980 3021 3308 3267)
4(3020 3307 3308 3021)
4(3266 3267 3308 3307)
4(2981 3022 3309 3268)
4(3021 3308 3309 3022)
4(3267 3268 3309 3308)
4(2982 3023 3310 3269)
4(3022 3309 3310 3023)
4(3268 3269 3310 3309)
4(2983 3024 3311 3270)
4(3023 3310 3311 3024)
4(3269 3270 3311 3310)
4(2984 3025 3312 3271)
4(3024 3311 3312 3025)
4(3270 3271 3312 3311)
4(2985 3026 3313 3272)
4(3025 3312 3313 3026)
4(3271 3272 3313 3312)
4(2986 3027 3314 3273)
4(3026 3313 3314 3027)
4(3272 3273 3314 3313)
4(2987 3028 3315 3274)
4(3027 3314 3315 3028)
4(3273 3274 3315 3314)
4(2988 3029 3316 3275)
4(3028 3315 3316 3029)
4(3274 3275 3316 3315)
4(2989 3030 3317 3276)
4(3029 3316 3317 3030)
4(3275 3276 3317 3316)
4(2990 3031 3318 3277)
4(3030 3317 3318 3031)
4(3276 3277 3318 3317)
4(2991 3032 3319 3278)
4(3031 3318 3319 3032)
4(3277 3278 3319 3318)
4(3032 3319 3320 3033)
4(3278 3279 3320 3319)
4(2994 3035 3322 3281)
4(3034 3321 3322 3035)
4(3280 3281 3322 3321)
4(2995 3036 3323 3282)
4(3035 3322 3323 3036)
4(3281 3282 3323 3322)
4(2996 3037 3324 3283)
4(3036 3323 3324 3037)
4(3282 3283 3324 3323)
4(2997 3038 3325 3284)
4(3037 3324 3325 3038)
4(3283 3284 3325 3324)
4(2998 3039 3326 3285)
4(3038 3325 3326 3039)
4(3284 3285 3326 3325)
4(2999 3040 3327 3286)
4(3039 3326 3327 3040)
4(3285 3286 3327 3326)
4(3000 3041 3328 3287)
4(3040 3327 3328 3041)
4(3286 3287 3328 3327)
4(3001 3042 3329 3288)
4(3041 3328 3329 3042)
4(3287 3288 3329 3328)
4(3002 3043 3330 3289)
4(3042 3329 3330 3043)
4(3288 3289 3330 3329)
4(3003 3044 3331 3290)
4(3043 3330 3331 3044)
4(3289 3290 3331 3330)
4(3004 3045 3332 3291)
4(3044 3331 3332 3045)
4(3290 3291 3332 3331)
4(3005 3046 3333 3292)
4(3045 3332 3333 3046)
4(3291 3292 3333 3332)
4(3006 3047 3334 3293)
4(3046 3333 3334 3047)
4(3292 3293 3334 3333)
4(3007 3048 3335 3294)
4(3047 3334 3335 3048)
4(3293 3294 3335 3334)
4(3008 3049 3336 3295)
4(3048 3335 3336 3049)
4(3294 3295 3336 3335)
4(3009 3050 3337 3296)
4(3049 3336 3337 3050)
4(3295 3296 3337 3336)
4(3010 3051 3338 3297)
4(3050 3337 3338 3051)
4(3296 3297 3338 3337)
4(3011 3052 3339 3298)
4(3051 3338 3339 3052)
4(3297 3298 3339 3338)
4(3012 3053 3340 3299)
4(3052 3339 3340 3053)
4(3298 3299 3340 3339)
4(3013 3054 3341 3300)
4(3053 3340 3341 3054)
4(3299 3300 3341 3340)
4(3014 3055 3342 3301)
4(3054 3341 3342 3055)
4(3300 3301 3342 3341)
4(3015 3056 3343 3302)
4(3055 3342 3343 3056)
4(3301 3302 3343 3342)
4(3016 3057 3344 3303)
4(3056 3343 3344 3057)
4(3302 3303 3344 3343)
4(3017 3058 3345 3304)
4(3057 3344 3345 3058)
4(3303 3304 3345 3344)
4(3018 3059 3346 3305)
4(3058 3345 3346 3059)
4(3304 3305 3346 3345)
4(3019 3060 3347 3306)
4(3059 3346 3347 3060)
4(3305 3306 3347 3346)
4(3020 3061 3348 3307)
4(3060 3347 3348 3061)
4(3306 3307 3348 3347)
4(3021 3062 3349 3308)
4(3061 3348 3349 3062)
4(3307 3308 3349 3348)
4(3022 3063 3350 3309)
4(3062 3349 3350 3063)
4(3308 3309 3350 3349)
4(3023 3064 3351 3310)
4(3063 3350 3351 3064)
4(3309 3310 3351 3350)
4(3024 3065 3352 3311)
4(3064 3351 3352 3065)
4(3310 3311 3352 3351)
4(3025 3066 3353 3312)
4(3065 3352 3353 3066)
4(3311 3312 3353 3352)
4(3026 3067 3354 3313)
4(3066 3353 3354 3067)
4(3312 3313 3354 3353)
4(3027 3068 3355 3314)
4(3067 3354 3355 3068)
4(3313 3314 3355 3354)
4(3028 3069 3356 3315)
4(3068 3355 3356 3069)
4(3314 3315 3356 3355)
4(3029 3070 3357 3316)
4(3069 3356 3357 3070)
4(3315 3316 3357 3356)
4(3030 3071 3358 3317)
4(3070 3357 3358 3071)
4(3316 3317 3358 3357)
4(3031 3072 3359 3318)
4(3071 3358 3359 3072)
4(3317 3318 3359 3358)
4(3032 3073 3360 3319)
4(3072 3359 3360 3073)
4(3318 3319 3360 3359)
4(3073 3360 3361 3074)
4(3319 3320 3361 3360)
4(3035 3076 3363 3322)
4(3075 3362 3363 3076)
4(3321 3322 3363 3362)
4(3036 3077 3364 3323)
4(3076 3363 3364 3077)
4(3322 3323 3364 3363)
4(3037 3078 3365 3324)
4(3077 3364 3365 3078)
4(3323 3324 3365 3364)
4(3038 3079 3366 3325)
4(3078 3365 3366 3079)
4(3324 3325 3366 3365)
4(3039 3080 3367 3326)
4(3079 3366 3367 3080)
4(3325 3326 3367 3366)
4(3040 3081 3368 3327)
4(3080 3367 3368 3081)
4(3326 3327 3368 3367)
4(3041 3082 3369 3328)
4(3081 3368 3369 3082)
4(3327 3328 3369 3368)
4(3042 3083 3370 3329)
4(3082 3369 3370 3083)
4(3328 3329 3370 3369)
4(3043 3084 3371 3330)
4(3083 3370 3371 3084)
4(3329 3330 3371 3370)
4(3044 3085 3372 3331)
4(3084 3371 3372 3085)
4(3330 3331 3372 3371)
4(3045 3086 3373 3332)
4(3085 3372 3373 3086)
4(3331 3332 3373 3372)
4(3046 3087 3374 3333)
4(3086 3373 3374 3087)
4(3332 3333 3374 3373)
4(3047 3088 3375 3334)
4(3087 3374 3375 3088)
4(3333 3334 3375 3374)
4(3048 3089 3376 3335)
4(3088 3375 3376 3089)
4(3334 3335 3376 3375)
4(3049 3090 3377 3336)
4(3089 3376 3377 3090)
4(3335 3336 3377 3376)
4(3050 3091 3378 3337)
4(3090 3377 3378 3091)
4(3336 3337 3378 3377)
4(3051 3092 3379 3338)
4(3091 3378 3379 3092)
4(3337 3338 3379 3378)
4(3052 3093 3380 3339)
4(3092 3379 3380 3093)
4(3338 3339 3380 3379)
4(3053 3094 3381 3340)
4(3093 3380 3381 3094)
4(3339 3340 3381 3380)
4(3054 3095 3382 3341)
4(3094 3381 3382 3095)
4(3340 3341 3382 3381)
4(3055 3096 3383 3342)
4(3095 3382 3383 3096)
4(3341 3342 3383 3382)
4(3056 3097 3384 3343)
4(3096 3383 3384 3097)
4(3342 3343 3384 3383)
4(3057 3098 3385 3344)
4(3097 3384 3385 3098)
4(3343 3344 3385 3384)
4(3058 3099 3386 3345)
4(3098 3385 3386 3099)
4(3344 3345 3386 3385)
4(3059 3100 3387 3346)
4(3099 3386 3387 3100)
4(3345 3346 3387 3386)
4(3060 3101 3388 3347)
4(3100 3387 3388 3101)
4(3346 3347 3388 3387)
4(3061 3102 3389 3348)
4(3101 3388 3389 3102)
4(3347 3348 3389 3388)
4(3062 3103 3390 3349)
4(3102 3389 3390 3103)
4(3348 3349 3390 3389)
4(3063 3104 3391 3350)
4(3103 3390 3391 3104)
4(3349 3350 3391 3390)
4(3064 3105 3392 3351)
4(3104 3391 3392 3105)
4(3350 3351 3392 3391)
4(3065 3106 3393 3352)
4(3105 3392 3393 3106)
4(3351 3352 3393 3392)
4(3066 3107 3394 3353)
4(3106 3393 3394 3107)
4(3352 3353 3394 3393)
4(3067 3108 3395 3354)
4(3107 3394 3395 3108)
4(3353 3354 3395 3394)
4(3068 3109 3396 3355)
4(3108 3395 3396 3109)
4(3354 3355 3396 3395)
4(3069 3110 3397 3356)
4(3109 3396 3397 3110)
4(3355 3356 3397 3396)
4(3070 3111 3398 3357)
4(3110 3397 3398 3111)
4(3356 3357 3398 3397)
4(3071 3112 3399 3358)
4(3111 3398 3399 3112)
4(3357 3358 3399 3398)
4(3072 3113 3400 3359)
4(3112 3399 3400 3113)
4(3358 3359 3400 3399)
4(3073 3114 3401 3360)
4(3113 3400 3401 3114)
4(3359 3360 3401 3400)
4(3114 3401 3402 3115)
4(3360 3361 3402 3401)
4(3076 3117 3404 3363)
4(3362 3363 3404 3403)
4(3077 3118 3405 3364)
4(3363 3364 3405 3404)
4(3078 3119 3406 3365)
4(3364 3365 3406 3405)
4(3079 3120 3407 3366)
4(3365 3366 3407 3406)
4(3080 3121 3408 3367)
4(3366 3367 3408 3407)
4(3081 3122 3409 3368)
4(3367 3368 3409 3408)
4(3082 3123 3410 3369)
4(3368 3369 3410 3409)
4(3083 3124 3411 3370)
4(3369 3370 3411 3410)
4(3084 3125 3412 3371)
4(3370 3371 3412 3411)
4(3085 3126 3413 3372)
4(3371 3372 3413 3412)
4(3086 3127 3414 3373)
4(3372 3373 3414 3413)
4(3087 3128 3415 3374)
4(3373 3374 3415 3414)
4(3088 3129 3416 3375)
4(3374 3375 3416 3415)
4(3089 3130 3417 3376)
4(3375 3376 3417 3416)
4(3090 3131 3418 3377)
4(3376 3377 3418 3417)
4(3091 3132 3419 3378)
4(3377 3378 3419 3418)
4(3092 3133 3420 3379)
4(3378 3379 3420 3419)
4(3093 3134 3421 3380)
4(3379 3380 3421 3420)
4(3094 3135 3422 3381)
4(3380 3381 3422 3421)
4(3095 3136 3423 3382)
4(3381 3382 3423 3422)
4(3096 3137 3424 3383)
4(3382 3383 3424 3423)
4(3097 3138 3425 3384)
4(3383 3384 3425 3424)
4(3098 3139 3426 3385)
4(3384 3385 3426 3425)
4(3099 3140 3427 3386)
4(3385 3386 3427 3426)
4(3100 3141 3428 3387)
4(3386 3387 3428 3427)
4(3101 3142 3429 3388)
4(3387 3388 3429 3428)
4(3102 3143 3430 3389)
4(3388 3389 3430 3429)
4(3103 3144 3431 3390)
4(3389 3390 3431 3430)
4(3104 3145 3432 3391)
4(3390 3391 3432 3431)
4(3105 3146 3433 3392)
4(3391 3392 3433 3432)
4(3106 3147 3434 3393)
4(3392 3393 3434 3433)
4(3107 3148 3435 3394)
4(3393 3394 3435 3434)
4(3108 3149 3436 3395)
4(3394 3395 3436 3435)
4(3109 3150 3437 3396)
4(3395 3396 3437 3436)
4(3110 3151 3438 3397)
4(3396 3397 3438 3437)
4(3111 3152 3439 3398)
4(3397 3398 3439 3438)
4(3112 3153 3440 3399)
4(3398 3399 3440 3439)
4(3113 3154 3441 3400)
4(3399 3400 3441 3440)
4(3114 3155 3442 3401)
4(3400 3401 3442 3441)
4(3401 3402 3443 3442)
4(3158 3199 3486 3445)
4(3198 3485 3486 3199)
4(3444 3445 3486 3485)
4(3159 3200 3487 3446)
4(3199 3486 3487 3200)
4(3445 3446 3487 3486)
4(3160 3201 3488 3447)
4(3200 3487 3488 3201)
4(3446 3447 3488 3487)
4(3161 3202 3489 3448)
4(3201 3488 3489 3202)
4(3447 3448 3489 3488)
4(3162 3203 3490 3449)
4(3202 3489 3490 3203)
4(3448 3449 3490 3489)
4(3163 3204 3491 3450)
4(3203 3490 3491 3204)
4(3449 3450 3491 3490)
4(3164 3205 3492 3451)
4(3204 3491 3492 3205)
4(3450 3451 3492 3491)
4(3165 3206 3493 3452)
4(3205 3492 3493 3206)
4(3451 3452 3493 3492)
4(3166 3207 3494 3453)
4(3206 3493 3494 3207)
4(3452 3453 3494 3493)
4(3167 3208 3495 3454)
4(3207 3494 3495 3208)
4(3453 3454 3495 3494)
4(3168 3209 3496 3455)
4(3208 3495 3496 3209)
4(3454 3455 3496 3495)
4(3169 3210 3497 3456)
4(3209 3496 3497 3210)
4(3455 3456 3497 3496)
4(3170 3211 3498 3457)
4(3210 3497 3498 3211)
4(3456 3457 3498 3497)
4(3171 3212 3499 3458)
4(3211 3498 3499 3212)
4(3457 3458 3499 3498)
4(3172 3213 3500 3459)
4(3212 3499 3500 3213)
4(3458 3459 3500 3499)
4(3173 3214 3501 3460)
4(3213 3500 3501 3214)
4(3459 3460 3501 3500)
4(3174 3215 3502 3461)
4(3214 3501 3502 3215)
4(3460 3461 3502 3501)
4(3175 3216 3503 3462)
4(3215 3502 3503 3216)
4(3461 3462 3503 3502)
4(3176 3217 3504 3463)
4(3216 3503 3504 3217)
4(3462 3463 3504 3503)
4(3177 3218 3505 3464)
4(3217 3504 3505 3218)
4(3463 3464 3505 3504)
4(3178 3219 3506 3465)
4(3218 3505 3506 3219)
4(3464 3465 3506 3505)
4(3179 3220 3507 3466)
4(3219 3506 3507 3220)
4(3465 3466 3507 3506)
4(3180 3221 3508 3467)
4(3220 3507 3508 3221)
4(3466 3467 3508 3507)
4(3181 3222 3509 3468)
4(3221 3508 3509 3222)
4(3467 3468 3509 3508)
4(3182 3223 3510 3469)
4(3222 3509 3510 3223)
4(3468 3469 3510 3509)
4(3183 3224 3511 3470)
4(3223 3510 3511 3224)
4(3469 3470 3511 3510)
4(3184 3225 3512 3471)
4(3224 3511 3512 3225)
4(3470 3471 3512 3511)
4(3185 3226 3513 3472)
4(3225 3512 3513 3226)
4(3471 3472 3513 3512)
4(3186 3227 3514 3473)
4(3226 3513 3514 3227)
4(3472 3473 3514 3513)
4(3187 3228 3515 3474)
4(3227 3514 3515 3228)
4(3473 3474 3515 3514)
4(3188 3229 3516 3475)
4(3228 3515 3516 3229)
4(3474 3475 3516 3515)
4(3189 3230 3517 3476)
4(3229 3516 3517 3230)
4(3475 3476 3517 3516)
4(3190 3231 3518 3477)
4(3230 3517 3518 3231)
4(3476 3477 3518 3517)
4(3191 3232 3519 3478)
4(3231 3518 3519 3232)
4(3477 3478 3519 3518)
4(3192 3233 3520 3479)
4(3232 3519 3520 3233)
4(3478 3479 3520 3519)
4(3193 3234 3521 3480)
4(3233 3520 3521 3234)
4(3479 3480 3521 3520)
4(3194 3235 3522 3481)
4(3234 3521 3522 3235)
4(3480 3481 3522 3521)
4(3195 3236 3523 3482)
4(3235 3522 3523 3236)
4(3481 3482 3523 3522)
4(3196 3237 3524 3483)
4(3236 3523 3524 3237)
4(3482 3483 3524 3523)
4(3237 3524 3525 3238)
4(3483 3484 3525 3524)
4(3199 3240 3527 3486)
4(3239 3526 3527 3240)
4(3485 3486 3527 3526)
4(3200 3241 3528 3487)
4(3240 3527 3528 3241)
4(3486 3487 3528 3527)
4(3201 3242 3529 3488)
4(3241 3528 3529 3242)
4(3487 3488 3529 3528)
4(3202 3243 3530 3489)
4(3242 3529 3530 3243)
4(3488 3489 3530 3529)
4(3203 3244 3531 3490)
4(3243 3530 3531 3244)
4(3489 3490 3531 3530)
4(3204 3245 3532 3491)
4(3244 3531 3532 3245)
4(3490 3491 3532 3531)
4(3205 3246 3533 3492)
4(3245 3532 3533 3246)
4(3491 3492 3533 3532)
4(3206 3247 3534 3493)
4(3246 3533 3534 3247)
4(3492 3493 3534 3533)
4(3207 3248 3535 3494)
4(3247 3534 3535 3248)
4(3493 3494 3535 3534)
4(3208 3249 3536 3495)
4(3248 3535 3536 3249)
4(3494 3495 3536 3535)
4(3209 3250 3537 3496)
4(3249 3536 3537 3250)
4(3495 3496 3537 3536)
4(3210 3251 3538 3497)
4(3250 3537 3538 3251)
4(3496 3497 3538 3537)
4(3211 3252 3539 3498)
4(3251 3538 3539 3252)
4(3497 3498 3539 3538)
4(3212 3253 3540 3499)
4(3252 3539 3540 3253)
4(3498 3499 3540 3539)
4(3213 3254 3541 3500)
4(3253 3540 3541 3254)
4(3499 3500 3541 3540)
4(3214 3255 3542 3501)
4(3254 3541 3542 3255)
4(3500 3501 3542 3541)
4(3215 3256 3543 3502)
4(3255 3542 3543 3256)
4(3501 3502 3543 3542)
4(3216 3257 3544 3503)
4(3256 3543 3544 3257)
4(3502 3503 3544 3543)
4(3217 3258 3545 3504)
4(3257 3544 3545 3258)
4(3503 3504 3545 3544)
4(3218 3259 3546 3505)
4(3258 3545 3546 3259)
4(3504 3505 3546 3545)
4(3219 3260 3547 3506)
4(3259 3546 3547 3260)
4(3505 3506 3547 3546)
4(3220 3261 3548 3507)
4(3260 3547 3548 3261)
4(3506 3507 3548 3547)
4(3221 3262 3549 3508)
4(3261 3548 3549 3262)
4(3507 3508 3549 3548)
4(3222 3263 3550 3509)
4(3262 3549 3550 3263)
4(3508 3509 3550 3549)
4(3223 3264 3551 3510)
4(3263 3550 3551 3264)
4(3509 3510 3551 3550)
4(3224 3265 3552 3511)
4(3264 3551 3552 3265)
4(3510 3511 3552 3551)
4(3225 3266 3553 3512)
4(3265 3552 3553 3266)
4(3511 3512 3553 3552)
4(3226 3267 3554 3513)
4(3266 3553 3554 3267)
4(3512 3513 3554 3553)
4(3227 3268 3555 3514)
4(3267 3554 3555 3268)
4(3513 3514 3555 3554)
4(3228 3269 3556 3515)
4(3268 3555 3556 3269)
4(3514 3515 3556 3555)
4(3229 3270 3557 3516)
4(3269 3556 3557 3270)
4(3515 3516 3557 3556)
4(3230 3271 3558 3517)
4(3270 3557 3558 3271)
4(3516 3517 3558 3557)
4(3231 3272 3559 3518)
4(3271 3558 3559 3272)
4(3517 3518 3559 3558)
4(3232 3273 3560 3519)
4(3272 3559 3560 3273)
4(3518 3519 3560 3559)
4(3233 3274 3561 3520)
4(3273 3560 3561 3274)
4(3519 3520 3561 3560)
4(3234 3275 3562 3521)
4(3274 3561 3562 3275)
4(3520 3521 3562 3561)
4(3235 3276 3563 3522)
4(3275 3562 3563 3276)
4(3521 3522 3563 3562)
4(3236 3277 3564 3523)
4(3276 3563 3564 3277)
4(3522 3523 3564 3563)
4(3237 3278 3565 3524)
4(3277 3564 3565 3278)
4(3523 3524 3565 3564)
4(3278 3565 3566 3279)
4(3524 3525 3566 3565)
4(3240 3281 3568 3527)
4(3280 3567 3568 3281)
4(3526 3527 3568 3567)
4(3241 3282 3569 3528)
4(3281 3568 3569 3282)
4(3527 3528 3569 3568)
4(3242 3283 3570 3529)
4(3282 3569 3570 3283)
4(3528 3529 3570 3569)
4(3243 3284 3571 3530)
4(3283 3570 3571 3284)
4(3529 3530 3571 3570)
4(3244 3285 3572 3531)
4(3284 3571 3572 3285)
4(3530 3531 3572 3571)
4(3245 3286 3573 3532)
4(3285 3572 3573 3286)
4(3531 3532 3573 3572)
4(3246 3287 3574 3533)
4(3286 3573 3574 3287)
4(3532 3533 3574 3573)
4(3247 3288 3575 3534)
4(3287 3574 3575 3288)
4(3533 3534 3575 3574)
4(3248 3289 3576 3535)
4(3288 3575 3576 3289)
4(3534 3535 3576 3575)
4(3249 3290 3577 3536)
4(3289 3576 3577 3290)
4(3535 3536 3577 3576)
4(3250 3291 3578 3537)
4(3290 3577 3578 3291)
4(3536 3537 3578 3577)
4(3251 3292 3579 3538)
4(3291 3578 3579 3292)
4(3537 3538 3579 3578)
4(3252 3293 3580 3539)
4(3292 3579 3580 3293)
4(3538 3539 3580 3579)
4(3253 3294 3581 3540)
4(3293 3580 3581 3294)
4(3539 3540 3581 3580)
4(3254 3295 3582 3541)
4(3294 3581 3582 3295)
4(3540 3541 3582 3581)
4(3255 3296 3583 3542)
4(3295 3582 3583 3296)
4(3541 3542 3583 3582)
4(3256 3297 3584 3543)
4(3296 3583 3584 3297)
4(3542 3543 3584 3583)
4(3257 3298 3585 3544)
4(3297 3584 3585 3298)
4(3543 3544 3585 3584)
4(3258 3299 3586 3545)
4(3298 3585 3586 3299)
4(3544 3545 3586 3585)
4(3259 3300 3587 3546)
4(3299 3586 3587 3300)
4(3545 3546 3587 3586)
4(3260 3301 3588 3547)
4(3300 3587 3588 3301)
4(3546 3547 3588 3587)
4(3261 3302 3589 3548)
4(3301 3588 3589 3302)
4(3547 3548 3589 3588)
4(3262 3303 3590 3549)
4(3302 3589 3590 3303)
4(3548 3549 3590 3589)
4(3263 3304 3591 3550)
4(3303 3590 3591 3304)
4(3549 3550 3591 3590)
4(3264 3305 3592 3551)
4(3304 3591 3592 3305)
4(3550 3551 3592 3591)
4(3265 3306 3593 3552)
4(3305 3592 3593 3306)
4(3551 3552 3593 3592)
4(3266 3307 3594 3553)
4(3306 3593 3594 3307)
4(3552 3553 3594 3593)
4(3267 3308 3595 3554)
4(3307 3594 3595 3308)
4(3553 3554 3595 3594)
4(3268 3309 3596 3555)
4(3308 3595 3596 3309)
4(3554 3555 3596 3595)
4(3269 3310 3597 3556)
4(3309 3596 3597 3310)
4(3555 3556 3597 3596)
4(3270 3311 3598 3557)
4(3310 3597 3598 3311)
4(3556 3557 3598 3597)
4(3271 3312 3599 3558)
4(3311 3598 3599 3312)
4(3557 3558 3599 3598)
4(3272 3313 3600 3559)
4(3312 3599 3600 3313)
4(3558 3559 3600 3599)
4(3273 3314 3601 3560)
4(3313 3600 3601 3314)
4(3559 3560 3601 3600)
4(3274 3315 3602 3561)
4(3314 3601 3602 3315)
4(3560 3561 3602 3601)
4(3275 3316 3603 3562)
4(3315 3602 3603 3316)
4(3561 3562 3603 3602)
4(3276 3317 3604 3563)
4(3316 3603 3604 3317)
4(3562 3563 3604 3603)
4(3277 3318 3605 3564)
4(3317 3604 3605 3318)
4(3563 3564 3605 3604)
4(3278 3319 3606 3565)
4(3318 3605 3606 3319)
4(3564 3565 3606 3605)
4(3319 3606 3607 3320)
4(3565 3566 3607 3606)
4(3281 3322 3609 3568)
4(3321 3608 3609 3322)
4(3567 3568 3609 3608)
4(3282 3323 3610 3569)
4(3322 3609 3610 3323)
4(3568 3569 3610 3609)
4(3283 3324 3611 3570)
4(3323 3610 3611 3324)
4(3569 3570 3611 3610)
4(3284 3325 3612 3571)
4(3324 3611 3612 3325)
4(3570 3571 3612 3611)
4(3285 3326 3613 3572)
4(3325 3612 3613 3326)
4(3571 3572 3613 3612)
4(3286 3327 3614 3573)
4(3326 3613 3614 3327)
4(3572 3573 3614 3613)
4(3287 3328 3615 3574)
4(3327 3614 3615 3328)
4(3573 3574 3615 3614)
4(3288 3329 3616 3575)
4(3328 3615 3616 3329)
4(3574 3575 3616 3615)
4(3289 3330 3617 3576)
4(3329 3616 3617 3330)
4(3575 3576 3617 3616)
4(3290 3331 3618 3577)
4(3330 3617 3618 3331)
4(3576 3577 3618 3617)
4(3291 3332 3619 3578)
4(3331 3618 3619 3332)
4(3577 3578 3619 3618)
4(3292 3333 3620 3579)
4(3332 3619 3620 3333)
4(3578 3579 3620 3619)
4(3293 3334 3621 3580)
4(3333 3620 3621 3334)
4(3579 3580 3621 3620)
4(3294 3335 3622 3581)
4(3334 3621 3622 3335)
4(3580 3581 3622 3621)
4(3295 3336 3623 3582)
4(3335 3622 3623 3336)
4(3581 3582 3623 3622)
4(3296 3337 3624 3583)
4(3336 3623 3624 3337)
4(3582 3583 3624 3623)
4(3297 3338 3625 3584)
4(3337 3624 3625 3338)
4(3583 3584 3625 3624)
4(3298 3339 3626 3585)
4(3338 3625 3626 3339)
4(3584 3585 3626 3625)
4(3299 3340 3627 3586)
4(3339 3626 3627 3340)
4(3585 3586 3627 3626)
4(3300 3341 3628 3587)
4(3340 3627 3628 3341)
4(3586 3587 3628 3627)
4(3301 3342 3629 3588)
4(3341 3628 3629 3342)
4(3587 3588 3629 3628)
4(3302 3343 3630 3589)
4(3342 3629 3630 3343)
4(3588 3589 3630 3629)
4(3303 3344 3631 3590)
4(3343 3630 3631 3344)
4(3589 3590 3631 3630)
4(3304 3345 3632 3591)
4(3344 3631 3632 3345)
4(3590 3591 3632 3631)
4(3305 3346 3633 3592)
4(3345 3632 3633 3346)
4(3591 3592 3633 3632)
4(3306 3347 3634 3593)
4(3346 3633 3634 3347)
4(3592 3593 3634 3633)
4(3307 3348 3635 3594)
4(3347 3634 3635 3348)
4(3593 3594 3635 3634)
4(3308 3349 3636 3595)
4(3348 3635 3636 3349)
4(3594 3595 3636 3635)
4(3309 3350 3637 3596)
4(3349 3636 3637 3350)
4(3595 3596 3637 3636)
4(3310 3351 3638 3597)
4(3350 3637 3638 3351)
4(3596 3597 3638 3637)
4(3311 3352 3639 3598)
4(3351 3638 3639 3352)
4(3597 3598 3639 3638)
4(3312 3353 3640 3599)
4(3352 3639 3640 3353)
4(3598 3599 3640 3639)
4(3313 3354 3641 3600)
4(3353 3640 3641 3354)
4(3599 3600 3641 3640)
4(3314 3355 3642 3601)
4(3354 3641 3642 3355)
4(3600 3601 3642 3641)
4(3315 3356 3643 3602)
4(3355 3642 3643 3356)
4(3601 3602 3643 3642)
4(3316 3357 3644 3603)
4(3356 3643 3644 3357)
4(3602 3603 3644 3643)
4(3317 3358 3645 3604)
4(3357 3644 3645 3358)
4(3603 3604 3645 3644)
4(3318 3359 3646 3605)
4(3358 3645 3646 3359)
4(3604 3605 3646 3645)
4(3319 3360 3647 3606)
4(3359 3646 3647 3360)
4(3605 3606 3647 3646)
4(3360 3647 3648 3361)
4(3606 3607 3648 3647)
4(3322 3363 3650 3609)
4(3362 3649 3650 3363)
4(3608 3609 3650 3649)
4(3323 3364 3651 3610)
4(3363 3650 3651 3364)
4(3609 3610 3651 3650)
4(3324 3365 3652 3611)
4(3364 3651 3652 3365)
4(3610 3611 3652 3651)
4(3325 3366 3653 3612)
4(3365 3652 3653 3366)
4(3611 3612 3653 3652)
4(3326 3367 3654 3613)
4(3366 3653 3654 3367)
4(3612 3613 3654 3653)
4(3327 3368 3655 3614)
4(3367 3654 3655 3368)
4(3613 3614 3655 3654)
4(3328 3369 3656 3615)
4(3368 3655 3656 3369)
4(3614 3615 3656 3655)
4(3329 3370 3657 3616)
4(3369 3656 3657 3370)
4(3615 3616 3657 3656)
4(3330 3371 3658 3617)
4(3370 3657 3658 3371)
4(3616 3617 3658 3657)
4(3331 3372 3659 3618)
4(3371 3658 3659 3372)
4(3617 3618 3659 3658)
4(3332 3373 3660 3619)
4(3372 3659 3660 3373)
4(3618 3619 3660 3659)
4(3333 3374 3661 3620)
4(3373 3660 3661 3374)
4(3619 3620 3661 3660)
4(3334 3375 3662 3621)
4(3374 3661 3662 3375)
4(3620 3621 3662 3661)
4(3335 3376 3663 3622)
4(3375 3662 3663 3376)
4(3621 3622 3663 3662)
4(3336 3377 3664 3623)
4(3376 3663 3664 3377)
4(3622 3623 3664 3663)
4(3337 3378 3665 3624)
4(3377 3664 3665 3378)
4(3623 3624 3665 3664)
4(3338 3379 3666 3625)
4(3378 3665 3666 3379)
4(3624 3625 3666 3665)
4(3339 3380 3667 3626)
4(3379 3666 3667 3380)
4(3625 3626 3667 3666)
4(3340 3381 3668 3627)
4(3380 3667 3668 3381)
4(3626 3627 3668 3667)
4(3341 3382 3669 3628)
4(3381 3668 3669 3382)
4(3627 3628 3669 3668)
4(3342 3383 3670 3629)
4(3382 3669 3670 3383)
4(3628 3629 3670 3669)
4(3343 3384 3671 3630)
4(3383 3670 3671 3384)
4(3629 3630 3671 3670)
4(3344 3385 3672 3631)
4(3384 3671 3672 3385)
4(3630 3631 3672 3671)
4(3345 3386 3673 3632)
4(3385 3672 3673 3386)
4(3631 3632 3673 3672)
4(3346 3387 3674 3633)
4(3386 3673 3674 3387)
4(3632 3633 3674 3673)
4(3347 3388 3675 3634)
4(3387 3674 3675 3388)
4(3633 3634 3675 3674)
4(3348 3389 3676 3635)
4(3388 3675 3676 3389)
4(3634 3635 3676 3675)
4(3349 3390 3677 3636)
4(3389 3676 3677 3390)
4(3635 3636 3677 3676)
4(3350 3391 3678 3637)
4(3390 3677 3678 3391)
4(3636 3637 3678 3677)
4(3351 3392 3679 3638)
4(3391 3678 3679 3392)
4(3637 3638 3679 3678)
4(3352 3393 3680 3639)
4(3392 3679 3680 3393)
4(3638 3639 3680 3679)
4(3353 3394 3681 3640)
4(3393 3680 3681 3394)
4(3639 3640 3681 3680)
4(3354 3395 3682 3641)
4(3394 3681 3682 3395)
4(3640 3641 3682 3681)
4(3355 3396 3683 3642)
4(3395 3682 3683 3396)
4(3641 3642 3683 3682)
4(3356 3397 3684 3643)
4(3396 3683 3684 3397)
4(3642 3643 3684 3683)
4(3357 3398 3685 3644)
4(3397 3684 3685 3398)
4(3643 3644 3685 3684)
4(3358 3399 3686 3645)
4(3398 3685 3686 3399)
4(3644 3645 3686 3685)
4(3359 3400 3687 3646)
4(3399 3686 3687 3400)
4(3645 3646 3687 3686)
4(3360 3401 3688 3647)
4(3400 3687 3688 3401)
4(3646 3647 3688 3687)
4(3401 3688 3689 3402)
4(3647 3648 3689 3688)
4(3363 3404 3691 3650)
4(3649 3650 3691 3690)
4(3364 3405 3692 3651)
4(3650 3651 3692 3691)
4(3365 3406 3693 3652)
4(3651 3652 3693 3692)
4(3366 3407 3694 3653)
4(3652 3653 3694 3693)
4(3367 3408 3695 3654)
4(3653 3654 3695 3694)
4(3368 3409 3696 3655)
4(3654 3655 3696 3695)
4(3369 3410 3697 3656)
4(3655 3656 3697 3696)
4(3370 3411 3698 3657)
4(3656 3657 3698 3697)
4(3371 3412 3699 3658)
4(3657 3658 3699 3698)
4(3372 3413 3700 3659)
4(3658 3659 3700 3699)
4(3373 3414 3701 3660)
4(3659 3660 3701 3700)
4(3374 3415 3702 3661)
4(3660 3661 3702 3701)
4(3375 3416 3703 3662)
4(3661 3662 3703 3702)
4(3376 3417 3704 3663)
4(3662 3663 3704 3703)
4(3377 3418 3705 3664)
4(3663 3664 3705 3704)
4(3378 3419 3706 3665)
4(3664 3665 3706 3705)
4(3379 3420 3707 3666)
4(3665 3666 3707 3706)
4(3380 3421 3708 3667)
4(3666 3667 3708 3707)
4(3381 3422 3709 3668)
4(3667 3668 3709 3708)
4(3382 3423 3710 3669)
4(3668 3669 3710 3709)
4(3383 3424 3711 3670)
4(3669 3670 3711 3710)
4(3384 3425 3712 3671)
4(3670 3671 3712 3711)
4(3385 3426 3713 3672)
4(3671 3672 3713 3712)
4(3386 3427 3714 3673)
4(3672 3673 3714 3713)
4(3387 3428 3715 3674)
4(3673 3674 3715 3714)
4(3388 3429 3716 3675)
4(3674 3675 3716 3715)
4(3389 3430 3717 3676)
4(3675 3676 3717 3716)
4(3390 3431 3718 3677)
4(3676 3677 3718 3717)
4(3391 3432 3719 3678)
4(3677 3678 3719 3718)
4(3392 3433 3720 3679)
4(3678 3679 3720 3719)
4(3393 3434 3721 3680)
4(3679 3680 3721 3720)
4(3394 3435 3722 3681)
4(3680 3681 3722 3721)
4(3395 3436 3723 3682)
4(3681 3682 3723 3722)
4(3396 3437 3724 3683)
4(3682 3683 3724 3723)
4(3397 3438 3725 3684)
4(3683 3684 3725 3724)
4(3398 3439 3726 3685)
4(3684 3685 3726 3725)
4(3399 3440 3727 3686)
4(3685 3686 3727 3726)
4(3400 3441 3728 3687)
4(3686 3687 3728 3727)
4(3401 3442 3729 3688)
4(3687 3688 3729 3728)
4(3688 3689 3730 3729)
4(3445 3486 3773 3732)
4(3485 3772 3773 3486)
4(3731 3732 3773 3772)
4(3446 3487 3774 3733)
4(3486 3773 3774 3487)
4(3732 3733 3774 3773)
4(3447 3488 3775 3734)
4(3487 3774 3775 3488)
4(3733 3734 3775 3774)
4(3448 3489 3776 3735)
4(3488 3775 3776 3489)
4(3734 3735 3776 3775)
4(3449 3490 3777 3736)
4(3489 3776 3777 3490)
4(3735 3736 3777 3776)
4(3450 3491 3778 3737)
4(3490 3777 3778 3491)
4(3736 3737 3778 3777)
4(3451 3492 3779 3738)
4(3491 3778 3779 3492)
4(3737 3738 3779 3778)
4(3452 3493 3780 3739)
4(3492 3779 3780 3493)
4(3738 3739 3780 3779)
4(3453 3494 3781 3740)
4(3493 3780 3781 3494)
4(3739 3740 3781 3780)
4(3454 3495 3782 3741)
4(3494 3781 3782 3495)
4(3740 3741 3782 3781)
4(3455 3496 3783 3742)
4(3495 3782 3783 3496)
4(3741 3742 3783 3782)
4(3456 3497 3784 3743)
4(3496 3783 3784 3497)
4(3742 3743 3784 3783)
4(3457 3498 3785 3744)
4(3497 3784 3785 3498)
4(3743 3744 3785 3784)
4(3458 3499 3786 3745)
4(3498 3785 3786 3499)
4(3744 3745 3786 3785)
4(3459 3500 3787 3746)
4(3499 3786 3787 3500)
4(3745 3746 3787 3786)
4(3460 3501 3788 3747)
4(3500 3787 3788 3501)
4(3746 3747 3788 3787)
4(3461 3502 3789 3748)
4(3501 3788 3789 3502)
4(3747 3748 3789 3788)
4(3462 3503 3790 3749)
4(3502 3789 3790 3503)
4(3748 3749 3790 3789)
4(3463 3504 3791 3750)
4(3503 3790 3791 3504)
4(3749 3750 3791 3790)
4(3464 3505 3792 3751)
4(3504 3791 3792 3505)
4(3750 3751 3792 3791)
4(3465 3506 3793 3752)
4(3505 3792 3793 3506)
4(3751 3752 3793 3792)
4(3466 3507 3794 3753)
4(3506 3793 3794 3507)
4(3752 3753 3794 3793)
4(3467 3508 3795 3754)
4(3507 3794 3795 3508)
4(3753 3754 3795 3794)
4(3468 3509 3796 3755)
4(3508 3795 3796 3509)
4(3754 3755 3796 3795)
4(3469 3510 3797 3756)
4(3509 3796 3797 3510)
4(3755 3756 3797 3796)
4(3470 3511 3798 3757)
4(3510 3797 3798 3511)
4(3756 3757 3798 3797)
4(3471 3512 3799 3758)
4(3511 3798 3799 3512)
4(3757 3758 3799 3798)
4(3472 3513 3800 3759)
4(3512 3799 3800 3513)
4(3758 3759 3800 3799)
4(3473 3514 3801 3760)
4(3513 3800 3801 3514)
4(3759 3760 3801 3800)
4(3474 3515 3802 3761)
4(3514 3801 3802 3515)
4(3760 3761 3802 3801)
4(3475 3516 3803 3762)
4(3515 3802 3803 3516)
4(3761 3762 3803 3802)
4(3476 3517 3804 3763)
4(3516 3803 3804 3517)
4(3762 3763 3804 3803)
4(3477 3518 3805 3764)
4(3517 3804 3805 3518)
4(3763 3764 3805 3804)
4(3478 3519 3806 3765)
4(3518 3805 3806 3519)
4(3764 3765 3806 3805)
4(3479 3520 3807 3766)
4(3519 3806 3807 3520)
4(3765 3766 3807 3806)
4(3480 3521 3808 3767)
4(3520 3807 3808 3521)
4(3766 3767 3808 3807)
4(3481 3522 3809 3768)
4(3521 3808 3809 3522)
4(3767 3768 3809 3808)
4(3482 3523 3810 3769)
4(3522 3809 3810 3523)
4(3768 3769 3810 3809)
4(3483 3524 3811 3770)
4(3523 3810 3811 3524)
4(3769 3770 3811 3810)
4(3524 3811 3812 3525)
4(3770 3771 3812 3811)
4(3486 3527 3814 3773)
4(3526 3813 3814 3527)
4(3772 3773 3814 3813)
4(3487 3528 3815 3774)
4(3527 3814 3815 3528)
4(3773 3774 3815 3814)
4(3488 3529 3816 3775)
4(3528 3815 3816 3529)
4(3774 3775 3816 3815)
4(3489 3530 3817 3776)
4(3529 3816 3817 3530)
4(3775 3776 3817 3816)
4(3490 3531 3818 3777)
4(3530 3817 3818 3531)
4(3776 3777 3818 3817)
4(3491 3532 3819 3778)
4(3531 3818 3819 3532)
4(3777 3778 3819 3818)
4(3492 3533 3820 3779)
4(3532 3819 3820 3533)
4(3778 3779 3820 3819)
4(3493 3534 3821 3780)
4(3533 3820 3821 3534)
4(3779 3780 3821 3820)
4(3494 3535 3822 3781)
4(3534 3821 3822 3535)
4(3780 3781 3822 3821)
4(3495 3536 3823 3782)
4(3535 3822 3823 3536)
4(3781 3782 3823 3822)
4(3496 3537 3824 3783)
4(3536 3823 3824 3537)
4(3782 3783 3824 3823)
4(3497 3538 3825 3784)
4(3537 3824 3825 3538)
4(3783 3784 3825 3824)
4(3498 3539 3826 3785)
4(3538 3825 3826 3539)
4(3784 3785 3826 3825)
4(3499 3540 3827 3786)
4(3539 3826 3827 3540)
4(3785 3786 3827 3826)
4(3500 3541 3828 3787)
4(3540 3827 3828 3541)
4(3786 3787 3828 3827)
4(3501 3542 3829 3788)
4(3541 3828 3829 3542)
4(3787 3788 3829 3828)
4(3502 3543 3830 3789)
4(3542 3829 3830 3543)
4(3788 3789 3830 3829)
4(3503 3544 3831 3790)
4(3543 3830 3831 3544)
4(3789 3790 3831 3830)
4(3504 3545 3832 3791)
4(3544 3831 3832 3545)
4(3790 3791 3832 3831)
4(3505 3546 3833 3792)
4(3545 3832 3833 3546)
4(3791 3792 3833 3832)
4(3506 3547 3834 3793)
4(3546 3833 3834 3547)
4(3792 3793 3834 3833)
4(3507 3548 3835 3794)
4(3547 3834 3835 3548)
4(3793 3794 3835 3834)
4(3508 3549 3836 3795)
4(3548 3835 3836 3549)
4(3794 3795 3836 3835)
4(3509 3550 3837 3796)
4(3549 3836 3837 3550)
4(3795 3796 3837 3836)
4(3510 3551 3838 3797)
4(3550 3837 3838 3551)
4(3796 3797 3838 3837)
4(3511 3552 3839 3798)
4(3551 3838 3839 3552)
4(3797 3798 3839 3838)
4(3512 3553 3840 3799)
4(3552 3839 3840 3553)
4(3798 3799 3840 3839)
4(3513 3554 3841 3800)
4(3553 3840 3841 3554)
4(3799 3800 3841 3840)
4(3514 3555 3842 3801)
4(3554 3841 3842 3555)
4(3800 3801 3842 3841)
4(3515 3556 3843 3802)
4(3555 3842 3843 3556)
4(3801 3802 3843 3842)
4(3516 3557 3844 3803)
4(3556 3843 3844 3557)
4(3802 3803 3844 3843)
4(3517 3558 3845 3804)
4(3557 3844 3845 3558)
4(3803 3804 3845 3844)
4(3518 3559 3846 3805)
4(3558 3845 3846 3559)
4(3804 3805 3846 3845)
4(3519 3560 3847 3806)
4(3559 3846 3847 3560)
4(3805 3806 3847 3846)
4(3520 3561 3848 3807)
4(3560 3847 3848 3561)
4(3806 3807 3848 3847)
4(3521 3562 3849 3808)
4(3561 3848 3849 3562)
4(3807 3808 3849 3848)
4(3522 3563 3850 3809)
4(3562 3849 3850 3563)
4(3808 3809 3850 3849)
4(3523 3564 3851 3810)
4(3563 3850 3851 3564)
4(3809 3810 3851 3850)
4(3524 3565 3852 3811)
4(3564 3851 3852 3565)
4(3810 3811 3852 3851)
4(3565 3852 3853 3566)
4(3811 3812 3853 3852)
4(3527 3568 3855 3814)
4(3567 3854 3855 3568)
4(3813 3814 3855 3854)
4(3528 3569 3856 3815)
4(3568 3855 3856 3569)
4(3814 3815 3856 3855)
4(3529 3570 3857 3816)
4(3569 3856 3857 3570)
4(3815 3816 3857 3856)
4(3530 3571 3858 3817)
4(3570 3857 3858 3571)
4(3816 3817 3858 3857)
4(3531 3572 3859 3818)
4(3571 3858 3859 3572)
4(3817 3818 3859 3858)
4(3532 3573 3860 3819)
4(3572 3859 3860 3573)
4(3818 3819 3860 3859)
4(3533 3574 3861 3820)
4(3573 3860 3861 3574)
4(3819 3820 3861 3860)
4(3534 3575 3862 3821)
4(3574 3861 3862 3575)
4(3820 3821 3862 3861)
4(3535 3576 3863 3822)
4(3575 3862 3863 3576)
4(3821 3822 3863 3862)
4(3536 3577 3864 3823)
4(3576 3863 3864 3577)
4(3822 3823 3864 3863)
4(3537 3578 3865 3824)
4(3577 3864 3865 3578)
4(3823 3824 3865 3864)
4(3538 3579 3866 3825)
4(3578 3865 3866 3579)
4(3824 3825 3866 3865)
4(3539 3580 3867 3826)
4(3579 3866 3867 3580)
4(3825 3826 3867 3866)
4(3540 3581 3868 3827)
4(3580 3867 3868 3581)
4(3826 3827 3868 3867)
4(3541 3582 3869 3828)
4(3581 3868 3869 3582)
4(3827 3828 3869 3868)
4(3542 3583 3870 3829)
4(3582 3869 3870 3583)
4(3828 3829 3870 3869)
4(3543 3584 3871 3830)
4(3583 3870 3871 3584)
4(3829 3830 3871 3870)
4(3544 3585 3872 3831)
4(3584 3871 3872 3585)
4(3830 3831 3872 3871)
4(3545 3586 3873 3832)
4(3585 3872 3873 3586)
4(3831 3832 3873 3872)
4(3546 3587 3874 3833)
4(3586 3873 3874 3587)
4(3832 3833 3874 3873)
4(3547 3588 3875 3834)
4(3587 3874 3875 3588)
4(3833 3834 3875 3874)
4(3548 3589 3876 3835)
4(3588 3875 3876 3589)
4(3834 3835 3876 3875)
4(3549 3590 3877 3836)
4(3589 3876 3877 3590)
4(3835 3836 3877 3876)
4(3550 3591 3878 3837)
4(3590 3877 3878 3591)
4(3836 3837 3878 3877)
4(3551 3592 3879 3838)
4(3591 3878 3879 3592)
4(3837 3838 3879 3878)
4(3552 3593 3880 3839)
4(3592 3879 3880 3593)
4(3838 3839 3880 3879)
4(3553 3594 3881 3840)
4(3593 3880 3881 3594)
4(3839 3840 3881 3880)
4(3554 3595 3882 3841)
4(3594 3881 3882 3595)
4(3840 3841 3882 3881)
4(3555 3596 3883 3842)
4(3595 3882 3883 3596)
4(3841 3842 3883 3882)
4(3556 3597 3884 3843)
4(3596 3883 3884 3597)
4(3842 3843 3884 3883)
4(3557 3598 3885 3844)
4(3597 3884 3885 3598)
4(3843 3844 3885 3884)
4(3558 3599 3886 3845)
4(3598 3885 3886 3599)
4(3844 3845 3886 3885)
4(3559 3600 3887 3846)
4(3599 3886 3887 3600)
4(3845 3846 3887 3886)
4(3560 3601 3888 3847)
4(3600 3887 3888 3601)
4(3846 3847 3888 3887)
4(3561 3602 3889 3848)
4(3601 3888 3889 3602)
4(3847 3848 3889 3888)
4(3562 3603 3890 3849)
4(3602 3889 3890 3603)
4(3848 3849 3890 3889)
4(3563 3604 3891 3850)
4(3603 3890 3891 3604)
4(3849 3850 3891 3890)
4(3564 3605 3892 3851)
4(3604 3891 3892 3605)
4(3850 3851 3892 3891)
4(3565 3606 3893 3852)
4(3605 3892 3893 3606)
4(3851 3852 3893 3892)
4(3606 3893 3894 3607)
4(3852 3853 3894 3893)
4(3568 3609 3896 3855)
4(3608 3895 3896 3609)
4(3854 3855 3896 3895)
4(3569 3610 3897 3856)
4(3609 3896 3897 3610)
4(3855 3856 3897 3896)
4(3570 3611 3898 3857)
4(3610 3897 3898 3611)
4(3856 3857 3898 3897)
4(3571 3612 3899 3858)
4(3611 3898 3899 3612)
4(3857 3858 3899 3898)
4(3572 3613 3900 3859)
4(3612 3899 3900 3613)
4(3858 3859 3900 3899)
4(3573 3614 3901 3860)
4(3613 3900 3901 3614)
4(3859 3860 3901 3900)
4(3574 3615 3902 3861)
4(3614 3901 3902 3615)
4(3860 3861 3902 3901)
4(3575 3616 3903 3862)
4(3615 3902 3903 3616)
4(3861 3862 3903 3902)
4(3576 3617 3904 3863)
4(3616 3903 3904 3617)
4(3862 3863 3904 3903)
4(3577 3618 3905 3864)
4(3617 3904 3905 3618)
4(3863 3864 3905 3904)
4(3578 3619 3906 3865)
4(3618 3905 3906 3619)
4(3864 3865 3906 3905)
4(3579 3620 3907 3866)
4(3619 3906 3907 3620)
4(3865 3866 3907 3906)
4(3580 3621 3908 3867)
4(3620 3907 3908 3621)
4(3866 3867 3908 3907)
4(3581 3622 3909 3868)
4(3621 3908 3909 3622)
4(3867 3868 3909 3908)
4(3582 3623 3910 3869)
4(3622 3909 3910 3623)
4(3868 3869 3910 3909)
4(3583 3624 3911 3870)
4(3623 3910 3911 3624)
4(3869 3870 3911 3910)
4(3584 3625 3912 3871)
4(3624 3911 3912 3625)
4(3870 3871 3912 3911)
4(3585 3626 3913 3872)
4(3625 3912 3913 3626)
4(3871 3872 3913 3912)
4(3586 3627 3914 3873)
4(3626 3913 3914 3627)
4(3872 3873 3914 3913)
4(3587 3628 3915 3874)
4(3627 3914 3915 3628)
4(3873 3874 3915 3914)
4(3588 3629 3916 3875)
4(3628 3915 3916 3629)
4(3874 3875 3916 3915)
4(3589 3630 3917 3876)
4(3629 3916 3917 3630)
4(3875 3876 3917 3916)
4(3590 3631 3918 3877)
4(3630 3917 3918 3631)
4(3876 3877 3918 3917)
4(3591 3632 3919 3878)
4(3631 3918 3919 3632)
4(3877 3878 3919 3918)
4(3592 3633 3920 3879)
4(3632 3919 3920 3633)
4(3878 3879 3920 3919)
4(3593 3634 3921 3880)
4(3633 3920 3921 3634)
4(3879 3880 3921 3920)
4(3594 3635 3922 3881)
4(3634 3921 3922 3635)
4(3880 3881 3922 3921)
4(3595 3636 3923 3882)
4(3635 3922 3923 3636)
4(3881 3882 3923 3922)
4(3596 3637 3924 3883)
4(3636 3923 3924 3637)
4(3882 3883 3924 3923)
4(3597 3638 3925 3884)
4(3637 3924 3925 3638)
4(3883 3884 3925 3924)
4(3598 3639 3926 3885)
4(3638 3925 3926 3639)
4(3884 3885 3926 3925)
4(3599 3640 3927 3886)
4(3639 3926 3927 3640)
4(3885 3886 3927 3926)
4(3600 3641 3928 3887)
4(3640 3927 3928 3641)
4(3886 3887 3928 3927)
4(3601 3642 3929 3888)
4(3641 3928 3929 3642)
4(3887 3888 3929 3928)
4(3602 3643 3930 3889)
4(3642 3929 3930 3643)
4(3888 3889 3930 3929)
4(3603 3644 3931 3890)
4(3643 3930 3931 3644)
4(3889 3890 3931 3930)
4(3604 3645 3932 3891)
4(3644 3931 3932 3645)
4(3890 3891 3932 3931)
4(3605 3646 3933 3892)
4(3645 3932 3933 3646)
4(3891 3892 3933 3932)
4(3606 3647 3934 3893)
4(3646 3933 3934 3647)
4(3892 3893 3934 3933)
4(3647 3934 3935 3648)
4(3893 3894 3935 3934)
4(3609 3650 3937 3896)
4(3649 3936 3937 3650)
4(3895 3896 3937 3936)
4(3610 3651 3938 3897)
4(3650 3937 3938 3651)
4(3896 3897 3938 3937)
4(3611 3652 3939 3898)
4(3651 3938 3939 3652)
4(3897 3898 3939 3938)
4(3612 3653 3940 3899)
4(3652 3939 3940 3653)
4(3898 3899 3940 3939)
4(3613 3654 3941 3900)
4(3653 3940 3941 3654)
4(3899 3900 3941 3940)
4(3614 3655 3942 3901)
4(3654 3941 3942 3655)
4(3900 3901 3942 3941)
4(3615 3656 3943 3902)
4(3655 3942 3943 3656)
4(3901 3902 3943 3942)
4(3616 3657 3944 3903)
4(3656 3943 3944 3657)
4(3902 3903 3944 3943)
4(3617 3658 3945 3904)
4(3657 3944 3945 3658)
4(3903 3904 3945 3944)
4(3618 3659 3946 3905)
4(3658 3945 3946 3659)
4(3904 3905 3946 3945)
4(3619 3660 3947 3906)
4(3659 3946 3947 3660)
4(3905 3906 3947 3946)
4(3620 3661 3948 3907)
4(3660 3947 3948 3661)
4(3906 3907 3948 3947)
4(3621 3662 3949 3908)
4(3661 3948 3949 3662)
4(3907 3908 3949 3948)
4(3622 3663 3950 3909)
4(3662 3949 3950 3663)
4(3908 3909 3950 3949)
4(3623 3664 3951 3910)
4(3663 3950 3951 3664)
4(3909 3910 3951 3950)
4(3624 3665 3952 3911)
4(3664 3951 3952 3665)
4(3910 3911 3952 3951)
4(3625 3666 3953 3912)
4(3665 3952 3953 3666)
4(3911 3912 3953 3952)
4(3626 3667 3954 3913)
4(3666 3953 3954 3667)
4(3912 3913 3954 3953)
4(3627 3668 3955 3914)
4(3667 3954 3955 3668)
4(3913 3914 3955 3954)
4(3628 3669 3956 3915)
4(3668 3955 3956 3669)
4(3914 3915 3956 3955)
4(3629 3670 3957 3916)
4(3669 3956 3957 3670)
4(3915 3916 3957 3956)
4(3630 3671 3958 3917)
4(3670 3957 3958 3671)
4(3916 3917 3958 3957)
4(3631 3672 3959 3918)
4(3671 3958 3959 3672)
4(3917 3918 3959 3958)
4(3632 3673 3960 3919)
4(3672 3959 3960 3673)
4(3918 3919 3960 3959)
4(3633 3674 3961 3920)
4(3673 3960 3961 3674)
4(3919 3920 3961 3960)
4(3634 3675 3962 3921)
4(3674 3961 3962 3675)
4(3920 3921 3962 3961)
4(3635 3676 3963 3922)
4(3675 3962 3963 3676)
4(3921 3922 3963 3962)
4(3636 3677 3964 3923)
4(3676 3963 3964 3677)
4(3922 3923 3964 3963)
4(3637 3678 3965 3924)
4(3677 3964 3965 3678)
4(3923 3924 3965 3964)
4(3638 3679 3966 3925)
4(3678 3965 3966 3679)
4(3924 3925 3966 3965)
4(3639 3680 3967 3926)
4(3679 3966 3967 3680)
4(3925 3926 3967 3966)
4(3640 3681 3968 3927)
4(3680 3967 3968 3681)
4(3926 3927 3968 3967)
4(3641 3682 3969 3928)
4(3681 3968 3969 3682)
4(3927 3928 3969 3968)
4(3642 3683 3970 3929)
4(3682 3969 3970 3683)
4(3928 3929 3970 3969)
4(3643 3684 3971 3930)
4(3683 3970 3971 3684)
4(3929 3930 3971 3970)
4(3644 3685 3972 3931)
4(3684 3971 3972 3685)
4(3930 3931 3972 3971)
4(3645 3686 3973 3932)
4(3685 3972 3973 3686)
4(3931 3932 3973 3972)
4(3646 3687 3974 3933)
4(3686 3973 3974 3687)
4(3932 3933 3974 3973)
4(3647 3688 3975 3934)
4(3687 3974 3975 3688)
4(3933 3934 3975 3974)
4(3688 3975 3976 3689)
4(3934 3935 3976 3975)
4(3650 3691 3978 3937)
4(3936 3937 3978 3977)
4(3651 3692 3979 3938)
4(3937 3938 3979 3978)
4(3652 3693 3980 3939)
4(3938 3939 3980 3979)
4(3653 3694 3981 3940)
4(3939 3940 3981 3980)
4(3654 3695 3982 3941)
4(3940 3941 3982 3981)
4(3655 3696 3983 3942)
4(3941 3942 3983 3982)
4(3656 3697 3984 3943)
4(3942 3943 3984 3983)
4(3657 3698 3985 3944)
4(3943 3944 3985 3984)
4(3658 3699 3986 3945)
4(3944 3945 3986 3985)
4(3659 3700 3987 3946)
4(3945 3946 3987 3986)
4(3660 3701 3988 3947)
4(3946 3947 3988 3987)
4(3661 3702 3989 3948)
4(3947 3948 3989 3988)
4(3662 3703 3990 3949)
4(3948 3949 3990 3989)
4(3663 3704 3991 3950)
4(3949 3950 3991 3990)
4(3664 3705 3992 3951)
4(3950 3951 3992 3991)
4(3665 3706 3993 3952)
4(3951 3952 3993 3992)
4(3666 3707 3994 3953)
4(3952 3953 3994 3993)
4(3667 3708 3995 3954)
4(3953 3954 3995 3994)
4(3668 3709 3996 3955)
4(3954 3955 3996 3995)
4(3669 3710 3997 3956)
4(3955 3956 3997 3996)
4(3670 3711 3998 3957)
4(3956 3957 3998 3997)
4(3671 3712 3999 3958)
4(3957 3958 3999 3998)
4(3672 3713 4000 3959)
4(3958 3959 4000 3999)
4(3673 3714 4001 3960)
4(3959 3960 4001 4000)
4(3674 3715 4002 3961)
4(3960 3961 4002 4001)
4(3675 3716 4003 3962)
4(3961 3962 4003 4002)
4(3676 3717 4004 3963)
4(3962 3963 4004 4003)
4(3677 3718 4005 3964)
4(3963 3964 4005 4004)
4(3678 3719 4006 3965)
4(3964 3965 4006 4005)
4(3679 3720 4007 3966)
4(3965 3966 4007 4006)
4(3680 3721 4008 3967)
4(3966 3967 4008 4007)
4(3681 3722 4009 3968)
4(3967 3968 4009 4008)
4(3682 3723 4010 3969)
4(3968 3969 4010 4009)
4(3683 3724 4011 3970)
4(3969 3970 4011 4010)
4(3684 3725 4012 3971)
4(3970 3971 4012 4011)
4(3685 3726 4013 3972)
4(3971 3972 4013 4012)
4(3686 3727 4014 3973)
4(3972 3973 4014 4013)
4(3687 3728 4015 3974)
4(3973 3974 4015 4014)
4(3688 3729 4016 3975)
4(3974 3975 4016 4015)
4(3975 3976 4017 4016)
4(3732 3773 4060 4019)
4(3772 4059 4060 3773)
4(3733 3774 4061 4020)
4(3773 4060 4061 3774)
4(3734 3775 4062 4021)
4(3774 4061 4062 3775)
4(3735 3776 4063 4022)
4(3775 4062 4063 3776)
4(3736 3777 4064 4023)
4(3776 4063 4064 3777)
4(3737 3778 4065 4024)
4(3777 4064 4065 3778)
4(3738 3779 4066 4025)
4(3778 4065 4066 3779)
4(3739 3780 4067 4026)
4(3779 4066 4067 3780)
4(3740 3781 4068 4027)
4(3780 4067 4068 3781)
4(3741 3782 4069 4028)
4(3781 4068 4069 3782)
4(3742 3783 4070 4029)
4(3782 4069 4070 3783)
4(3743 3784 4071 4030)
4(3783 4070 4071 3784)
4(3744 3785 4072 4031)
4(3784 4071 4072 3785)
4(3745 3786 4073 4032)
4(3785 4072 4073 3786)
4(3746 3787 4074 4033)
4(3786 4073 4074 3787)
4(3747 3788 4075 4034)
4(3787 4074 4075 3788)
4(3748 3789 4076 4035)
4(3788 4075 4076 3789)
4(3749 3790 4077 4036)
4(3789 4076 4077 3790)
4(3750 3791 4078 4037)
4(3790 4077 4078 3791)
4(3751 3792 4079 4038)
4(3791 4078 4079 3792)
4(3752 3793 4080 4039)
4(3792 4079 4080 3793)
4(3753 3794 4081 4040)
4(3793 4080 4081 3794)
4(3754 3795 4082 4041)
4(3794 4081 4082 3795)
4(3755 3796 4083 4042)
4(3795 4082 4083 3796)
4(3756 3797 4084 4043)
4(3796 4083 4084 3797)
4(3757 3798 4085 4044)
4(3797 4084 4085 3798)
4(3758 3799 4086 4045)
4(3798 4085 4086 3799)
4(3759 3800 4087 4046)
4(3799 4086 4087 3800)
4(3760 3801 4088 4047)
4(3800 4087 4088 3801)
4(3761 3802 4089 4048)
4(3801 4088 4089 3802)
4(3762 3803 4090 4049)
4(3802 4089 4090 3803)
4(3763 3804 4091 4050)
4(3803 4090 4091 3804)
4(3764 3805 4092 4051)
4(3804 4091 4092 3805)
4(3765 3806 4093 4052)
4(3805 4092 4093 3806)
4(3766 3807 4094 4053)
4(3806 4093 4094 3807)
4(3767 3808 4095 4054)
4(3807 4094 4095 3808)
4(3768 3809 4096 4055)
4(3808 4095 4096 3809)
4(3769 3810 4097 4056)
4(3809 4096 4097 3810)
4(3770 3811 4098 4057)
4(3810 4097 4098 3811)
4(3811 4098 4099 3812)
4(3773 3814 4101 4060)
4(3813 4100 4101 3814)
4(3774 3815 4102 4061)
4(3814 4101 4102 3815)
4(3775 3816 4103 4062)
4(3815 4102 4103 3816)
4(3776 3817 4104 4063)
4(3816 4103 4104 3817)
4(3777 3818 4105 4064)
4(3817 4104 4105 3818)
4(3778 3819 4106 4065)
4(3818 4105 4106 3819)
4(3779 3820 4107 4066)
4(3819 4106 4107 3820)
4(3780 3821 4108 4067)
4(3820 4107 4108 3821)
4(3781 3822 4109 4068)
4(3821 4108 4109 3822)
4(3782 3823 4110 4069)
4(3822 4109 4110 3823)
4(3783 3824 4111 4070)
4(3823 4110 4111 3824)
4(3784 3825 4112 4071)
4(3824 4111 4112 3825)
4(3785 3826 4113 4072)
4(3825 4112 4113 3826)
4(3786 3827 4114 4073)
4(3826 4113 4114 3827)
4(3787 3828 4115 4074)
4(3827 4114 4115 3828)
4(3788 3829 4116 4075)
4(3828 4115 4116 3829)
4(3789 3830 4117 4076)
4(3829 4116 4117 3830)
4(3790 3831 4118 4077)
4(3830 4117 4118 3831)
4(3791 3832 4119 4078)
4(3831 4118 4119 3832)
4(3792 3833 4120 4079)
4(3832 4119 4120 3833)
4(3793 3834 4121 4080)
4(3833 4120 4121 3834)
4(3794 3835 4122 4081)
4(3834 4121 4122 3835)
4(3795 3836 4123 4082)
4(3835 4122 4123 3836)
4(3796 3837 4124 4083)
4(3836 4123 4124 3837)
4(3797 3838 4125 4084)
4(3837 4124 4125 3838)
4(3798 3839 4126 4085)
4(3838 4125 4126 3839)
4(3799 3840 4127 4086)
4(3839 4126 4127 3840)
4(3800 3841 4128 4087)
4(3840 4127 4128 3841)
4(3801 3842 4129 4088)
4(3841 4128 4129 3842)
4(3802 3843 4130 4089)
4(3842 4129 4130 3843)
4(3803 3844 4131 4090)
4(3843 4130 4131 3844)
4(3804 3845 4132 4091)
4(3844 4131 4132 3845)
4(3805 3846 4133 4092)
4(3845 4132 4133 3846)
4(3806 3847 4134 4093)
4(3846 4133 4134 3847)
4(3807 3848 4135 4094)
4(3847 4134 4135 3848)
4(3808 3849 4136 4095)
4(3848 4135 4136 3849)
4(3809 3850 4137 4096)
4(3849 4136 4137 3850)
4(3810 3851 4138 4097)
4(3850 4137 4138 3851)
4(3811 3852 4139 4098)
4(3851 4138 4139 3852)
4(3852 4139 4140 3853)
4(3814 3855 4142 4101)
4(3854 4141 4142 3855)
4(3815 3856 4143 4102)
4(3855 4142 4143 3856)
4(3816 3857 4144 4103)
4(3856 4143 4144 3857)
4(3817 3858 4145 4104)
4(3857 4144 4145 3858)
4(3818 3859 4146 4105)
4(3858 4145 4146 3859)
4(3819 3860 4147 4106)
4(3859 4146 4147 3860)
4(3820 3861 4148 4107)
4(3860 4147 4148 3861)
4(3821 3862 4149 4108)
4(3861 4148 4149 3862)
4(3822 3863 4150 4109)
4(3862 4149 4150 3863)
4(3823 3864 4151 4110)
4(3863 4150 4151 3864)
4(3824 3865 4152 4111)
4(3864 4151 4152 3865)
4(3825 3866 4153 4112)
4(3865 4152 4153 3866)
4(3826 3867 4154 4113)
4(3866 4153 4154 3867)
4(3827 3868 4155 4114)
4(3867 4154 4155 3868)
4(3828 3869 4156 4115)
4(3868 4155 4156 3869)
4(3829 3870 4157 4116)
4(3869 4156 4157 3870)
4(3830 3871 4158 4117)
4(3870 4157 4158 3871)
4(3831 3872 4159 4118)
4(3871 4158 4159 3872)
4(3832 3873 4160 4119)
4(3872 4159 4160 3873)
4(3833 3874 4161 4120)
4(3873 4160 4161 3874)
4(3834 3875 4162 4121)
4(3874 4161 4162 3875)
4(3835 3876 4163 4122)
4(3875 4162 4163 3876)
4(3836 3877 4164 4123)
4(3876 4163 4164 3877)
4(3837 3878 4165 4124)
4(3877 4164 4165 3878)
4(3838 3879 4166 4125)
4(3878 4165 4166 3879)
4(3839 3880 4167 4126)
4(3879 4166 4167 3880)
4(3840 3881 4168 4127)
4(3880 4167 4168 3881)
4(3841 3882 4169 4128)
4(3881 4168 4169 3882)
4(3842 3883 4170 4129)
4(3882 4169 4170 3883)
4(3843 3884 4171 4130)
4(3883 4170 4171 3884)
4(3844 3885 4172 4131)
4(3884 4171 4172 3885)
4(3845 3886 4173 4132)
4(3885 4172 4173 3886)
4(3846 3887 4174 4133)
4(3886 4173 4174 3887)
4(3847 3888 4175 4134)
4(3887 4174 4175 3888)
4(3848 3889 4176 4135)
4(3888 4175 4176 3889)
4(3849 3890 4177 4136)
4(3889 4176 4177 3890)
4(3850 3891 4178 4137)
4(3890 4177 4178 3891)
4(3851 3892 4179 4138)
4(3891 4178 4179 3892)
4(3852 3893 4180 4139)
4(3892 4179 4180 3893)
4(3893 4180 4181 3894)
4(3855 3896 4183 4142)
4(3895 4182 4183 3896)
4(3856 3897 4184 4143)
4(3896 4183 4184 3897)
4(3857 3898 4185 4144)
4(3897 4184 4185 3898)
4(3858 3899 4186 4145)
4(3898 4185 4186 3899)
4(3859 3900 4187 4146)
4(3899 4186 4187 3900)
4(3860 3901 4188 4147)
4(3900 4187 4188 3901)
4(3861 3902 4189 4148)
4(3901 4188 4189 3902)
4(3862 3903 4190 4149)
4(3902 4189 4190 3903)
4(3863 3904 4191 4150)
4(3903 4190 4191 3904)
4(3864 3905 4192 4151)
4(3904 4191 4192 3905)
4(3865 3906 4193 4152)
4(3905 4192 4193 3906)
4(3866 3907 4194 4153)
4(3906 4193 4194 3907)
4(3867 3908 4195 4154)
4(3907 4194 4195 3908)
4(3868 3909 4196 4155)
4(3908 4195 4196 3909)
4(3869 3910 4197 4156)
4(3909 4196 4197 3910)
4(3870 3911 4198 4157)
4(3910 4197 4198 3911)
4(3871 3912 4199 4158)
4(3911 4198 4199 3912)
4(3872 3913 4200 4159)
4(3912 4199 4200 3913)
4(3873 3914 4201 4160)
4(3913 4200 4201 3914)
4(3874 3915 4202 4161)
4(3914 4201 4202 3915)
4(3875 3916 4203 4162)
4(3915 4202 4203 3916)
4(3876 3917 4204 4163)
4(3916 4203 4204 3917)
4(3877 3918 4205 4164)
4(3917 4204 4205 3918)
4(3878 3919 4206 4165)
4(3918 4205 4206 3919)
4(3879 3920 4207 4166)
4(3919 4206 4207 3920)
4(3880 3921 4208 4167)
4(3920 4207 4208 3921)
4(3881 3922 4209 4168)
4(3921 4208 4209 3922)
4(3882 3923 4210 4169)
4(3922 4209 4210 3923)
4(3883 3924 4211 4170)
4(3923 4210 4211 3924)
4(3884 3925 4212 4171)
4(3924 4211 4212 3925)
4(3885 3926 4213 4172)
4(3925 4212 4213 3926)
4(3886 3927 4214 4173)
4(3926 4213 4214 3927)
4(3887 3928 4215 4174)
4(3927 4214 4215 3928)
4(3888 3929 4216 4175)
4(3928 4215 4216 3929)
4(3889 3930 4217 4176)
4(3929 4216 4217 3930)
4(3890 3931 4218 4177)
4(3930 4217 4218 3931)
4(3891 3932 4219 4178)
4(3931 4218 4219 3932)
4(3892 3933 4220 4179)
4(3932 4219 4220 3933)
4(3893 3934 4221 4180)
4(3933 4220 4221 3934)
4(3934 4221 4222 3935)
4(3896 3937 4224 4183)
4(3936 4223 4224 3937)
4(3897 3938 4225 4184)
4(3937 4224 4225 3938)
4(3898 3939 4226 4185)
4(3938 4225 4226 3939)
4(3899 3940 4227 4186)
4(3939 4226 4227 3940)
4(3900 3941 4228 4187)
4(3940 4227 4228 3941)
4(3901 3942 4229 4188)
4(3941 4228 4229 3942)
4(3902 3943 4230 4189)
4(3942 4229 4230 3943)
4(3903 3944 4231 4190)
4(3943 4230 4231 3944)
4(3904 3945 4232 4191)
4(3944 4231 4232 3945)
4(3905 3946 4233 4192)
4(3945 4232 4233 3946)
4(3906 3947 4234 4193)
4(3946 4233 4234 3947)
4(3907 3948 4235 4194)
4(3947 4234 4235 3948)
4(3908 3949 4236 4195)
4(3948 4235 4236 3949)
4(3909 3950 4237 4196)
4(3949 4236 4237 3950)
4(3910 3951 4238 4197)
4(3950 4237 4238 3951)
4(3911 3952 4239 4198)
4(3951 4238 4239 3952)
4(3912 3953 4240 4199)
4(3952 4239 4240 3953)
4(3913 3954 4241 4200)
4(3953 4240 4241 3954)
4(3914 3955 4242 4201)
4(3954 4241 4242 3955)
4(3915 3956 4243 4202)
4(3955 4242 4243 3956)
4(3916 3957 4244 4203)
4(3956 4243 4244 3957)
4(3917 3958 4245 4204)
4(3957 4244 4245 3958)
4(3918 3959 4246 4205)
4(3958 4245 4246 3959)
4(3919 3960 4247 4206)
4(3959 4246 4247 3960)
4(3920 3961 4248 4207)
4(3960 4247 4248 3961)
4(3921 3962 4249 4208)
4(3961 4248 4249 3962)
4(3922 3963 4250 4209)
4(3962 4249 4250 3963)
4(3923 3964 4251 4210)
4(3963 4250 4251 3964)
4(3924 3965 4252 4211)
4(3964 4251 4252 3965)
4(3925 3966 4253 4212)
4(3965 4252 4253 3966)
4(3926 3967 4254 4213)
4(3966 4253 4254 3967)
4(3927 3968 4255 4214)
4(3967 4254 4255 3968)
4(3928 3969 4256 4215)
4(3968 4255 4256 3969)
4(3929 3970 4257 4216)
4(3969 4256 4257 3970)
4(3930 3971 4258 4217)
4(3970 4257 4258 3971)
4(3931 3972 4259 4218)
4(3971 4258 4259 3972)
4(3932 3973 4260 4219)
4(3972 4259 4260 3973)
4(3933 3974 4261 4220)
4(3973 4260 4261 3974)
4(3934 3975 4262 4221)
4(3974 4261 4262 3975)
4(3975 4262 4263 3976)
4(3937 3978 4265 4224)
4(3938 3979 4266 4225)
4(3939 3980 4267 4226)
4(3940 3981 4268 4227)
4(3941 3982 4269 4228)
4(3942 3983 4270 4229)
4(3943 3984 4271 4230)
4(3944 3985 4272 4231)
4(3945 3986 4273 4232)
4(3946 3987 4274 4233)
4(3947 3988 4275 4234)
4(3948 3989 4276 4235)
4(3949 3990 4277 4236)
4(3950 3991 4278 4237)
4(3951 3992 4279 4238)
4(3952 3993 4280 4239)
4(3953 3994 4281 4240)
4(3954 3995 4282 4241)
4(3955 3996 4283 4242)
4(3956 3997 4284 4243)
4(3957 3998 4285 4244)
4(3958 3999 4286 4245)
4(3959 4000 4287 4246)
4(3960 4001 4288 4247)
4(3961 4002 4289 4248)
4(3962 4003 4290 4249)
4(3963 4004 4291 4250)
4(3964 4005 4292 4251)
4(3965 4006 4293 4252)
4(3966 4007 4294 4253)
4(3967 4008 4295 4254)
4(3968 4009 4296 4255)
4(3969 4010 4297 4256)
4(3970 4011 4298 4257)
4(3971 4012 4299 4258)
4(3972 4013 4300 4259)
4(3973 4014 4301 4260)
4(3974 4015 4302 4261)
4(3975 4016 4303 4262)
4(246 533 534 247)
4(533 820 821 534)
4(820 1107 1108 821)
4(1107 1394 1395 1108)
4(1394 1681 1682 1395)
4(1681 1968 1969 1682)
4(1968 2255 2256 1969)
4(2255 2542 2543 2256)
4(2542 2829 2830 2543)
4(2829 3116 3117 2830)
4(3116 3403 3404 3117)
4(3403 3690 3691 3404)
4(3690 3977 3978 3691)
4(3977 4264 4265 3978)
4(247 534 535 248)
4(534 821 822 535)
4(821 1108 1109 822)
4(1108 1395 1396 1109)
4(1395 1682 1683 1396)
4(1682 1969 1970 1683)
4(1969 2256 2257 1970)
4(2256 2543 2544 2257)
4(2543 2830 2831 2544)
4(2830 3117 3118 2831)
4(3117 3404 3405 3118)
4(3404 3691 3692 3405)
4(3691 3978 3979 3692)
4(3978 4265 4266 3979)
4(248 535 536 249)
4(535 822 823 536)
4(822 1109 1110 823)
4(1109 1396 1397 1110)
4(1396 1683 1684 1397)
4(1683 1970 1971 1684)
4(1970 2257 2258 1971)
4(2257 2544 2545 2258)
4(2544 2831 2832 2545)
4(2831 3118 3119 2832)
4(3118 3405 3406 3119)
4(3405 3692 3693 3406)
4(3692 3979 3980 3693)
4(3979 4266 4267 3980)
4(249 536 537 250)
4(536 823 824 537)
4(823 1110 1111 824)
4(1110 1397 1398 1111)
4(1397 1684 1685 1398)
4(1684 1971 1972 1685)
4(1971 2258 2259 1972)
4(2258 2545 2546 2259)
4(2545 2832 2833 2546)
4(2832 3119 3120 2833)
4(3119 3406 3407 3120)
4(3406 3693 3694 3407)
4(3693 3980 3981 3694)
4(3980 4267 4268 3981)
4(250 537 538 251)
4(537 824 825 538)
4(824 1111 1112 825)
4(1111 1398 1399 1112)
4(1398 1685 1686 1399)
4(1685 1972 1973 1686)
4(1972 2259 2260 1973)
4(2259 2546 2547 2260)
4(2546 2833 2834 2547)
4(2833 3120 3121 2834)
4(3120 3407 3408 3121)
4(3407 3694 3695 3408)
4(3694 3981 3982 3695)
4(3981 4268 4269 3982)
4(251 538 539 252)
4(538 825 826 539)
4(825 1112 1113 826)
4(1112 1399 1400 1113)
4(1399 1686 1687 1400)
4(1686 1973 1974 1687)
4(1973 2260 2261 1974)
4(2260 2547 2548 2261)
4(2547 2834 2835 2548)
4(2834 3121 3122 2835)
4(3121 3408 3409 3122)
4(3408 3695 3696 3409)
4(3695 3982 3983 3696)
4(3982 4269 4270 3983)
4(252 539 540 253)
4(539 826 827 540)
4(826 1113 1114 827)
4(1113 1400 1401 1114)
4(1400 1687 1688 1401)
4(1687 1974 1975 1688)
4(1974 2261 2262 1975)
4(2261 2548 2549 2262)
4(2548 2835 2836 2549)
4(2835 3122 3123 2836)
4(3122 3409 3410 3123)
4(3409 3696 3697 3410)
4(3696 3983 3984 3697)
4(3983 4270 4271 3984)
4(253 540 541 254)
4(540 827 828 541)
4(827 1114 1115 828)
4(1114 1401 1402 1115)
4(1401 1688 1689 1402)
4(1688 1975 1976 1689)
4(1975 2262 2263 1976)
4(2262 2549 2550 2263)
4(2549 2836 2837 2550)
4(2836 3123 3124 2837)
4(3123 3410 3411 3124)
4(3410 3697 3698 3411)
4(3697 3984 3985 3698)
4(3984 4271 4272 3985)
4(254 541 542 255)
4(541 828 829 542)
4(828 1115 1116 829)
4(1115 1402 1403 1116)
4(1402 1689 1690 1403)
4(1689 1976 1977 1690)
4(1976 2263 2264 1977)
4(2263 2550 2551 2264)
4(2550 2837 2838 2551)
4(2837 3124 3125 2838)
4(3124 3411 3412 3125)
4(3411 3698 3699 3412)
4(3698 3985 3986 3699)
4(3985 4272 4273 3986)
4(255 542 543 256)
4(542 829 830 543)
4(829 1116 1117 830)
4(1116 1403 1404 1117)
4(1403 1690 1691 1404)
4(1690 1977 1978 1691)
4(1977 2264 2265 1978)
4(2264 2551 2552 2265)
4(2551 2838 2839 2552)
4(2838 3125 3126 2839)
4(3125 3412 3413 3126)
4(3412 3699 3700 3413)
4(3699 3986 3987 3700)
4(3986 4273 4274 3987)
4(256 543 544 257)
4(543 830 831 544)
4(830 1117 1118 831)
4(1117 1404 1405 1118)
4(1404 1691 1692 1405)
4(1691 1978 1979 1692)
4(1978 2265 2266 1979)
4(2265 2552 2553 2266)
4(2552 2839 2840 2553)
4(2839 3126 3127 2840)
4(3126 3413 3414 3127)
4(3413 3700 3701 3414)
4(3700 3987 3988 3701)
4(3987 4274 4275 3988)
4(257 544 545 258)
4(544 831 832 545)
4(831 1118 1119 832)
4(1118 1405 1406 1119)
4(1405 1692 1693 1406)
4(1692 1979 1980 1693)
4(1979 2266 2267 1980)
4(2266 2553 2554 2267)
4(2553 2840 2841 2554)
4(2840 3127 3128 2841)
4(3127 3414 3415 3128)
4(3414 3701 3702 3415)
4(3701 3988 3989 3702)
4(3988 4275 4276 3989)
4(258 545 546 259)
4(545 832 833 546)
4(832 1119 1120 833)
4(1119 1406 1407 1120)
4(1406 1693 1694 1407)
4(1693 1980 1981 1694)
4(1980 2267 2268 1981)
4(2267 2554 2555 2268)
4(2554 2841 2842 2555)
4(2841 3128 3129 2842)
4(3128 3415 3416 3129)
4(3415 3702 3703 3416)
4(3702 3989 3990 3703)
4(3989 4276 4277 3990)
4(259 546 547 260)
4(546 833 834 547)
4(833 1120 1121 834)
4(1120 1407 1408 1121)
4(1407 1694 1695 1408)
4(1694 1981 1982 1695)
4(1981 2268 2269 1982)
4(2268 2555 2556 2269)
4(2555 2842 2843 2556)
4(2842 3129 3130 2843)
4(3129 3416 3417 3130)
4(3416 3703 3704 3417)
4(3703 3990 3991 3704)
4(3990 4277 4278 3991)
4(260 547 548 261)
4(547 834 835 548)
4(834 1121 1122 835)
4(1121 1408 1409 1122)
4(1408 1695 1696 1409)
4(1695 1982 1983 1696)
4(1982 2269 2270 1983)
4(2269 2556 2557 2270)
4(2556 2843 2844 2557)
4(2843 3130 3131 2844)
4(3130 3417 3418 3131)
4(3417 3704 3705 3418)
4(3704 3991 3992 3705)
4(3991 4278 4279 3992)
4(261 548 549 262)
4(548 835 836 549)
4(835 1122 1123 836)
4(1122 1409 1410 1123)
4(1409 1696 1697 1410)
4(1696 1983 1984 1697)
4(1983 2270 2271 1984)
4(2270 2557 2558 2271)
4(2557 2844 2845 2558)
4(2844 3131 3132 2845)
4(3131 3418 3419 3132)
4(3418 3705 3706 3419)
4(3705 3992 3993 3706)
4(3992 4279 4280 3993)
4(262 549 550 263)
4(549 836 837 550)
4(836 1123 1124 837)
4(1123 1410 1411 1124)
4(1410 1697 1698 1411)
4(1697 1984 1985 1698)
4(1984 2271 2272 1985)
4(2271 2558 2559 2272)
4(2558 2845 2846 2559)
4(2845 3132 3133 2846)
4(3132 3419 3420 3133)
4(3419 3706 3707 3420)
4(3706 3993 3994 3707)
4(3993 4280 4281 3994)
4(263 550 551 264)
4(550 837 838 551)
4(837 1124 1125 838)
4(1124 1411 1412 1125)
4(1411 1698 1699 1412)
4(1698 1985 1986 1699)
4(1985 2272 2273 1986)
4(2272 2559 2560 2273)
4(2559 2846 2847 2560)
4(2846 3133 3134 2847)
4(3133 3420 3421 3134)
4(3420 3707 3708 3421)
4(3707 3994 3995 3708)
4(3994 4281 4282 3995)
4(264 551 552 265)
4(551 838 839 552)
4(838 1125 1126 839)
4(1125 1412 1413 1126)
4(1412 1699 1700 1413)
4(1699 1986 1987 1700)
4(1986 2273 2274 1987)
4(2273 2560 2561 2274)
4(2560 2847 2848 2561)
4(2847 3134 3135 2848)
4(3134 3421 3422 3135)
4(3421 3708 3709 3422)
4(3708 3995 3996 3709)
4(3995 4282 4283 3996)
4(265 552 553 266)
4(552 839 840 553)
4(839 1126 1127 840)
4(1126 1413 1414 1127)
4(1413 1700 1701 1414)
4(1700 1987 1988 1701)
4(1987 2274 2275 1988)
4(2274 2561 2562 2275)
4(2561 2848 2849 2562)
4(2848 3135 3136 2849)
4(3135 3422 3423 3136)
4(3422 3709 3710 3423)
4(3709 3996 3997 3710)
4(3996 4283 4284 3997)
4(266 553 554 267)
4(553 840 841 554)
4(840 1127 1128 841)
4(1127 1414 1415 1128)
4(1414 1701 1702 1415)
4(1701 1988 1989 1702)
4(1988 2275 2276 1989)
4(2275 2562 2563 2276)
4(2562 2849 2850 2563)
4(2849 3136 3137 2850)
4(3136 3423 3424 3137)
4(3423 3710 3711 3424)
4(3710 3997 3998 3711)
4(3997 4284 4285 3998)
4(267 554 555 268)
4(554 841 842 555)
4(841 1128 1129 842)
4(1128 1415 1416 1129)
4(1415 1702 1703 1416)
4(1702 1989 1990 1703)
4(1989 2276 2277 1990)
4(2276 2563 2564 2277)
4(2563 2850 2851 2564)
4(2850 3137 3138 2851)
4(3137 3424 3425 3138)
4(3424 3711 3712 3425)
4(3711 3998 3999 3712)
4(3998 4285 4286 3999)
4(268 555 556 269)
4(555 842 843 556)
4(842 1129 1130 843)
4(1129 1416 1417 1130)
4(1416 1703 1704 1417)
4(1703 1990 1991 1704)
4(1990 2277 2278 1991)
4(2277 2564 2565 2278)
4(2564 2851 2852 2565)
4(2851 3138 3139 2852)
4(3138 3425 3426 3139)
4(3425 3712 3713 3426)
4(3712 3999 4000 3713)
4(3999 4286 4287 4000)
4(269 556 557 270)
4(556 843 844 557)
4(843 1130 1131 844)
4(1130 1417 1418 1131)
4(1417 1704 1705 1418)
4(1704 1991 1992 1705)
4(1991 2278 2279 1992)
4(2278 2565 2566 2279)
4(2565 2852 2853 2566)
4(2852 3139 3140 2853)
4(3139 3426 3427 3140)
4(3426 3713 3714 3427)
4(3713 4000 4001 3714)
4(4000 4287 4288 4001)
4(270 557 558 271)
4(557 844 845 558)
4(844 1131 1132 845)
4(1131 1418 1419 1132)
4(1418 1705 1706 1419)
4(1705 1992 1993 1706)
4(1992 2279 2280 1993)
4(2279 2566 2567 2280)
4(2566 2853 2854 2567)
4(2853 3140 3141 2854)
4(3140 3427 3428 3141)
4(3427 3714 3715 3428)
4(3714 4001 4002 3715)
4(4001 4288 4289 4002)
4(271 558 559 272)
4(558 845 846 559)
4(845 1132 1133 846)
4(1132 1419 1420 1133)
4(1419 1706 1707 1420)
4(1706 1993 1994 1707)
4(1993 2280 2281 1994)
4(2280 2567 2568 2281)
4(2567 2854 2855 2568)
4(2854 3141 3142 2855)
4(3141 3428 3429 3142)
4(3428 3715 3716 3429)
4(3715 4002 4003 3716)
4(4002 4289 4290 4003)
4(272 559 560 273)
4(559 846 847 560)
4(846 1133 1134 847)
4(1133 1420 1421 1134)
4(1420 1707 1708 1421)
4(1707 1994 1995 1708)
4(1994 2281 2282 1995)
4(2281 2568 2569 2282)
4(2568 2855 2856 2569)
4(2855 3142 3143 2856)
4(3142 3429 3430 3143)
4(3429 3716 3717 3430)
4(3716 4003 4004 3717)
4(4003 4290 4291 4004)
4(273 560 561 274)
4(560 847 848 561)
4(847 1134 1135 848)
4(1134 1421 1422 1135)
4(1421 1708 1709 1422)
4(1708 1995 1996 1709)
4(1995 2282 2283 1996)
4(2282 2569 2570 2283)
4(2569 2856 2857 2570)
4(2856 3143 3144 2857)
4(3143 3430 3431 3144)
4(3430 3717 3718 3431)
4(3717 4004 4005 3718)
4(4004 4291 4292 4005)
4(274 561 562 275)
4(561 848 849 562)
4(848 1135 1136 849)
4(1135 1422 1423 1136)
4(1422 1709 1710 1423)
4(1709 1996 1997 1710)
4(1996 2283 2284 1997)
4(2283 2570 2571 2284)
4(2570 2857 2858 2571)
4(2857 3144 3145 2858)
4(3144 3431 3432 3145)
4(3431 3718 3719 3432)
4(3718 4005 4006 3719)
4(4005 4292 4293 4006)
4(275 562 563 276)
4(562 849 850 563)
4(849 1136 1137 850)
4(1136 1423 1424 1137)
4(1423 1710 1711 1424)
4(1710 1997 1998 1711)
4(1997 2284 2285 1998)
4(2284 2571 2572 2285)
4(2571 2858 2859 2572)
4(2858 3145 3146 2859)
4(3145 3432 3433 3146)
4(3432 3719 3720 3433)
4(3719 4006 4007 3720)
4(4006 4293 4294 4007)
4(276 563 564 277)
4(563 850 851 564)
4(850 1137 1138 851)
4(1137 1424 1425 1138)
4(1424 1711 1712 1425)
4(1711 1998 1999 1712)
4(1998 2285 2286 1999)
4(2285 2572 2573 2286)
4(2572 2859 2860 2573)
4(2859 3146 3147 2860)
4(3146 3433 3434 3147)
4(3433 3720 3721 3434)
4(3720 4007 4008 3721)
4(4007 4294 4295 4008)
4(277 564 565 278)
4(564 851 852 565)
4(851 1138 1139 852)
4(1138 1425 1426 1139)
4(1425 1712 1713 1426)
4(1712 1999 2000 1713)
4(1999 2286 2287 2000)
4(2286 2573 2574 2287)
4(2573 2860 2861 2574)
4(2860 3147 3148 2861)
4(3147 3434 3435 3148)
4(3434 3721 3722 3435)
4(3721 4008 4009 3722)
4(4008 4295 4296 4009)
4(278 565 566 279)
4(565 852 853 566)
4(852 1139 1140 853)
4(1139 1426 1427 1140)
4(1426 1713 1714 1427)
4(1713 2000 2001 1714)
4(2000 2287 2288 2001)
4(2287 2574 2575 2288)
4(2574 2861 2862 2575)
4(2861 3148 3149 2862)
4(3148 3435 3436 3149)
4(3435 3722 3723 3436)
4(3722 4009 4010 3723)
4(4009 4296 4297 4010)
4(279 566 567 280)
4(566 853 854 567)
4(853 1140 1141 854)
4(1140 1427 1428 1141)
4(1427 1714 1715 1428)
4(1714 2001 2002 1715)
4(2001 2288 2289 2002)
4(2288 2575 2576 2289)
4(2575 2862 2863 2576)
4(2862 3149 3150 2863)
4(3149 3436 3437 3150)
4(3436 3723 3724 3437)
4(3723 4010 4011 3724)
4(4010 4297 4298 4011)
4(280 567 568 281)
4(567 854 855 568)
4(854 1141 1142 855)
4(1141 1428 1429 1142)
4(1428 1715 1716 1429)
4(1715 2002 2003 1716)
4(2002 2289 2290 2003)
4(2289 2576 2577 2290)
4(2576 2863 2864 2577)
4(2863 3150 3151 2864)
4(3150 3437 3438 3151)
4(3437 3724 3725 3438)
4(3724 4011 4012 3725)
4(4011 4298 4299 4012)
4(281 568 569 282)
4(568 855 856 569)
4(855 1142 1143 856)
4(1142 1429 1430 1143)
4(1429 1716 1717 1430)
4(1716 2003 2004 1717)
4(2003 2290 2291 2004)
4(2290 2577 2578 2291)
4(2577 2864 2865 2578)
4(2864 3151 3152 2865)
4(3151 3438 3439 3152)
4(3438 3725 3726 3439)
4(3725 4012 4013 3726)
4(4012 4299 4300 4013)
4(282 569 570 283)
4(569 856 857 570)
4(856 1143 1144 857)
4(1143 1430 1431 1144)
4(1430 1717 1718 1431)
4(1717 2004 2005 1718)
4(2004 2291 2292 2005)
4(2291 2578 2579 2292)
4(2578 2865 2866 2579)
4(2865 3152 3153 2866)
4(3152 3439 3440 3153)
4(3439 3726 3727 3440)
4(3726 4013 4014 3727)
4(4013 4300 4301 4014)
4(283 570 571 284)
4(570 857 858 571)
4(857 1144 1145 858)
4(1144 1431 1432 1145)
4(1431 1718 1719 1432)
4(1718 2005 2006 1719)
4(2005 2292 2293 2006)
4(2292 2579 2580 2293)
4(2579 2866 2867 2580)
4(2866 3153 3154 2867)
4(3153 3440 3441 3154)
4(3440 3727 3728 3441)
4(3727 4014 4015 3728)
4(4014 4301 4302 4015)
4(284 571 572 285)
4(571 858 859 572)
4(858 1145 1146 859)
4(1145 1432 1433 1146)
4(1432 1719 1720 1433)
4(1719 2006 2007 1720)
4(2006 2293 2294 2007)
4(2293 2580 2581 2294)
4(2580 2867 2868 2581)
4(2867 3154 3155 2868)
4(3154 3441 3442 3155)
4(3441 3728 3729 3442)
4(3728 4015 4016 3729)
4(4015 4302 4303 4016)
4(285 572 573 286)
4(572 859 860 573)
4(859 1146 1147 860)
4(1146 1433 1434 1147)
4(1433 1720 1721 1434)
4(1720 2007 2008 1721)
4(2007 2294 2295 2008)
4(2294 2581 2582 2295)
4(2581 2868 2869 2582)
4(2868 3155 3156 2869)
4(3155 3442 3443 3156)
4(3442 3729 3730 3443)
4(3729 4016 4017 3730)
4(4016 4303 4304 4017)
4(0 287 328 41)
4(41 328 369 82)
4(82 369 410 123)
4(123 410 451 164)
4(164 451 492 205)
4(205 492 533 246)
4(287 574 615 328)
4(328 615 656 369)
4(369 656 697 410)
4(410 697 738 451)
4(451 738 779 492)
4(492 779 820 533)
4(574 861 902 615)
4(615 902 943 656)
4(656 943 984 697)
4(697 984 1025 738)
4(738 1025 1066 779)
4(779 1066 1107 820)
4(861 1148 1189 902)
4(902 1189 1230 943)
4(943 1230 1271 984)
4(984 1271 1312 1025)
4(1025 1312 1353 1066)
4(1066 1353 1394 1107)
4(1148 1435 1476 1189)
4(1189 1476 1517 1230)
4(1230 1517 1558 1271)
4(1271 1558 1599 1312)
4(1312 1599 1640 1353)
4(1353 1640 1681 1394)
4(1435 1722 1763 1476)
4(1476 1763 1804 1517)
4(1517 1804 1845 1558)
4(1558 1845 1886 1599)
4(1599 1886 1927 1640)
4(1640 1927 1968 1681)
4(1722 2009 2050 1763)
4(1763 2050 2091 1804)
4(1804 2091 2132 1845)
4(1845 2132 2173 1886)
4(1886 2173 2214 1927)
4(1927 2214 2255 1968)
4(2009 2296 2337 2050)
4(2050 2337 2378 2091)
4(2091 2378 2419 2132)
4(2132 2419 2460 2173)
4(2173 2460 2501 2214)
4(2214 2501 2542 2255)
4(2296 2583 2624 2337)
4(2337 2624 2665 2378)
4(2378 2665 2706 2419)
4(2419 2706 2747 2460)
4(2460 2747 2788 2501)
4(2501 2788 2829 2542)
4(2583 2870 2911 2624)
4(2624 2911 2952 2665)
4(2665 2952 2993 2706)
4(2706 2993 3034 2747)
4(2747 3034 3075 2788)
4(2788 3075 3116 2829)
4(2870 3157 3198 2911)
4(2911 3198 3239 2952)
4(2952 3239 3280 2993)
4(2993 3280 3321 3034)
4(3034 3321 3362 3075)
4(3075 3362 3403 3116)
4(3157 3444 3485 3198)
4(3198 3485 3526 3239)
4(3239 3526 3567 3280)
4(3280 3567 3608 3321)
4(3321 3608 3649 3362)
4(3362 3649 3690 3403)
4(3444 3731 3772 3485)
4(3485 3772 3813 3526)
4(3526 3813 3854 3567)
4(3567 3854 3895 3608)
4(3608 3895 3936 3649)
4(3649 3936 3977 3690)
4(3731 4018 4059 3772)
4(3772 4059 4100 3813)
4(3813 4100 4141 3854)
4(3854 4141 4182 3895)
4(3895 4182 4223 3936)
4(3936 4223 4264 3977)
4(40 81 368 327)
4(81 122 409 368)
4(122 163 450 409)
4(163 204 491 450)
4(204 245 532 491)
4(245 286 573 532)
4(327 368 655 614)
4(368 409 696 655)
4(409 450 737 696)
4(450 491 778 737)
4(491 532 819 778)
4(532 573 860 819)
4(614 655 942 901)
4(655 696 983 942)
4(696 737 1024 983)
4(737 778 1065 1024)
4(778 819 1106 1065)
4(819 860 1147 1106)
4(901 942 1229 1188)
4(942 983 1270 1229)
4(983 1024 1311 1270)
4(1024 1065 1352 1311)
4(1065 1106 1393 1352)
4(1106 1147 1434 1393)
4(1188 1229 1516 1475)
4(1229 1270 1557 1516)
4(1270 1311 1598 1557)
4(1311 1352 1639 1598)
4(1352 1393 1680 1639)
4(1393 1434 1721 1680)
4(1475 1516 1803 1762)
4(1516 1557 1844 1803)
4(1557 1598 1885 1844)
4(1598 1639 1926 1885)
4(1639 1680 1967 1926)
4(1680 1721 2008 1967)
4(1762 1803 2090 2049)
4(1803 1844 2131 2090)
4(1844 1885 2172 2131)
4(1885 1926 2213 2172)
4(1926 1967 2254 2213)
4(1967 2008 2295 2254)
4(2049 2090 2377 2336)
4(2090 2131 2418 2377)
4(2131 2172 2459 2418)
4(2172 2213 2500 2459)
4(2213 2254 2541 2500)
4(2254 2295 2582 2541)
4(2336 2377 2664 2623)
4(2377 2418 2705 2664)
4(2418 2459 2746 2705)
4(2459 2500 2787 2746)
4(2500 2541 2828 2787)
4(2541 2582 2869 2828)
4(2623 2664 2951 2910)
4(2664 2705 2992 2951)
4(2705 2746 3033 2992)
4(2746 2787 3074 3033)
4(2787 2828 3115 3074)
4(2828 2869 3156 3115)
4(2910 2951 3238 3197)
4(2951 2992 3279 3238)
4(2992 3033 3320 3279)
4(3033 3074 3361 3320)
4(3074 3115 3402 3361)
4(3115 3156 3443 3402)
4(3197 3238 3525 3484)
4(3238 3279 3566 3525)
4(3279 3320 3607 3566)
4(3320 3361 3648 3607)
4(3361 3402 3689 3648)
4(3402 3443 3730 3689)
4(3484 3525 3812 3771)
4(3525 3566 3853 3812)
4(3566 3607 3894 3853)
4(3607 3648 3935 3894)
4(3648 3689 3976 3935)
4(3689 3730 4017 3976)
4(3771 3812 4099 4058)
4(3812 3853 4140 4099)
4(3853 3894 4181 4140)
4(3894 3935 4222 4181)
4(3935 3976 4263 4222)
4(3976 4017 4304 4263)
4(0 1 288 287)
4(287 288 575 574)
4(574 575 862 861)
4(861 862 1149 1148)
4(1148 1149 1436 1435)
4(1435 1436 1723 1722)
4(1722 1723 2010 2009)
4(2009 2010 2297 2296)
4(2296 2297 2584 2583)
4(2583 2584 2871 2870)
4(2870 2871 3158 3157)
4(3157 3158 3445 3444)
4(3444 3445 3732 3731)
4(3731 3732 4019 4018)
4(1 2 289 288)
4(288 289 576 575)
4(575 576 863 862)
4(862 863 1150 1149)
4(1149 1150 1437 1436)
4(1436 1437 1724 1723)
4(1723 1724 2011 2010)
4(2010 2011 2298 2297)
4(2297 2298 2585 2584)
4(2584 2585 2872 2871)
4(2871 2872 3159 3158)
4(3158 3159 3446 3445)
4(3445 3446 3733 3732)
4(3732 3733 4020 4019)
4(2 3 290 289)
4(289 290 577 576)
4(576 577 864 863)
4(863 864 1151 1150)
4(1150 1151 1438 1437)
4(1437 1438 1725 1724)
4(1724 1725 2012 2011)
4(2011 2012 2299 2298)
4(2298 2299 2586 2585)
4(2585 2586 2873 2872)
4(2872 2873 3160 3159)
4(3159 3160 3447 3446)
4(3446 3447 3734 3733)
4(3733 3734 4021 4020)
4(3 4 291 290)
4(290 291 578 577)
4(577 578 865 864)
4(864 865 1152 1151)
4(1151 1152 1439 1438)
4(1438 1439 1726 1725)
4(1725 1726 2013 2012)
4(2012 2013 2300 2299)
4(2299 2300 2587 2586)
4(2586 2587 2874 2873)
4(2873 2874 3161 3160)
4(3160 3161 3448 3447)
4(3447 3448 3735 3734)
4(3734 3735 4022 4021)
4(4 5 292 291)
4(291 292 579 578)
4(578 579 866 865)
4(865 866 1153 1152)
4(1152 1153 1440 1439)
4(1439 1440 1727 1726)
4(1726 1727 2014 2013)
4(2013 2014 2301 2300)
4(2300 2301 2588 2587)
4(2587 2588 2875 2874)
4(2874 2875 3162 3161)
4(3161 3162 3449 3448)
4(3448 3449 3736 3735)
4(3735 3736 4023 4022)
4(5 6 293 292)
4(292 293 580 579)
4(579 580 867 866)
4(866 867 1154 1153)
4(1153 1154 1441 1440)
4(1440 1441 1728 1727)
4(1727 1728 2015 2014)
4(2014 2015 2302 2301)
4(2301 2302 2589 2588)
4(2588 2589 2876 2875)
4(2875 2876 3163 3162)
4(3162 3163 3450 3449)
4(3449 3450 3737 3736)
4(3736 3737 4024 4023)
4(6 7 294 293)
4(293 294 581 580)
4(580 581 868 867)
4(867 868 1155 1154)
4(1154 1155 1442 1441)
4(1441 1442 1729 1728)
4(1728 1729 2016 2015)
4(2015 2016 2303 2302)
4(2302 2303 2590 2589)
4(2589 2590 2877 2876)
4(2876 2877 3164 3163)
4(3163 3164 3451 3450)
4(3450 3451 3738 3737)
4(3737 3738 4025 4024)
4(7 8 295 294)
4(294 295 582 581)
4(581 582 869 868)
4(868 869 1156 1155)
4(1155 1156 1443 1442)
4(1442 1443 1730 1729)
4(1729 1730 2017 2016)
4(2016 2017 2304 2303)
4(2303 2304 2591 2590)
4(2590 2591 2878 2877)
4(2877 2878 3165 3164)
4(3164 3165 3452 3451)
4(3451 3452 3739 3738)
4(3738 3739 4026 4025)
4(8 9 296 295)
4(295 296 583 582)
4(582 583 870 869)
4(869 870 1157 1156)
4(1156 1157 1444 1443)
4(1443 1444 1731 1730)
4(1730 1731 2018 2017)
4(2017 2018 2305 2304)
4(2304 2305 2592 2591)
4(2591 2592 2879 2878)
4(2878 2879 3166 3165)
4(3165 3166 3453 3452)
4(3452 3453 3740 3739)
4(3739 3740 4027 4026)
4(9 10 297 296)
4(296 297 584 583)
4(583 584 871 870)
4(870 871 1158 1157)
4(1157 1158 1445 1444)
4(1444 1445 1732 1731)
4(1731 1732 2019 2018)
4(2018 2019 2306 2305)
4(2305 2306 2593 2592)
4(2592 2593 2880 2879)
4(2879 2880 3167 3166)
4(3166 3167 3454 3453)
4(3453 3454 3741 3740)
4(3740 3741 4028 4027)
4(10 11 298 297)
4(297 298 585 584)
4(584 585 872 871)
4(871 872 1159 1158)
4(1158 1159 1446 1445)
4(1445 1446 1733 1732)
4(1732 1733 2020 2019)
4(2019 2020 2307 2306)
4(2306 2307 2594 2593)
4(2593 2594 2881 2880)
4(2880 2881 3168 3167)
4(3167 3168 3455 3454)
4(3454 3455 3742 3741)
4(3741 3742 4029 4028)
4(11 12 299 298)
4(298 299 586 585)
4(585 586 873 872)
4(872 873 1160 1159)
4(1159 1160 1447 1446)
4(1446 1447 1734 1733)
4(1733 1734 2021 2020)
4(2020 2021 2308 2307)
4(2307 2308 2595 2594)
4(2594 2595 2882 2881)
4(2881 2882 3169 3168)
4(3168 3169 3456 3455)
4(3455 3456 3743 3742)
4(3742 3743 4030 4029)
4(12 13 300 299)
4(299 300 587 586)
4(586 587 874 873)
4(873 874 1161 1160)
4(1160 1161 1448 1447)
4(1447 1448 1735 1734)
4(1734 1735 2022 2021)
4(2021 2022 2309 2308)
4(2308 2309 2596 2595)
4(2595 2596 2883 2882)
4(2882 2883 3170 3169)
4(3169 3170 3457 3456)
4(3456 3457 3744 3743)
4(3743 3744 4031 4030)
4(13 14 301 300)
4(300 301 588 587)
4(587 588 875 874)
4(874 875 1162 1161)
4(1161 1162 1449 1448)
4(1448 1449 1736 1735)
4(1735 1736 2023 2022)
4(2022 2023 2310 2309)
4(2309 2310 2597 2596)
4(2596 2597 2884 2883)
4(2883 2884 3171 3170)
4(3170 3171 3458 3457)
4(3457 3458 3745 3744)
4(3744 3745 4032 4031)
4(14 15 302 301)
4(301 302 589 588)
4(588 589 876 875)
4(875 876 1163 1162)
4(1162 1163 1450 1449)
4(1449 1450 1737 1736)
4(1736 1737 2024 2023)
4(2023 2024 2311 2310)
4(2310 2311 2598 2597)
4(2597 2598 2885 2884)
4(2884 2885 3172 3171)
4(3171 3172 3459 3458)
4(3458 3459 3746 3745)
4(3745 3746 4033 4032)
4(15 16 303 302)
4(302 303 590 589)
4(589 590 877 876)
4(876 877 1164 1163)
4(1163 1164 1451 1450)
4(1450 1451 1738 1737)
4(1737 1738 2025 2024)
4(2024 2025 2312 2311)
4(2311 2312 2599 2598)
4(2598 2599 2886 2885)
4(2885 2886 3173 3172)
4(3172 3173 3460 3459)
4(3459 3460 3747 3746)
4(3746 3747 4034 4033)
4(16 17 304 303)
4(303 304 591 590)
4(590 591 878 877)
4(877 878 1165 1164)
4(1164 1165 1452 1451)
4(1451 1452 1739 1738)
4(1738 1739 2026 2025)
4(2025 2026 2313 2312)
4(2312 2313 2600 2599)
4(2599 2600 2887 2886)
4(2886 2887 3174 3173)
4(3173 3174 3461 3460)
4(3460 3461 3748 3747)
4(3747 3748 4035 4034)
4(17 18 305 304)
4(304 305 592 591)
4(591 592 879 878)
4(878 879 1166 1165)
4(1165 1166 1453 1452)
4(1452 1453 1740 1739)
4(1739 1740 2027 2026)
4(2026 2027 2314 2313)
4(2313 2314 2601 2600)
4(2600 2601 2888 2887)
4(2887 2888 3175 3174)
4(3174 3175 3462 3461)
4(3461 3462 3749 3748)
4(3748 3749 4036 4035)
4(18 19 306 305)
4(305 306 593 592)
4(592 593 880 879)
4(879 880 1167 1166)
4(1166 1167 1454 1453)
4(1453 1454 1741 1740)
4(1740 1741 2028 2027)
4(2027 2028 2315 2314)
4(2314 2315 2602 2601)
4(2601 2602 2889 2888)
4(2888 2889 3176 3175)
4(3175 3176 3463 3462)
4(3462 3463 3750 3749)
4(3749 3750 4037 4036)
4(19 20 307 306)
4(306 307 594 593)
4(593 594 881 880)
4(880 881 1168 1167)
4(1167 1168 1455 1454)
4(1454 1455 1742 1741)
4(1741 1742 2029 2028)
4(2028 2029 2316 2315)
4(2315 2316 2603 2602)
4(2602 2603 2890 2889)
4(2889 2890 3177 3176)
4(3176 3177 3464 3463)
4(3463 3464 3751 3750)
4(3750 3751 4038 4037)
4(20 21 308 307)
4(307 308 595 594)
4(594 595 882 881)
4(881 882 1169 1168)
4(1168 1169 1456 1455)
4(1455 1456 1743 1742)
4(1742 1743 2030 2029)
4(2029 2030 2317 2316)
4(2316 2317 2604 2603)
4(2603 2604 2891 2890)
4(2890 2891 3178 3177)
4(3177 3178 3465 3464)
4(3464 3465 3752 3751)
4(3751 3752 4039 4038)
4(21 22 309 308)
4(308 309 596 595)
4(595 596 883 882)
4(882 883 1170 1169)
4(1169 1170 1457 1456)
4(1456 1457 1744 1743)
4(1743 1744 2031 2030)
4(2030 2031 2318 2317)
4(2317 2318 2605 2604)
4(2604 2605 2892 2891)
4(2891 2892 3179 3178)
4(3178 3179 3466 3465)
4(3465 3466 3753 3752)
4(3752 3753 4040 4039)
4(22 23 310 309)
4(309 310 597 596)
4(596 597 884 883)
4(883 884 1171 1170)
4(1170 1171 1458 1457)
4(1457 1458 1745 1744)
4(1744 1745 2032 2031)
4(2031 2032 2319 2318)
4(2318 2319 2606 2605)
4(2605 2606 2893 2892)
4(2892 2893 3180 3179)
4(3179 3180 3467 3466)
4(3466 3467 3754 3753)
4(3753 3754 4041 4040)
4(23 24 311 310)
4(310 311 598 597)
4(597 598 885 884)
4(884 885 1172 1171)
4(1171 1172 1459 1458)
4(1458 1459 1746 1745)
4(1745 1746 2033 2032)
4(2032 2033 2320 2319)
4(2319 2320 2607 2606)
4(2606 2607 2894 2893)
4(2893 2894 3181 3180)
4(3180 3181 3468 3467)
4(3467 3468 3755 3754)
4(3754 3755 4042 4041)
4(24 25 312 311)
4(311 312 599 598)
4(598 599 886 885)
4(885 886 1173 1172)
4(1172 1173 1460 1459)
4(1459 1460 1747 1746)
4(1746 1747 2034 2033)
4(2033 2034 2321 2320)
4(2320 2321 2608 2607)
4(2607 2608 2895 2894)
4(2894 2895 3182 3181)
4(3181 3182 3469 3468)
4(3468 3469 3756 3755)
4(3755 3756 4043 4042)
4(25 26 313 312)
4(312 313 600 599)
4(599 600 887 886)
4(886 887 1174 1173)
4(1173 1174 1461 1460)
4(1460 1461 1748 1747)
4(1747 1748 2035 2034)
4(2034 2035 2322 2321)
4(2321 2322 2609 2608)
4(2608 2609 2896 2895)
4(2895 2896 3183 3182)
4(3182 3183 3470 3469)
4(3469 3470 3757 3756)
4(3756 3757 4044 4043)
4(26 27 314 313)
4(313 314 601 600)
4(600 601 888 887)
4(887 888 1175 1174)
4(1174 1175 1462 1461)
4(1461 1462 1749 1748)
4(1748 1749 2036 2035)
4(2035 2036 2323 2322)
4(2322 2323 2610 2609)
4(2609 2610 2897 2896)
4(2896 2897 3184 3183)
4(3183 3184 3471 3470)
4(3470 3471 3758 3757)
4(3757 3758 4045 4044)
4(27 28 315 314)
4(314 315 602 601)
4(601 602 889 888)
4(888 889 1176 1175)
4(1175 1176 1463 1462)
4(1462 1463 1750 1749)
4(1749 1750 2037 2036)
4(2036 2037 2324 2323)
4(2323 2324 2611 2610)
4(2610 2611 2898 2897)
4(2897 2898 3185 3184)
4(3184 3185 3472 3471)
4(3471 3472 3759 3758)
4(3758 3759 4046 4045)
4(28 29 316 315)
4(315 316 603 602)
4(602 603 890 889)
4(889 890 1177 1176)
4(1176 1177 1464 1463)
4(1463 1464 1751 1750)
4(1750 1751 2038 2037)
4(2037 2038 2325 2324)
4(2324 2325 2612 2611)
4(2611 2612 2899 2898)
4(2898 2899 3186 3185)
4(3185 3186 3473 3472)
4(3472 3473 3760 3759)
4(3759 3760 4047 4046)
4(29 30 317 316)
4(316 317 604 603)
4(603 604 891 890)
4(890 891 1178 1177)
4(1177 1178 1465 1464)
4(1464 1465 1752 1751)
4(1751 1752 2039 2038)
4(2038 2039 2326 2325)
4(2325 2326 2613 2612)
4(2612 2613 2900 2899)
4(2899 2900 3187 3186)
4(3186 3187 3474 3473)
4(3473 3474 3761 3760)
4(3760 3761 4048 4047)
4(30 31 318 317)
4(317 318 605 604)
4(604 605 892 891)
4(891 892 1179 1178)
4(1178 1179 1466 1465)
4(1465 1466 1753 1752)
4(1752 1753 2040 2039)
4(2039 2040 2327 2326)
4(2326 2327 2614 2613)
4(2613 2614 2901 2900)
4(2900 2901 3188 3187)
4(3187 3188 3475 3474)
4(3474 3475 3762 3761)
4(3761 3762 4049 4048)
4(31 32 319 318)
4(318 319 606 605)
4(605 606 893 892)
4(892 893 1180 1179)
4(1179 1180 1467 1466)
4(1466 1467 1754 1753)
4(1753 1754 2041 2040)
4(2040 2041 2328 2327)
4(2327 2328 2615 2614)
4(2614 2615 2902 2901)
4(2901 2902 3189 3188)
4(3188 3189 3476 3475)
4(3475 3476 3763 3762)
4(3762 3763 4050 4049)
4(32 33 320 319)
4(319 320 607 606)
4(606 607 894 893)
4(893 894 1181 1180)
4(1180 1181 1468 1467)
4(1467 1468 1755 1754)
4(1754 1755 2042 2041)
4(2041 2042 2329 2328)
4(2328 2329 2616 2615)
4(2615 2616 2903 2902)
4(2902 2903 3190 3189)
4(3189 3190 3477 3476)
4(3476 3477 3764 3763)
4(3763 3764 4051 4050)
4(33 34 321 320)
4(320 321 608 607)
4(607 608 895 894)
4(894 895 1182 1181)
4(1181 1182 1469 1468)
4(1468 1469 1756 1755)
4(1755 1756 2043 2042)
4(2042 2043 2330 2329)
4(2329 2330 2617 2616)
4(2616 2617 2904 2903)
4(2903 2904 3191 3190)
4(3190 3191 3478 3477)
4(3477 3478 3765 3764)
4(3764 3765 4052 4051)
4(34 35 322 321)
4(321 322 609 608)
4(608 609 896 895)
4(895 896 1183 1182)
4(1182 1183 1470 1469)
4(1469 1470 1757 1756)
4(1756 1757 2044 2043)
4(2043 2044 2331 2330)
4(2330 2331 2618 2617)
4(2617 2618 2905 2904)
4(2904 2905 3192 3191)
4(3191 3192 3479 3478)
4(3478 3479 3766 3765)
4(3765 3766 4053 4052)
4(35 36 323 322)
4(322 323 610 609)
4(609 610 897 896)
4(896 897 1184 1183)
4(1183 1184 1471 1470)
4(1470 1471 1758 1757)
4(1757 1758 2045 2044)
4(2044 2045 2332 2331)
4(2331 2332 2619 2618)
4(2618 2619 2906 2905)
4(2905 2906 3193 3192)
4(3192 3193 3480 3479)
4(3479 3480 3767 3766)
4(3766 3767 4054 4053)
4(36 37 324 323)
4(323 324 611 610)
4(610 611 898 897)
4(897 898 1185 1184)
4(1184 1185 1472 1471)
4(1471 1472 1759 1758)
4(1758 1759 2046 2045)
4(2045 2046 2333 2332)
4(2332 2333 2620 2619)
4(2619 2620 2907 2906)
4(2906 2907 3194 3193)
4(3193 3194 3481 3480)
4(3480 3481 3768 3767)
4(3767 3768 4055 4054)
4(37 38 325 324)
4(324 325 612 611)
4(611 612 899 898)
4(898 899 1186 1185)
4(1185 1186 1473 1472)
4(1472 1473 1760 1759)
4(1759 1760 2047 2046)
4(2046 2047 2334 2333)
4(2333 2334 2621 2620)
4(2620 2621 2908 2907)
4(2907 2908 3195 3194)
4(3194 3195 3482 3481)
4(3481 3482 3769 3768)
4(3768 3769 4056 4055)
4(38 39 326 325)
4(325 326 613 612)
4(612 613 900 899)
4(899 900 1187 1186)
4(1186 1187 1474 1473)
4(1473 1474 1761 1760)
4(1760 1761 2048 2047)
4(2047 2048 2335 2334)
4(2334 2335 2622 2621)
4(2621 2622 2909 2908)
4(2908 2909 3196 3195)
4(3195 3196 3483 3482)
4(3482 3483 3770 3769)
4(3769 3770 4057 4056)
4(39 40 327 326)
4(326 327 614 613)
4(613 614 901 900)
4(900 901 1188 1187)
4(1187 1188 1475 1474)
4(1474 1475 1762 1761)
4(1761 1762 2049 2048)
4(2048 2049 2336 2335)
4(2335 2336 2623 2622)
4(2622 2623 2910 2909)
4(2909 2910 3197 3196)
4(3196 3197 3484 3483)
4(3483 3484 3771 3770)
4(3770 3771 4058 4057)
4(0 41 42 1)
4(41 82 83 42)
4(82 123 124 83)
4(123 164 165 124)
4(164 205 206 165)
4(205 246 247 206)
4(1 42 43 2)
4(42 83 84 43)
4(83 124 125 84)
4(124 165 166 125)
4(165 206 207 166)
4(206 247 248 207)
4(2 43 44 3)
4(43 84 85 44)
4(84 125 126 85)
4(125 166 167 126)
4(166 207 208 167)
4(207 248 249 208)
4(3 44 45 4)
4(44 85 86 45)
4(85 126 127 86)
4(126 167 168 127)
4(167 208 209 168)
4(208 249 250 209)
4(4 45 46 5)
4(45 86 87 46)
4(86 127 128 87)
4(127 168 169 128)
4(168 209 210 169)
4(209 250 251 210)
4(5 46 47 6)
4(46 87 88 47)
4(87 128 129 88)
4(128 169 170 129)
4(169 210 211 170)
4(210 251 252 211)
4(6 47 48 7)
4(47 88 89 48)
4(88 129 130 89)
4(129 170 171 130)
4(170 211 212 171)
4(211 252 253 212)
4(7 48 49 8)
4(48 89 90 49)
4(89 130 131 90)
4(130 171 172 131)
4(171 212 213 172)
4(212 253 254 213)
4(8 49 50 9)
4(49 90 91 50)
4(90 131 132 91)
4(131 172 173 132)
4(172 213 214 173)
4(213 254 255 214)
4(9 50 51 10)
4(50 91 92 51)
4(91 132 133 92)
4(132 173 174 133)
4(173 214 215 174)
4(214 255 256 215)
4(10 51 52 11)
4(51 92 93 52)
4(92 133 134 93)
4(133 174 175 134)
4(174 215 216 175)
4(215 256 257 216)
4(11 52 53 12)
4(52 93 94 53)
4(93 134 135 94)
4(134 175 176 135)
4(175 216 217 176)
4(216 257 258 217)
4(12 53 54 13)
4(53 94 95 54)
4(94 135 136 95)
4(135 176 177 136)
4(176 217 218 177)
4(217 258 259 218)
4(13 54 55 14)
4(54 95 96 55)
4(95 136 137 96)
4(136 177 178 137)
4(177 218 219 178)
4(218 259 260 219)
4(14 55 56 15)
4(55 96 97 56)
4(96 137 138 97)
4(137 178 179 138)
4(178 219 220 179)
4(219 260 261 220)
4(15 56 57 16)
4(56 97 98 57)
4(97 138 139 98)
4(138 179 180 139)
4(179 220 221 180)
4(220 261 262 221)
4(16 57 58 17)
4(57 98 99 58)
4(98 139 140 99)
4(139 180 181 140)
4(180 221 222 181)
4(221 262 263 222)
4(17 58 59 18)
4(58 99 100 59)
4(99 140 141 100)
4(140 181 182 141)
4(181 222 223 182)
4(222 263 264 223)
4(18 59 60 19)
4(59 100 101 60)
4(100 141 142 101)
4(141 182 183 142)
4(182 223 224 183)
4(223 264 265 224)
4(19 60 61 20)
4(60 101 102 61)
4(101 142 143 102)
4(142 183 184 143)
4(183 224 225 184)
4(224 265 266 225)
4(20 61 62 21)
4(61 102 103 62)
4(102 143 144 103)
4(143 184 185 144)
4(184 225 226 185)
4(225 266 267 226)
4(21 62 63 22)
4(62 103 104 63)
4(103 144 145 104)
4(144 185 186 145)
4(185 226 227 186)
4(226 267 268 227)
4(22 63 64 23)
4(63 104 105 64)
4(104 145 146 105)
4(145 186 187 146)
4(186 227 228 187)
4(227 268 269 228)
4(23 64 65 24)
4(64 105 106 65)
4(105 146 147 106)
4(146 187 188 147)
4(187 228 229 188)
4(228 269 270 229)
4(24 65 66 25)
4(65 106 107 66)
4(106 147 148 107)
4(147 188 189 148)
4(188 229 230 189)
4(229 270 271 230)
4(25 66 67 26)
4(66 107 108 67)
4(107 148 149 108)
4(148 189 190 149)
4(189 230 231 190)
4(230 271 272 231)
4(26 67 68 27)
4(67 108 109 68)
4(108 149 150 109)
4(149 190 191 150)
4(190 231 232 191)
4(231 272 273 232)
4(27 68 69 28)
4(68 109 110 69)
4(109 150 151 110)
4(150 191 192 151)
4(191 232 233 192)
4(232 273 274 233)
4(28 69 70 29)
4(69 110 111 70)
4(110 151 152 111)
4(151 192 193 152)
4(192 233 234 193)
4(233 274 275 234)
4(29 70 71 30)
4(70 111 112 71)
4(111 152 153 112)
4(152 193 194 153)
4(193 234 235 194)
4(234 275 276 235)
4(30 71 72 31)
4(71 112 113 72)
4(112 153 154 113)
4(153 194 195 154)
4(194 235 236 195)
4(235 276 277 236)
4(31 72 73 32)
4(72 113 114 73)
4(113 154 155 114)
4(154 195 196 155)
4(195 236 237 196)
4(236 277 278 237)
4(32 73 74 33)
4(73 114 115 74)
4(114 155 156 115)
4(155 196 197 156)
4(196 237 238 197)
4(237 278 279 238)
4(33 74 75 34)
4(74 115 116 75)
4(115 156 157 116)
4(156 197 198 157)
4(197 238 239 198)
4(238 279 280 239)
4(34 75 76 35)
4(75 116 117 76)
4(116 157 158 117)
4(157 198 199 158)
4(198 239 240 199)
4(239 280 281 240)
4(35 76 77 36)
4(76 117 118 77)
4(117 158 159 118)
4(158 199 200 159)
4(199 240 241 200)
4(240 281 282 241)
4(36 77 78 37)
4(77 118 119 78)
4(118 159 160 119)
4(159 200 201 160)
4(200 241 242 201)
4(241 282 283 242)
4(37 78 79 38)
4(78 119 120 79)
4(119 160 161 120)
4(160 201 202 161)
4(201 242 243 202)
4(242 283 284 243)
4(38 79 80 39)
4(79 120 121 80)
4(120 161 162 121)
4(161 202 203 162)
4(202 243 244 203)
4(243 284 285 244)
4(39 80 81 40)
4(80 121 122 81)
4(121 162 163 122)
4(162 203 204 163)
4(203 244 245 204)
4(244 285 286 245)
4(4018 4019 4060 4059)
4(4059 4060 4101 4100)
4(4100 4101 4142 4141)
4(4141 4142 4183 4182)
4(4182 4183 4224 4223)
4(4223 4224 4265 4264)
4(4019 4020 4061 4060)
4(4060 4061 4102 4101)
4(4101 4102 4143 4142)
4(4142 4143 4184 4183)
4(4183 4184 4225 4224)
4(4224 4225 4266 4265)
4(4020 4021 4062 4061)
4(4061 4062 4103 4102)
4(4102 4103 4144 4143)
4(4143 4144 4185 4184)
4(4184 4185 4226 4225)
4(4225 4226 4267 4266)
4(4021 4022 4063 4062)
4(4062 4063 4104 4103)
4(4103 4104 4145 4144)
4(4144 4145 4186 4185)
4(4185 4186 4227 4226)
4(4226 4227 4268 4267)
4(4022 4023 4064 4063)
4(4063 4064 4105 4104)
4(4104 4105 4146 4145)
4(4145 4146 4187 4186)
4(4186 4187 4228 4227)
4(4227 4228 4269 4268)
4(4023 4024 4065 4064)
4(4064 4065 4106 4105)
4(4105 4106 4147 4146)
4(4146 4147 4188 4187)
4(4187 4188 4229 4228)
4(4228 4229 4270 4269)
4(4024 4025 4066 4065)
4(4065 4066 4107 4106)
4(4106 4107 4148 4147)
4(4147 4148 4189 4188)
4(4188 4189 4230 4229)
4(4229 4230 4271 4270)
4(4025 4026 4067 4066)
4(4066 4067 4108 4107)
4(4107 4108 4149 4148)
4(4148 4149 4190 4189)
4(4189 4190 4231 4230)
4(4230 4231 4272 4271)
4(4026 4027 4068 4067)
4(4067 4068 4109 4108)
4(4108 4109 4150 4149)
4(4149 4150 4191 4190)
4(4190 4191 4232 4231)
4(4231 4232 4273 4272)
4(4027 4028 4069 4068)
4(4068 4069 4110 4109)
4(4109 4110 4151 4150)
4(4150 4151 4192 4191)
4(4191 4192 4233 4232)
4(4232 4233 4274 4273)
4(4028 4029 4070 4069)
4(4069 4070 4111 4110)
4(4110 4111 4152 4151)
4(4151 4152 4193 4192)
4(4192 4193 4234 4233)
4(4233 4234 4275 4274)
4(4029 4030 4071 4070)
4(4070 4071 4112 4111)
4(4111 4112 4153 4152)
4(4152 4153 4194 4193)
4(4193 4194 4235 4234)
4(4234 4235 4276 4275)
4(4030 4031 4072 4071)
4(4071 4072 4113 4112)
4(4112 4113 4154 4153)
4(4153 4154 4195 4194)
4(4194 4195 4236 4235)
4(4235 4236 4277 4276)
4(4031 4032 4073 4072)
4(4072 4073 4114 4113)
4(4113 4114 4155 4154)
4(4154 4155 4196 4195)
4(4195 4196 4237 4236)
4(4236 4237 4278 4277)
4(4032 4033 4074 4073)
4(4073 4074 4115 4114)
4(4114 4115 4156 4155)
4(4155 4156 4197 4196)
4(4196 4197 4238 4237)
4(4237 4238 4279 4278)
4(4033 4034 4075 4074)
4(4074 4075 4116 4115)
4(4115 4116 4157 4156)
4(4156 4157 4198 4197)
4(4197 4198 4239 4238)
4(4238 4239 4280 4279)
4(4034 4035 4076 4075)
4(4075 4076 4117 4116)
4(4116 4117 4158 4157)
4(4157 4158 4199 4198)
4(4198 4199 4240 4239)
4(4239 4240 4281 4280)
4(4035 4036 4077 4076)
4(4076 4077 4118 4117)
4(4117 4118 4159 4158)
4(4158 4159 4200 4199)
4(4199 4200 4241 4240)
4(4240 4241 4282 4281)
4(4036 4037 4078 4077)
4(4077 4078 4119 4118)
4(4118 4119 4160 4159)
4(4159 4160 4201 4200)
4(4200 4201 4242 4241)
4(4241 4242 4283 4282)
4(4037 4038 4079 4078)
4(4078 4079 4120 4119)
4(4119 4120 4161 4160)
4(4160 4161 4202 4201)
4(4201 4202 4243 4242)
4(4242 4243 4284 4283)
4(4038 4039 4080 4079)
4(4079 4080 4121 4120)
4(4120 4121 4162 4161)
4(4161 4162 4203 4202)
4(4202 4203 4244 4243)
4(4243 4244 4285 4284)
4(4039 4040 4081 4080)
4(4080 4081 4122 4121)
4(4121 4122 4163 4162)
4(4162 4163 4204 4203)
4(4203 4204 4245 4244)
4(4244 4245 4286 4285)
4(4040 4041 4082 4081)
4(4081 4082 4123 4122)
4(4122 4123 4164 4163)
4(4163 4164 4205 4204)
4(4204 4205 4246 4245)
4(4245 4246 4287 4286)
4(4041 4042 4083 4082)
4(4082 4083 4124 4123)
4(4123 4124 4165 4164)
4(4164 4165 4206 4205)
4(4205 4206 4247 4246)
4(4246 4247 4288 4287)
4(4042 4043 4084 4083)
4(4083 4084 4125 4124)
4(4124 4125 4166 4165)
4(4165 4166 4207 4206)
4(4206 4207 4248 4247)
4(4247 4248 4289 4288)
4(4043 4044 4085 4084)
4(4084 4085 4126 4125)
4(4125 4126 4167 4166)
4(4166 4167 4208 4207)
4(4207 4208 4249 4248)
4(4248 4249 4290 4289)
4(4044 4045 4086 4085)
4(4085 4086 4127 4126)
4(4126 4127 4168 4167)
4(4167 4168 4209 4208)
4(4208 4209 4250 4249)
4(4249 4250 4291 4290)
4(4045 4046 4087 4086)
4(4086 4087 4128 4127)
4(4127 4128 4169 4168)
4(4168 4169 4210 4209)
4(4209 4210 4251 4250)
4(4250 4251 4292 4291)
4(4046 4047 4088 4087)
4(4087 4088 4129 4128)
4(4128 4129 4170 4169)
4(4169 4170 4211 4210)
4(4210 4211 4252 4251)
4(4251 4252 4293 4292)
4(4047 4048 4089 4088)
4(4088 4089 4130 4129)
4(4129 4130 4171 4170)
4(4170 4171 4212 4211)
4(4211 4212 4253 4252)
4(4252 4253 4294 4293)
4(4048 4049 4090 4089)
4(4089 4090 4131 4130)
4(4130 4131 4172 4171)
4(4171 4172 4213 4212)
4(4212 4213 4254 4253)
4(4253 4254 4295 4294)
4(4049 4050 4091 4090)
4(4090 4091 4132 4131)
4(4131 4132 4173 4172)
4(4172 4173 4214 4213)
4(4213 4214 4255 4254)
4(4254 4255 4296 4295)
4(4050 4051 4092 4091)
4(4091 4092 4133 4132)
4(4132 4133 4174 4173)
4(4173 4174 4215 4214)
4(4214 4215 4256 4255)
4(4255 4256 4297 4296)
4(4051 4052 4093 4092)
4(4092 4093 4134 4133)
4(4133 4134 4175 4174)
4(4174 4175 4216 4215)
4(4215 4216 4257 4256)
4(4256 4257 4298 4297)
4(4052 4053 4094 4093)
4(4093 4094 4135 4134)
4(4134 4135 4176 4175)
4(4175 4176 4217 4216)
4(4216 4217 4258 4257)
4(4257 4258 4299 4298)
4(4053 4054 4095 4094)
4(4094 4095 4136 4135)
4(4135 4136 4177 4176)
4(4176 4177 4218 4217)
4(4217 4218 4259 4258)
4(4258 4259 4300 4299)
4(4054 4055 4096 4095)
4(4095 4096 4137 4136)
4(4136 4137 4178 4177)
4(4177 4178 4219 4218)
4(4218 4219 4260 4259)
4(4259 4260 4301 4300)
4(4055 4056 4097 4096)
4(4096 4097 4138 4137)
4(4137 4138 4179 4178)
4(4178 4179 4220 4219)
4(4219 4220 4261 4260)
4(4260 4261 4302 4301)
4(4056 4057 4098 4097)
4(4097 4098 4139 4138)
4(4138 4139 4180 4179)
4(4179 4180 4221 4220)
4(4220 4221 4262 4261)
4(4261 4262 4303 4302)
4(4057 4058 4099 4098)
4(4098 4099 4140 4139)
4(4139 4140 4181 4180)
4(4180 4181 4222 4221)
4(4221 4222 4263 4262)
4(4262 4263 4304 4303)
)


// ************************************************************************* //
