This is pdfTeX, Version 3.141592653-2.6-1.40.22 (TeX Live 2022/dev/Debian) (preloaded format=pdflatex 2026.1.30)  21 MAY 2026 00:41
entering extended mode
 restricted \write18 enabled.
 %&-line parsing enabled.
**highOrderManufacturedFDAImplicitJfNK.tex
(./highOrderManufacturedFDAImplicitJfNK.tex
LaTeX2e <2021-11-15> patch level 1
L3 programming layer <2022-01-21>
(/usr/share/texlive/texmf-dist/tex/latex/base/article.cls
Document Class: article 2021/10/04 v1.4n Standard LaTeX document class
(/usr/share/texlive/texmf-dist/tex/latex/base/size11.clo
File: size11.clo 2021/10/04 v1.4n Standard LaTeX file (size option)
)
\c@part=\count185
\c@section=\count186
\c@subsection=\count187
\c@subsubsection=\count188
\c@paragraph=\count189
\c@subparagraph=\count190
\c@figure=\count191
\c@table=\count192
\abovecaptionskip=\skip47
\belowcaptionskip=\skip48
\bibindent=\dimen138
)
(/usr/share/texlive/texmf-dist/tex/latex/geometry/geometry.sty
Package: geometry 2020/01/02 v5.9 Page Geometry

(/usr/share/texlive/texmf-dist/tex/latex/graphics/keyval.sty
Package: keyval 2014/10/28 v1.15 key=value parser (DPC)
\KV@toks@=\toks16
)
(/usr/share/texlive/texmf-dist/tex/generic/iftex/ifvtex.sty
Package: ifvtex 2019/10/25 v1.7 ifvtex legacy package. Use iftex instead.

(/usr/share/texlive/texmf-dist/tex/generic/iftex/iftex.sty
Package: iftex 2020/03/06 v1.0d TeX engine tests
))
\Gm@cnth=\count193
\Gm@cntv=\count194
\c@Gm@tempcnt=\count195
\Gm@bindingoffset=\dimen139
\Gm@wd@mp=\dimen140
\Gm@odd@mp=\dimen141
\Gm@even@mp=\dimen142
\Gm@layoutwidth=\dimen143
\Gm@layoutheight=\dimen144
\Gm@layouthoffset=\dimen145
\Gm@layoutvoffset=\dimen146
\Gm@dimlist=\toks17
)
(/usr/share/texlive/texmf-dist/tex/latex/amsmath/amsmath.sty
Package: amsmath 2021/10/15 v2.17l AMS math features
\@mathmargin=\skip49

For additional information on amsmath, use the `?' option.
(/usr/share/texlive/texmf-dist/tex/latex/amsmath/amstext.sty
Package: amstext 2021/08/26 v2.01 AMS text

(/usr/share/texlive/texmf-dist/tex/latex/amsmath/amsgen.sty
File: amsgen.sty 1999/11/30 v2.0 generic functions
\@emptytoks=\toks18
\ex@=\dimen147
))
(/usr/share/texlive/texmf-dist/tex/latex/amsmath/amsbsy.sty
Package: amsbsy 1999/11/29 v1.2d Bold Symbols
\pmbraise@=\dimen148
)
(/usr/share/texlive/texmf-dist/tex/latex/amsmath/amsopn.sty
Package: amsopn 2021/08/26 v2.02 operator names
)
\inf@bad=\count196
LaTeX Info: Redefining \frac on input line 234.
\uproot@=\count197
\leftroot@=\count198
LaTeX Info: Redefining \overline on input line 399.
\classnum@=\count199
\DOTSCASE@=\count266
LaTeX Info: Redefining \ldots on input line 496.
LaTeX Info: Redefining \dots on input line 499.
LaTeX Info: Redefining \cdots on input line 620.
\Mathstrutbox@=\box50
\strutbox@=\box51
\big@size=\dimen149
LaTeX Font Info:    Redeclaring font encoding OML on input line 743.
LaTeX Font Info:    Redeclaring font encoding OMS on input line 744.
\macc@depth=\count267
\c@MaxMatrixCols=\count268
\dotsspace@=\muskip16
\c@parentequation=\count269
\dspbrk@lvl=\count270
\tag@help=\toks19
\row@=\count271
\column@=\count272
\maxfields@=\count273
\andhelp@=\toks20
\eqnshift@=\dimen150
\alignsep@=\dimen151
\tagshift@=\dimen152
\tagwidth@=\dimen153
\totwidth@=\dimen154
\lineht@=\dimen155
\@envbody=\toks21
\multlinegap=\skip50
\multlinetaggap=\skip51
\mathdisplay@stack=\toks22
LaTeX Info: Redefining \[ on input line 2938.
LaTeX Info: Redefining \] on input line 2939.
)
(/usr/share/texlive/texmf-dist/tex/latex/amsfonts/amssymb.sty
Package: amssymb 2013/01/14 v3.01 AMS font symbols

(/usr/share/texlive/texmf-dist/tex/latex/amsfonts/amsfonts.sty
Package: amsfonts 2013/01/14 v3.01 Basic AMSFonts support
\symAMSa=\mathgroup4
\symAMSb=\mathgroup5
LaTeX Font Info:    Redeclaring math symbol \hbar on input line 98.
LaTeX Font Info:    Overwriting math alphabet `\mathfrak' in version `bold'
(Font)                  U/euf/m/n --> U/euf/b/n on input line 106.
))
(/usr/share/texlive/texmf-dist/tex/latex/mathtools/mathtools.sty
Package: mathtools 2021/02/02 v1.28 mathematical typesetting tools

(/usr/share/texlive/texmf-dist/tex/latex/tools/calc.sty
Package: calc 2017/05/25 v4.3 Infix arithmetic (KKT,FJ)
\calc@Acount=\count274
\calc@Bcount=\count275
\calc@Adimen=\dimen156
\calc@Bdimen=\dimen157
\calc@Askip=\skip52
\calc@Bskip=\skip53
LaTeX Info: Redefining \setlength on input line 80.
LaTeX Info: Redefining \addtolength on input line 81.
\calc@Ccount=\count276
\calc@Cskip=\skip54
)
(/usr/share/texlive/texmf-dist/tex/latex/mathtools/mhsetup.sty
Package: mhsetup 2021/03/18 v1.4 programming setup (MH)
)
\g_MT_multlinerow_int=\count277
\l_MT_multwidth_dim=\dimen158
\origjot=\skip55
\l_MT_shortvdotswithinadjustabove_dim=\dimen159
\l_MT_shortvdotswithinadjustbelow_dim=\dimen160
\l_MT_above_intertext_sep=\dimen161
\l_MT_below_intertext_sep=\dimen162
\l_MT_above_shortintertext_sep=\dimen163
\l_MT_below_shortintertext_sep=\dimen164
\xmathstrut@box=\box52
\xmathstrut@dim=\dimen165
)
(/usr/share/texlive/texmf-dist/tex/latex/graphics/graphicx.sty
Package: graphicx 2021/09/16 v1.2d Enhanced LaTeX Graphics (DPC,SPQR)

(/usr/share/texlive/texmf-dist/tex/latex/graphics/graphics.sty
Package: graphics 2021/03/04 v1.4d Standard LaTeX Graphics (DPC,SPQR)

(/usr/share/texlive/texmf-dist/tex/latex/graphics/trig.sty
Package: trig 2021/08/11 v1.11 sin cos tan (DPC)
)
(/usr/share/texlive/texmf-dist/tex/latex/graphics-cfg/graphics.cfg
File: graphics.cfg 2016/06/04 v1.11 sample graphics configuration
)
Package graphics Info: Driver file: pdftex.def on input line 107.

(/usr/share/texlive/texmf-dist/tex/latex/graphics-def/pdftex.def
File: pdftex.def 2020/10/05 v1.2a Graphics/color driver for pdftex
))
\Gin@req@height=\dimen166
\Gin@req@width=\dimen167
)
(/usr/share/texlive/texmf-dist/tex/latex/booktabs/booktabs.sty
Package: booktabs 2020/01/12 v1.61803398 Publication quality tables
\heavyrulewidth=\dimen168
\lightrulewidth=\dimen169
\cmidrulewidth=\dimen170
\belowrulesep=\dimen171
\belowbottomsep=\dimen172
\aboverulesep=\dimen173
\abovetopsep=\dimen174
\cmidrulesep=\dimen175
\cmidrulekern=\dimen176
\defaultaddspace=\dimen177
\@cmidla=\count278
\@cmidlb=\count279
\@aboverulesep=\dimen178
\@belowrulesep=\dimen179
\@thisruleclass=\count280
\@lastruleclass=\count281
\@thisrulewidth=\dimen180
)
(/usr/share/texlive/texmf-dist/tex/latex/tools/longtable.sty
Package: longtable 2021-09-01 v4.17 Multi-page Table package (DPC)
\LTleft=\skip56
\LTright=\skip57
\LTpre=\skip58
\LTpost=\skip59
\LTchunksize=\count282
\LTcapwidth=\dimen181
\LT@head=\box53
\LT@firsthead=\box54
\LT@foot=\box55
\LT@lastfoot=\box56
\LT@gbox=\box57
\LT@cols=\count283
\LT@rows=\count284
\c@LT@tables=\count285
\c@LT@chunks=\count286
\LT@p@ftn=\toks23
)
(/usr/share/texlive/texmf-dist/tex/latex/tools/array.sty
Package: array 2021/10/04 v2.5f Tabular extension package (FMi)
\col@sep=\dimen182
\ar@mcellbox=\box58
\extrarowheight=\dimen183
\NC@list=\toks24
\extratabsurround=\skip60
\backup@length=\skip61
\ar@cellbox=\box59
)
(/usr/share/texlive/texmf-dist/tex/latex/hyperref/hyperref.sty
Package: hyperref 2021-06-07 v7.00m Hypertext links for LaTeX

(/usr/share/texlive/texmf-dist/tex/generic/ltxcmds/ltxcmds.sty
Package: ltxcmds 2020-05-10 v1.25 LaTeX kernel commands for general use (HO)
)
(/usr/share/texlive/texmf-dist/tex/generic/pdftexcmds/pdftexcmds.sty
Package: pdftexcmds 2020-06-27 v0.33 Utility functions of pdfTeX for LuaTeX (HO
)

(/usr/share/texlive/texmf-dist/tex/generic/infwarerr/infwarerr.sty
Package: infwarerr 2019/12/03 v1.5 Providing info/warning/error messages (HO)
)
Package pdftexcmds Info: \pdf@primitive is available.
Package pdftexcmds Info: \pdf@ifprimitive is available.
Package pdftexcmds Info: \pdfdraftmode found.
)
(/usr/share/texlive/texmf-dist/tex/generic/kvsetkeys/kvsetkeys.sty
Package: kvsetkeys 2019/12/15 v1.18 Key value parser (HO)
)
(/usr/share/texlive/texmf-dist/tex/generic/kvdefinekeys/kvdefinekeys.sty
Package: kvdefinekeys 2019-12-19 v1.6 Define keys (HO)
)
(/usr/share/texlive/texmf-dist/tex/generic/pdfescape/pdfescape.sty
Package: pdfescape 2019/12/09 v1.15 Implements pdfTeX's escape features (HO)
)
(/usr/share/texlive/texmf-dist/tex/latex/hycolor/hycolor.sty
Package: hycolor 2020-01-27 v1.10 Color options for hyperref/bookmark (HO)
)
(/usr/share/texlive/texmf-dist/tex/latex/letltxmacro/letltxmacro.sty
Package: letltxmacro 2019/12/03 v1.6 Let assignment for LaTeX macros (HO)
)
(/usr/share/texlive/texmf-dist/tex/latex/auxhook/auxhook.sty
Package: auxhook 2019-12-17 v1.6 Hooks for auxiliary files (HO)
)
(/usr/share/texlive/texmf-dist/tex/latex/kvoptions/kvoptions.sty
Package: kvoptions 2020-10-07 v3.14 Key value format for package options (HO)
)
\@linkdim=\dimen184
\Hy@linkcounter=\count287
\Hy@pagecounter=\count288

(/usr/share/texlive/texmf-dist/tex/latex/hyperref/pd1enc.def
File: pd1enc.def 2021-06-07 v7.00m Hyperref: PDFDocEncoding definition (HO)
Now handling font encoding PD1 ...
... no UTF-8 mapping file for font encoding PD1
)
(/usr/share/texlive/texmf-dist/tex/latex/hyperref/hyperref-langpatches.def
File: hyperref-langpatches.def 2021-06-07 v7.00m Hyperref: patches for babel la
nguages
)
(/usr/share/texlive/texmf-dist/tex/generic/intcalc/intcalc.sty
Package: intcalc 2019/12/15 v1.3 Expandable calculations with integers (HO)
)
(/usr/share/texlive/texmf-dist/tex/generic/etexcmds/etexcmds.sty
Package: etexcmds 2019/12/15 v1.7 Avoid name clashes with e-TeX commands (HO)
)
\Hy@SavedSpaceFactor=\count289

(/usr/share/texlive/texmf-dist/tex/latex/hyperref/puenc.def
File: puenc.def 2021-06-07 v7.00m Hyperref: PDF Unicode definition (HO)
Now handling font encoding PU ...
... no UTF-8 mapping file for font encoding PU
)
Package hyperref Info: Hyper figures OFF on input line 4192.
Package hyperref Info: Link nesting OFF on input line 4197.
Package hyperref Info: Hyper index ON on input line 4200.
Package hyperref Info: Plain pages OFF on input line 4207.
Package hyperref Info: Backreferencing OFF on input line 4212.
Package hyperref Info: Implicit mode ON; LaTeX internals redefined.
Package hyperref Info: Bookmarks ON on input line 4445.
\c@Hy@tempcnt=\count290

(/usr/share/texlive/texmf-dist/tex/latex/url/url.sty
\Urlmuskip=\muskip17
Package: url 2013/09/16  ver 3.4  Verb mode for urls, etc.
)
LaTeX Info: Redefining \url on input line 4804.
\XeTeXLinkMargin=\dimen185

(/usr/share/texlive/texmf-dist/tex/generic/bitset/bitset.sty
Package: bitset 2019/12/09 v1.3 Handle bit-vector datatype (HO)

(/usr/share/texlive/texmf-dist/tex/generic/bigintcalc/bigintcalc.sty
Package: bigintcalc 2019/12/15 v1.5 Expandable calculations on big integers (HO
)
))
\Fld@menulength=\count291
\Field@Width=\dimen186
\Fld@charsize=\dimen187
Package hyperref Info: Hyper figures OFF on input line 6076.
Package hyperref Info: Link nesting OFF on input line 6081.
Package hyperref Info: Hyper index ON on input line 6084.
Package hyperref Info: backreferencing OFF on input line 6091.
Package hyperref Info: Link coloring OFF on input line 6096.
Package hyperref Info: Link coloring with OCG OFF on input line 6101.
Package hyperref Info: PDF/A mode OFF on input line 6106.
LaTeX Info: Redefining \ref on input line 6146.
LaTeX Info: Redefining \pageref on input line 6150.

(/usr/share/texlive/texmf-dist/tex/latex/base/atbegshi-ltx.sty
Package: atbegshi-ltx 2021/01/10 v1.0c Emulation of the original atbegshi
package with kernel methods
)
\Hy@abspage=\count292
\c@Item=\count293
\c@Hfootnote=\count294
)
Package hyperref Info: Driver (autodetected): hpdftex.

(/usr/share/texlive/texmf-dist/tex/latex/hyperref/hpdftex.def
File: hpdftex.def 2021-06-07 v7.00m Hyperref driver for pdfTeX

(/usr/share/texlive/texmf-dist/tex/latex/base/atveryend-ltx.sty
Package: atveryend-ltx 2020/08/19 v1.0a Emulation of the original atveryend pac
kage
with kernel methods
)
\Fld@listcount=\count295
\c@bookmark@seq@number=\count296

(/usr/share/texlive/texmf-dist/tex/latex/rerunfilecheck/rerunfilecheck.sty
Package: rerunfilecheck 2019/12/05 v1.9 Rerun checks for auxiliary files (HO)

(/usr/share/texlive/texmf-dist/tex/generic/uniquecounter/uniquecounter.sty
Package: uniquecounter 2019/12/15 v1.4 Provide unlimited unique counter (HO)
)
Package uniquecounter Info: New unique counter `rerunfilecheck' on input line 2
86.
)
\Hy@SectionHShift=\skip62
)
(/usr/share/texlive/texmf-dist/tex/latex/placeins/placeins.sty
Package: placeins 2005/04/18  v 2.2
)
(/usr/share/texlive/texmf-dist/tex/latex/xcolor/xcolor.sty
Package: xcolor 2021/10/31 v2.13 LaTeX color extensions (UK)

(/usr/share/texlive/texmf-dist/tex/latex/graphics-cfg/color.cfg
File: color.cfg 2016/01/02 v1.6 sample color configuration
)
Package xcolor Info: Driver file: pdftex.def on input line 227.
Package xcolor Info: Model `cmy' substituted by `cmy0' on input line 1352.
Package xcolor Info: Model `hsb' substituted by `rgb' on input line 1356.
Package xcolor Info: Model `RGB' extended on input line 1368.
Package xcolor Info: Model `HTML' substituted by `rgb' on input line 1370.
Package xcolor Info: Model `Hsb' substituted by `hsb' on input line 1371.
Package xcolor Info: Model `tHsb' substituted by `hsb' on input line 1372.
Package xcolor Info: Model `HSB' substituted by `hsb' on input line 1373.
Package xcolor Info: Model `Gray' substituted by `gray' on input line 1374.
Package xcolor Info: Model `wave' substituted by `hsb' on input line 1375.
)
(/usr/share/texlive/texmf-dist/tex/latex/caption/caption.sty
Package: caption 2020/10/26 v3.5g Customizing captions (AR)

(/usr/share/texlive/texmf-dist/tex/latex/caption/caption3.sty
Package: caption3 2020/10/21 v2.2e caption3 kernel (AR)
\captionmargin=\dimen188
\captionmargin@=\dimen189
\captionwidth=\dimen190
\caption@tempdima=\dimen191
\caption@indent=\dimen192
\caption@parindent=\dimen193
\caption@hangindent=\dimen194
Package caption Info: Standard document class detected.
)
\c@caption@flags=\count297
\c@continuedfloat=\count298
Package caption Info: hyperref package is loaded.
Package caption Info: longtable package is loaded.

(/usr/share/texlive/texmf-dist/tex/latex/caption/ltcaption.sty
Package: ltcaption 2020/05/30 v1.4b longtable captions (AR)
))
(/usr/share/texlive/texmf-dist/tex/latex/caption/subcaption.sty
Package: subcaption 2020/10/07 v1.3j Sub-captions (AR)
\c@subfigure=\count299
\c@subtable=\count300
)
(/usr/share/texlive/texmf-dist/tex/latex/enumitem/enumitem.sty
Package: enumitem 2019/06/20 v3.9 Customized lists
\labelindent=\skip63
\enit@outerparindent=\dimen195
\enit@toks=\toks25
\enit@inbox=\box60
\enit@count@id=\count301
\enitdp@description=\count302
)
(/usr/share/texlive/texmf-dist/tex/latex/algorithms/algorithm.sty
Package: algorithm 2009/08/24 v0.1 Document Style `algorithm' - floating enviro
nment

(/usr/share/texlive/texmf-dist/tex/latex/float/float.sty
Package: float 2001/11/08 v1.3d Float enhancements (AL)
\c@float@type=\count303
\float@exts=\toks26
\float@box=\box61
\@float@everytoks=\toks27
\@floatcapt=\box62
)
(/usr/share/texlive/texmf-dist/tex/latex/base/ifthen.sty
Package: ifthen 2020/11/24 v1.1c Standard LaTeX ifthen package (DPC)
)
\@float@every@algorithm=\toks28
\c@algorithm=\count304
)
(/usr/share/texlive/texmf-dist/tex/latex/algorithmicx/algpseudocode.sty
Package: algpseudocode 

(/usr/share/texlive/texmf-dist/tex/latex/algorithmicx/algorithmicx.sty
Package: algorithmicx 2005/04/27 v1.2 Algorithmicx

Document Style algorithmicx 1.2 - a greatly improved `algorithmic' style
\c@ALG@line=\count305
\c@ALG@rem=\count306
\c@ALG@nested=\count307
\ALG@tlm=\skip64
\ALG@thistlm=\skip65
\c@ALG@Lnr=\count308
\c@ALG@blocknr=\count309
\c@ALG@storecount=\count310
\c@ALG@tmpcounter=\count311
\ALG@tmplength=\skip66
)
Document Style - pseudocode environments for use with the `algorithmicx' style
) (/usr/share/texlive/texmf-dist/tex/latex/listings/listings.sty
\lst@mode=\count312
\lst@gtempboxa=\box63
\lst@token=\toks29
\lst@length=\count313
\lst@currlwidth=\dimen196
\lst@column=\count314
\lst@pos=\count315
\lst@lostspace=\dimen197
\lst@width=\dimen198
\lst@newlines=\count316
\lst@lineno=\count317
\lst@maxwidth=\dimen199

(/usr/share/texlive/texmf-dist/tex/latex/listings/lstmisc.sty
File: lstmisc.sty 2020/03/24 1.8d (Carsten Heinz)
\c@lstnumber=\count318
\lst@skipnumbers=\count319
\lst@framebox=\box64
)
(/usr/share/texlive/texmf-dist/tex/latex/listings/listings.cfg
File: listings.cfg 2020/03/24 1.8d listings configuration
))
Package: listings 2020/03/24 1.8d (Carsten Heinz)

(/usr/share/texlive/texmf-dist/tex/latex/siunitx/siunitx.sty
Package: siunitx 2022-02-02 v3.0.46 A comprehensive (SI) units package
\l__siunitx_angle_tmp_dim=\dimen256
\l__siunitx_angle_marker_box=\box65
\l__siunitx_angle_unit_box=\box66
\l__siunitx_compound_count_int=\count320

(/usr/share/texlive/texmf-dist/tex/latex/translations/translations.sty
Package: translations 2022/01/04 v1.11 internationalization of LaTeX2e packages
 (CN)

(/usr/share/texlive/texmf-dist/tex/latex/etoolbox/etoolbox.sty
Package: etoolbox 2020/10/05 v2.5k e-TeX tools for LaTeX (JAW)
\etb@tempcnta=\count321
))
\l__siunitx_number_exponent_fixed_int=\count322
\l__siunitx_number_min_decimal_int=\count323
\l__siunitx_number_min_integer_int=\count324
\l__siunitx_number_round_precision_int=\count325
\l__siunitx_number_group_minimum_int=\count326
\l__siunitx_table_tmp_box=\box67
\l__siunitx_table_tmp_dim=\dimen257
\l__siunitx_table_column_width_dim=\dimen258
\l__siunitx_table_integer_box=\box68
\l__siunitx_table_decimal_box=\box69
\l__siunitx_table_before_box=\box70
\l__siunitx_table_after_box=\box71
\l__siunitx_table_before_dim=\dimen259
\l__siunitx_table_carry_dim=\dimen260
\l__siunitx_unit_tmp_int=\count327
\l__siunitx_unit_position_int=\count328
\l__siunitx_unit_total_int=\count329

(/usr/share/texlive/texmf-dist/tex/latex/l3packages/l3keys2e/l3keys2e.sty
(/usr/share/texlive/texmf-dist/tex/latex/l3kernel/expl3.sty
Package: expl3 2022-01-21 L3 programming layer (loader) 

(/usr/share/texlive/texmf-dist/tex/latex/l3backend/l3backend-pdftex.def
File: l3backend-pdftex.def 2022-01-12 L3 backend support: PDF output (pdfTeX)
\l__color_backend_stack_int=\count330
\l__pdf_internal_box=\box72
))
Package: l3keys2e 2022-01-12 LaTeX2e option processing using LaTeX3 keys
))
(/usr/share/texlive/texmf-dist/tex/latex/microtype/microtype.sty
Package: microtype 2021/12/10 v3.0b Micro-typographical refinements (RS)
\MT@toks=\toks30
\MT@count=\count331
\MT@tempbox=\box73
LaTeX Info: Redefining \leftprotrusion on input line 1010.
LaTeX Info: Redefining \rightprotrusion on input line 1018.
LaTeX Info: Redefining \textls on input line 1173.
\MT@outer@kern=\dimen261
LaTeX Info: Redefining \textmicrotypecontext on input line 1759.
\MT@listname@count=\count332

(/usr/share/texlive/texmf-dist/tex/latex/microtype/microtype-pdftex.def
File: microtype-pdftex.def 2021/12/10 v3.0b Definitions specific to pdftex (RS)

LaTeX Info: Redefining \lsstyle on input line 897.
LaTeX Info: Redefining \lslig on input line 897.
\MT@outer@space=\skip67
)
Package microtype Info: Loading configuration file microtype.cfg.

(/usr/share/texlive/texmf-dist/tex/latex/microtype/microtype.cfg
File: microtype.cfg 2021/12/10 v3.0b microtype main configuration file (RS)
))
Package hyperref Info: Option `colorlinks' set `true' on input line 19.
Package translations Info: No language package found. I am going to use `englis
h' as default language. on input line 59.

(./highOrderManufacturedFDAImplicitJfNK.aux)
\openout1 = `highOrderManufacturedFDAImplicitJfNK.aux'.

LaTeX Font Info:    Checking defaults for OML/cmm/m/it on input line 59.
LaTeX Font Info:    ... okay on input line 59.
LaTeX Font Info:    Checking defaults for OMS/cmsy/m/n on input line 59.
LaTeX Font Info:    ... okay on input line 59.
LaTeX Font Info:    Checking defaults for OT1/cmr/m/n on input line 59.
LaTeX Font Info:    ... okay on input line 59.
LaTeX Font Info:    Checking defaults for T1/cmr/m/n on input line 59.
LaTeX Font Info:    ... okay on input line 59.
LaTeX Font Info:    Checking defaults for TS1/cmr/m/n on input line 59.
LaTeX Font Info:    ... okay on input line 59.
LaTeX Font Info:    Checking defaults for OMX/cmex/m/n on input line 59.
LaTeX Font Info:    ... okay on input line 59.
LaTeX Font Info:    Checking defaults for U/cmr/m/n on input line 59.
LaTeX Font Info:    ... okay on input line 59.
LaTeX Font Info:    Checking defaults for PD1/pdf/m/n on input line 59.
LaTeX Font Info:    ... okay on input line 59.
LaTeX Font Info:    Checking defaults for PU/pdf/m/n on input line 59.
LaTeX Font Info:    ... okay on input line 59.

*geometry* driver: auto-detecting
*geometry* detected driver: pdftex
*geometry* verbose mode - [ preamble ] result:
* driver: pdftex
* paper: a4paper
* layout: <same size as paper>
* layoutoffset:(h,v)=(0.0pt,0.0pt)
* modes: 
* h-part:(L,W,R)=(62.59596pt, 472.31595pt, 62.59596pt)
* v-part:(T,H,B)=(62.59596pt, 719.85492pt, 62.59596pt)
* \paperwidth=597.50787pt
* \paperheight=845.04684pt
* \textwidth=472.31595pt
* \textheight=719.85492pt
* \oddsidemargin=-9.67403pt
* \evensidemargin=-9.67403pt
* \topmargin=-46.67403pt
* \headheight=12.0pt
* \headsep=25.0pt
* \topskip=11.0pt
* \footskip=30.0pt
* \marginparwidth=50.0pt
* \marginparsep=10.0pt
* \columnsep=10.0pt
* \skip\footins=10.0pt plus 4.0pt minus 2.0pt
* \hoffset=0.0pt
* \voffset=0.0pt
* \mag=1000
* \@twocolumnfalse
* \@twosidefalse
* \@mparswitchfalse
* \@reversemarginfalse
* (1in=72.27pt=25.4mm, 1cm=28.453pt)

(/usr/share/texlive/texmf-dist/tex/context/base/mkii/supp-pdf.mkii
[Loading MPS to PDF converter (version 2006.09.02).]
\scratchcounter=\count333
\scratchdimen=\dimen262
\scratchbox=\box74
\nofMPsegments=\count334
\nofMParguments=\count335
\everyMPshowfont=\toks31
\MPscratchCnt=\count336
\MPscratchDim=\dimen263
\MPnumerator=\count337
\makeMPintoPDFobject=\count338
\everyMPtoPDFconversion=\toks32
) (/usr/share/texlive/texmf-dist/tex/latex/epstopdf-pkg/epstopdf-base.sty
Package: epstopdf-base 2020-01-24 v2.11 Base part for package epstopdf
Package epstopdf-base Info: Redefining graphics rule for `.eps' on input line 4
85.

(/usr/share/texlive/texmf-dist/tex/latex/latexconfig/epstopdf-sys.cfg
File: epstopdf-sys.cfg 2010/07/13 v1.3 Configuration of (r)epstopdf for TeX Liv
e
))
Package hyperref Info: Link coloring ON on input line 59.

(/usr/share/texlive/texmf-dist/tex/latex/hyperref/nameref.sty
Package: nameref 2021-04-02 v2.47 Cross-referencing by name of section

(/usr/share/texlive/texmf-dist/tex/latex/refcount/refcount.sty
Package: refcount 2019/12/15 v3.6 Data extraction from label references (HO)
)
(/usr/share/texlive/texmf-dist/tex/generic/gettitlestring/gettitlestring.sty
Package: gettitlestring 2019/12/15 v1.6 Cleanup title references (HO)
)
\c@section@level=\count339
)
LaTeX Info: Redefining \ref on input line 59.
LaTeX Info: Redefining \pageref on input line 59.
LaTeX Info: Redefining \nameref on input line 59.

(./highOrderManufacturedFDAImplicitJfNK.out)
(./highOrderManufacturedFDAImplicitJfNK.out)
\@outlinefile=\write3
\openout3 = `highOrderManufacturedFDAImplicitJfNK.out'.

Package caption Info: Begin \AtBeginDocument code.
Package caption Info: float package is loaded.
Package caption Info: listings package is loaded.
Package caption Info: End \AtBeginDocument code.
\c@lstlisting=\count340

(/usr/share/texlive/texmf-dist/tex/latex/translations/translations-basic-dictio
nary-english.trsl
File: translations-basic-dictionary-english.trsl (english translation file `tra
nslations-basic-dictionary')
)
Package translations Info: loading dictionary `translations-basic-dictionary' f
or `english'. on input line 59.
LaTeX Info: Redefining \microtypecontext on input line 59.
Package microtype Info: Applying patch `item' on input line 59.
Package microtype Info: Applying patch `toc' on input line 59.
Package microtype Info: Applying patch `eqnum' on input line 59.
Package microtype Info: Applying patch `footnote' on input line 59.
Package microtype Info: Generating PDF output.
Package microtype Info: Character protrusion enabled (level 2).
Package microtype Info: Using default protrusion set `alltext'.
Package microtype Info: Automatic font expansion enabled (level 2),
(microtype)             stretch: 20, shrink: 20, step: 1, non-selected.
Package microtype Info: Using default expansion set `alltext-nott'.
LaTeX Info: Redefining \showhyphens on input line 59.
Package microtype Info: No adjustment of tracking.
Package microtype Info: No adjustment of interword spacing.
Package microtype Info: No adjustment of character kerning.

(/usr/share/texlive/texmf-dist/tex/latex/microtype/mt-cmr.cfg
File: mt-cmr.cfg 2013/05/19 v2.2 microtype config. file: Computer Modern Roman 
(RS)
)
Package microtype Info: Loading generic protrusion settings for font family
(microtype)             `cmtt' (encoding: OT1).
(microtype)             For optimal results, create family-specific settings.
(microtype)             See the microtype manual for details.
LaTeX Font Info:    Trying to load font information for U+msa on input line 61.


(/usr/share/texlive/texmf-dist/tex/latex/amsfonts/umsa.fd
File: umsa.fd 2013/01/14 v3.01 AMS symbols A
)
(/usr/share/texlive/texmf-dist/tex/latex/microtype/mt-msa.cfg
File: mt-msa.cfg 2006/02/04 v1.1 microtype config. file: AMS symbols (a) (RS)
)
LaTeX Font Info:    Trying to load font information for U+msb on input line 61.


(/usr/share/texlive/texmf-dist/tex/latex/amsfonts/umsb.fd
File: umsb.fd 2013/01/14 v3.01 AMS symbols B
)
(/usr/share/texlive/texmf-dist/tex/latex/microtype/mt-msb.cfg
File: mt-msb.cfg 2005/06/01 v1.0 microtype config. file: AMS symbols (b) (RS)
)
Overfull \hbox (64.08301pt too wide) in paragraph at lines 63--80
[]\OT1/cmr/m/n/10 (-20) This re-port doc-u-ments the nu-mer-i-cal for-mu-la-tio
n im-ple-mented in \OT1/cmtt/m/n/10 highOrderManufacturedFDAImplicitJfNK\OT1/cm
r/m/n/10 (-20) .
 []

(./highOrderManufacturedFDAImplicitJfNK.toc [1

{/var/lib/texmf/fonts/map/pdftex/updmap/pdftex.map}])
\tf@toc=\write4
\openout4 = `highOrderManufacturedFDAImplicitJfNK.toc'.

Package microtype Info: Loading generic protrusion settings for font family
(microtype)             `cmss' (encoding: OT1).
(microtype)             For optimal results, create family-specific settings.
(microtype)             See the microtype manual for details.
 [2] [3] [4] [5] [6]
Package hyperref Info: bookmark level for unknown algorithm defaults to 0 on in
put line 542.


LaTeX Warning: `!h' float specifier changed to `!ht'.

[7]

LaTeX Warning: `!h' float specifier changed to `!ht'.

[8]
Overfull \hbox (14.34769pt too wide) in paragraph at lines 735--748
 [] 
 []


Overfull \hbox (95.5375pt too wide) in paragraph at lines 761--765
\OT1/cmr/m/n/10.95 (-20) The nu-mer-i-cal con-trols are read from \OT1/cmtt/m/n
/10 constant/spatialIntegrationProperties \OT1/cmr/m/n/10.95 (-20) and \OT1/cmt
t/m/n/10 constant/timeIntegrationProperties\OT1/cmr/m/n/10.95 (-20) ;
 []


Underfull \hbox (badness 1558) in paragraph at lines 779--780
[]|\OT1/cmr/m/n/10.95 (+20) Eigen sparse solver for non-JFNK volt-age sys-tems:

 []


Overfull \hbox (12.66281pt too wide) in paragraph at lines 787--787
[]|\OT1/cmtt/m/n/10 nonlinearRequireStatesConvergence| 
 []


Underfull \hbox (badness 10000) in paragraph at lines 798--798
[]|\OT1/cmtt/m/n/10 jfnkLineSearch\OT1/cmr/m/n/10.95 (+20) ,
 []


Underfull \hbox (badness 10000) in paragraph at lines 798--798
\OT1/cmtt/m/n/10 jfnkLineSearchMaxIter\OT1/cmr/m/n/10.95 (+20) ,
 []


Underfull \hbox (badness 10000) in paragraph at lines 798--798
\OT1/cmtt/m/n/10 jfnkLineSearchAlphaMin\OT1/cmr/m/n/10.95 (+20) ,
 []


Underfull \hbox (badness 10000) in paragraph at lines 801--801
[]|\OT1/cmtt/m/n/10 stateODEInitialStep\OT1/cmr/m/n/10.95 (+20) ,
 []


Underfull \hbox (badness 1221) in paragraph at lines 801--801
\OT1/cmtt/m/n/10 stateODEAbsTol\OT1/cmr/m/n/10.95 (+20) , \OT1/cmtt/m/n/10 stat
eODERelTol\OT1/cmr/m/n/10.95 (+20) ,
 []

[9] [10] [11] (./tables/results_2D_all.tex
Overfull \hbox (19.57542pt too wide) in paragraph at lines 2--9
\OT1/cmr/m/n/10.95 (-20) The ta-bles in this sub-sec-tion are gen-er-ated from 
$\OT1/cmtt/m/n/10.95 /home / pablo / OpenFOAM / pablo-[]v2312 / run / tutorials
 _
 []

LaTeX Font Info:    Font shape `OT1/cmtt/bx/n' in size <10.95> not available
(Font)              Font shape `OT1/cmtt/m/n' tried instead on input line 10.
LaTeX Font Info:    Font shape `OT1/cmtt/bx/n' in size <10> not available
(Font)              Font shape `OT1/cmtt/m/n' tried instead on input line 10.
(./tables/results_2D_Picard_dt_1p0em02.tex [12])
<figures/implicit_2D_Picard_backwardEuler_consistent_Vm_L2_dt_1p0em02.pdf, id=3
29, 618.31pt x 443.6575pt>
File: figures/implicit_2D_Picard_backwardEuler_consistent_Vm_L2_dt_1p0em02.pdf 
Graphic file (type pdf)
<use figures/implicit_2D_Picard_backwardEuler_consistent_Vm_L2_dt_1p0em02.pdf>
Package pdftex.def Info: figures/implicit_2D_Picard_backwardEuler_consistent_Vm
_L2_dt_1p0em02.pdf  used on input line 17.
(pdftex.def)             Requested size: 229.07352pt x 164.36732pt.
<figures/implicit_2D_Picard_backwardEuler_consistent_Vm_G2_dt_1p0em02.pdf, id=3
30, 623.32875pt x 439.6425pt>
File: figures/implicit_2D_Picard_backwardEuler_consistent_Vm_G2_dt_1p0em02.pdf 
Graphic file (type pdf)
<use figures/implicit_2D_Picard_backwardEuler_consistent_Vm_G2_dt_1p0em02.pdf>
Package pdftex.def Info: figures/implicit_2D_Picard_backwardEuler_consistent_Vm
_G2_dt_1p0em02.pdf  used on input line 24.
(pdftex.def)             Requested size: 229.07352pt x 161.5717pt.
<figures/implicit_2D_Picard_backwardEuler_consistent_u1_L2_dt_1p0em02.pdf, id=3
31, 623.32875pt x 439.6425pt>
File: figures/implicit_2D_Picard_backwardEuler_consistent_u1_L2_dt_1p0em02.pdf 
Graphic file (type pdf)
<use figures/implicit_2D_Picard_backwardEuler_consistent_u1_L2_dt_1p0em02.pdf>
Package pdftex.def Info: figures/implicit_2D_Picard_backwardEuler_consistent_u1
_L2_dt_1p0em02.pdf  used on input line 31.
(pdftex.def)             Requested size: 229.07352pt x 161.5717pt.
<figures/implicit_2D_Picard_backwardEuler_consistent_u1_G2_dt_1p0em02.pdf, id=3
32, 623.32875pt x 439.6425pt>
File: figures/implicit_2D_Picard_backwardEuler_consistent_u1_G2_dt_1p0em02.pdf 
Graphic file (type pdf)
<use figures/implicit_2D_Picard_backwardEuler_consistent_u1_G2_dt_1p0em02.pdf>
Package pdftex.def Info: figures/implicit_2D_Picard_backwardEuler_consistent_u1
_G2_dt_1p0em02.pdf  used on input line 38.
(pdftex.def)             Requested size: 229.07352pt x 161.5717pt.
<figures/implicit_2D_Picard_backwardEuler_consistent_u2_L2_dt_1p0em02.pdf, id=3
33, 623.32875pt x 439.6425pt>
File: figures/implicit_2D_Picard_backwardEuler_consistent_u2_L2_dt_1p0em02.pdf 
Graphic file (type pdf)
<use figures/implicit_2D_Picard_backwardEuler_consistent_u2_L2_dt_1p0em02.pdf>
Package pdftex.def Info: figures/implicit_2D_Picard_backwardEuler_consistent_u2
_L2_dt_1p0em02.pdf  used on input line 45.
(pdftex.def)             Requested size: 229.07352pt x 161.5717pt.
<figures/implicit_2D_Picard_backwardEuler_consistent_u2_G2_dt_1p0em02.pdf, id=3
34, 623.32875pt x 439.6425pt>
File: figures/implicit_2D_Picard_backwardEuler_consistent_u2_G2_dt_1p0em02.pdf 
Graphic file (type pdf)
<use figures/implicit_2D_Picard_backwardEuler_consistent_u2_G2_dt_1p0em02.pdf>
Package pdftex.def Info: figures/implicit_2D_Picard_backwardEuler_consistent_u2
_G2_dt_1p0em02.pdf  used on input line 52.
(pdftex.def)             Requested size: 229.07352pt x 161.5717pt.
 [13] [14 <./figures/implicit_2D_Picard_backwardEuler_consistent_Vm_L2_dt_1p0em
02.pdf> <./figures/implicit_2D_Picard_backwardEuler_consistent_Vm_G2_dt_1p0em02
.pdf> <./figures/implicit_2D_Picard_backwardEuler_consistent_u1_L2_dt_1p0em02.p
df> <./figures/implicit_2D_Picard_backwardEuler_consistent_u1_G2_dt_1p0em02.pdf
> <./figures/implicit_2D_Picard_backwardEuler_consistent_u2_L2_dt_1p0em02.pdf> 
<./figures/implicit_2D_Picard_backwardEuler_consistent_u2_G2_dt_1p0em02.pdf>]
<figures/implicit_2D_Picard_backwardEuler_lumped_Vm_L2_dt_1p0em02.pdf, id=829, 
623.32875pt x 439.6425pt>
File: figures/implicit_2D_Picard_backwardEuler_lumped_Vm_L2_dt_1p0em02.pdf Grap
hic file (type pdf)
<use figures/implicit_2D_Picard_backwardEuler_lumped_Vm_L2_dt_1p0em02.pdf>
Package pdftex.def Info: figures/implicit_2D_Picard_backwardEuler_lumped_Vm_L2_
dt_1p0em02.pdf  used on input line 65.
(pdftex.def)             Requested size: 229.07352pt x 161.5717pt.
<figures/implicit_2D_Picard_backwardEuler_lumped_Vm_G2_dt_1p0em02.pdf, id=830, 
623.32875pt x 439.6425pt>
File: figures/implicit_2D_Picard_backwardEuler_lumped_Vm_G2_dt_1p0em02.pdf Grap
hic file (type pdf)
<use figures/implicit_2D_Picard_backwardEuler_lumped_Vm_G2_dt_1p0em02.pdf>
Package pdftex.def Info: figures/implicit_2D_Picard_backwardEuler_lumped_Vm_G2_
dt_1p0em02.pdf  used on input line 72.
(pdftex.def)             Requested size: 229.07352pt x 161.5717pt.
<figures/implicit_2D_Picard_backwardEuler_lumped_u1_L2_dt_1p0em02.pdf, id=831, 
623.32875pt x 439.6425pt>
File: figures/implicit_2D_Picard_backwardEuler_lumped_u1_L2_dt_1p0em02.pdf Grap
hic file (type pdf)
<use figures/implicit_2D_Picard_backwardEuler_lumped_u1_L2_dt_1p0em02.pdf>
Package pdftex.def Info: figures/implicit_2D_Picard_backwardEuler_lumped_u1_L2_
dt_1p0em02.pdf  used on input line 79.
(pdftex.def)             Requested size: 229.07352pt x 161.5717pt.
<figures/implicit_2D_Picard_backwardEuler_lumped_u1_G2_dt_1p0em02.pdf, id=832, 
623.32875pt x 439.6425pt>
File: figures/implicit_2D_Picard_backwardEuler_lumped_u1_G2_dt_1p0em02.pdf Grap
hic file (type pdf)
<use figures/implicit_2D_Picard_backwardEuler_lumped_u1_G2_dt_1p0em02.pdf>
Package pdftex.def Info: figures/implicit_2D_Picard_backwardEuler_lumped_u1_G2_
dt_1p0em02.pdf  used on input line 86.
(pdftex.def)             Requested size: 229.07352pt x 161.5717pt.
<figures/implicit_2D_Picard_backwardEuler_lumped_u2_L2_dt_1p0em02.pdf, id=833, 
623.32875pt x 439.6425pt>
File: figures/implicit_2D_Picard_backwardEuler_lumped_u2_L2_dt_1p0em02.pdf Grap
hic file (type pdf)
<use figures/implicit_2D_Picard_backwardEuler_lumped_u2_L2_dt_1p0em02.pdf>
Package pdftex.def Info: figures/implicit_2D_Picard_backwardEuler_lumped_u2_L2_
dt_1p0em02.pdf  used on input line 93.
(pdftex.def)             Requested size: 229.07352pt x 161.5717pt.
<figures/implicit_2D_Picard_backwardEuler_lumped_u2_G2_dt_1p0em02.pdf, id=834, 
623.32875pt x 439.6425pt>
File: figures/implicit_2D_Picard_backwardEuler_lumped_u2_G2_dt_1p0em02.pdf Grap
hic file (type pdf)
<use figures/implicit_2D_Picard_backwardEuler_lumped_u2_G2_dt_1p0em02.pdf>
Package pdftex.def Info: figures/implicit_2D_Picard_backwardEuler_lumped_u2_G2_
dt_1p0em02.pdf  used on input line 100.
(pdftex.def)             Requested size: 229.07352pt x 161.5717pt.
 [15 <./figures/implicit_2D_Picard_backwardEuler_lumped_Vm_L2_dt_1p0em02.pdf> <
./figures/implicit_2D_Picard_backwardEuler_lumped_Vm_G2_dt_1p0em02.pdf> <./figu
res/implicit_2D_Picard_backwardEuler_lumped_u1_L2_dt_1p0em02.pdf> <./figures/im
plicit_2D_Picard_backwardEuler_lumped_u1_G2_dt_1p0em02.pdf> <./figures/implicit
_2D_Picard_backwardEuler_lumped_u2_L2_dt_1p0em02.pdf> <./figures/implicit_2D_Pi
card_backwardEuler_lumped_u2_G2_dt_1p0em02.pdf>]
<figures/implicit_2D_Picard_crankNicolson_consistent_Vm_L2_dt_1p0em02.pdf, id=1
296, 623.32875pt x 439.6425pt>
File: figures/implicit_2D_Picard_crankNicolson_consistent_Vm_L2_dt_1p0em02.pdf 
Graphic file (type pdf)
<use figures/implicit_2D_Picard_crankNicolson_consistent_Vm_L2_dt_1p0em02.pdf>
Package pdftex.def Info: figures/implicit_2D_Picard_crankNicolson_consistent_Vm
_L2_dt_1p0em02.pdf  used on input line 113.
(pdftex.def)             Requested size: 229.07352pt x 161.5717pt.
<figures/implicit_2D_Picard_crankNicolson_consistent_Vm_G2_dt_1p0em02.pdf, id=1
297, 623.32875pt x 439.6425pt>
File: figures/implicit_2D_Picard_crankNicolson_consistent_Vm_G2_dt_1p0em02.pdf 
Graphic file (type pdf)
<use figures/implicit_2D_Picard_crankNicolson_consistent_Vm_G2_dt_1p0em02.pdf>
Package pdftex.def Info: figures/implicit_2D_Picard_crankNicolson_consistent_Vm
_G2_dt_1p0em02.pdf  used on input line 120.
(pdftex.def)             Requested size: 229.07352pt x 161.5717pt.
<figures/implicit_2D_Picard_crankNicolson_consistent_u1_L2_dt_1p0em02.pdf, id=1
298, 623.32875pt x 439.6425pt>
File: figures/implicit_2D_Picard_crankNicolson_consistent_u1_L2_dt_1p0em02.pdf 
Graphic file (type pdf)
<use figures/implicit_2D_Picard_crankNicolson_consistent_u1_L2_dt_1p0em02.pdf>
Package pdftex.def Info: figures/implicit_2D_Picard_crankNicolson_consistent_u1
_L2_dt_1p0em02.pdf  used on input line 127.
(pdftex.def)             Requested size: 229.07352pt x 161.5717pt.
<figures/implicit_2D_Picard_crankNicolson_consistent_u1_G2_dt_1p0em02.pdf, id=1
299, 623.32875pt x 439.6425pt>
File: figures/implicit_2D_Picard_crankNicolson_consistent_u1_G2_dt_1p0em02.pdf 
Graphic file (type pdf)
<use figures/implicit_2D_Picard_crankNicolson_consistent_u1_G2_dt_1p0em02.pdf>
Package pdftex.def Info: figures/implicit_2D_Picard_crankNicolson_consistent_u1
_G2_dt_1p0em02.pdf  used on input line 134.
(pdftex.def)             Requested size: 229.07352pt x 161.5717pt.
<figures/implicit_2D_Picard_crankNicolson_consistent_u2_L2_dt_1p0em02.pdf, id=1
300, 623.32875pt x 439.6425pt>
File: figures/implicit_2D_Picard_crankNicolson_consistent_u2_L2_dt_1p0em02.pdf 
Graphic file (type pdf)
<use figures/implicit_2D_Picard_crankNicolson_consistent_u2_L2_dt_1p0em02.pdf>
Package pdftex.def Info: figures/implicit_2D_Picard_crankNicolson_consistent_u2
_L2_dt_1p0em02.pdf  used on input line 141.
(pdftex.def)             Requested size: 229.07352pt x 161.5717pt.
<figures/implicit_2D_Picard_crankNicolson_consistent_u2_G2_dt_1p0em02.pdf, id=1
301, 623.32875pt x 439.6425pt>
File: figures/implicit_2D_Picard_crankNicolson_consistent_u2_G2_dt_1p0em02.pdf 
Graphic file (type pdf)
<use figures/implicit_2D_Picard_crankNicolson_consistent_u2_G2_dt_1p0em02.pdf>
Package pdftex.def Info: figures/implicit_2D_Picard_crankNicolson_consistent_u2
_G2_dt_1p0em02.pdf  used on input line 148.
(pdftex.def)             Requested size: 229.07352pt x 161.5717pt.
 [16 <./figures/implicit_2D_Picard_crankNicolson_consistent_Vm_L2_dt_1p0em02.pd
f> <./figures/implicit_2D_Picard_crankNicolson_consistent_Vm_G2_dt_1p0em02.pdf>
 <./figures/implicit_2D_Picard_crankNicolson_consistent_u1_L2_dt_1p0em02.pdf> <
./figures/implicit_2D_Picard_crankNicolson_consistent_u1_G2_dt_1p0em02.pdf> <./
figures/implicit_2D_Picard_crankNicolson_consistent_u2_L2_dt_1p0em02.pdf> <./fi
gures/implicit_2D_Picard_crankNicolson_consistent_u2_G2_dt_1p0em02.pdf>]
<figures/implicit_2D_Picard_crankNicolson_lumped_Vm_L2_dt_1p0em02.pdf, id=1753,
 623.32875pt x 439.6425pt>
File: figures/implicit_2D_Picard_crankNicolson_lumped_Vm_L2_dt_1p0em02.pdf Grap
hic file (type pdf)
<use figures/implicit_2D_Picard_crankNicolson_lumped_Vm_L2_dt_1p0em02.pdf>
Package pdftex.def Info: figures/implicit_2D_Picard_crankNicolson_lumped_Vm_L2_
dt_1p0em02.pdf  used on input line 161.
(pdftex.def)             Requested size: 229.07352pt x 161.5717pt.
<figures/implicit_2D_Picard_crankNicolson_lumped_Vm_G2_dt_1p0em02.pdf, id=1754,
 623.32875pt x 439.6425pt>
File: figures/implicit_2D_Picard_crankNicolson_lumped_Vm_G2_dt_1p0em02.pdf Grap
hic file (type pdf)
<use figures/implicit_2D_Picard_crankNicolson_lumped_Vm_G2_dt_1p0em02.pdf>
Package pdftex.def Info: figures/implicit_2D_Picard_crankNicolson_lumped_Vm_G2_
dt_1p0em02.pdf  used on input line 168.
(pdftex.def)             Requested size: 229.07352pt x 161.5717pt.
<figures/implicit_2D_Picard_crankNicolson_lumped_u1_L2_dt_1p0em02.pdf, id=1755,
 623.32875pt x 439.6425pt>
File: figures/implicit_2D_Picard_crankNicolson_lumped_u1_L2_dt_1p0em02.pdf Grap
hic file (type pdf)
<use figures/implicit_2D_Picard_crankNicolson_lumped_u1_L2_dt_1p0em02.pdf>
Package pdftex.def Info: figures/implicit_2D_Picard_crankNicolson_lumped_u1_L2_
dt_1p0em02.pdf  used on input line 175.
(pdftex.def)             Requested size: 229.07352pt x 161.5717pt.
<figures/implicit_2D_Picard_crankNicolson_lumped_u1_G2_dt_1p0em02.pdf, id=1756,
 623.32875pt x 439.6425pt>
File: figures/implicit_2D_Picard_crankNicolson_lumped_u1_G2_dt_1p0em02.pdf Grap
hic file (type pdf)
<use figures/implicit_2D_Picard_crankNicolson_lumped_u1_G2_dt_1p0em02.pdf>
Package pdftex.def Info: figures/implicit_2D_Picard_crankNicolson_lumped_u1_G2_
dt_1p0em02.pdf  used on input line 182.
(pdftex.def)             Requested size: 229.07352pt x 161.5717pt.
<figures/implicit_2D_Picard_crankNicolson_lumped_u2_L2_dt_1p0em02.pdf, id=1757,
 623.32875pt x 439.6425pt>
File: figures/implicit_2D_Picard_crankNicolson_lumped_u2_L2_dt_1p0em02.pdf Grap
hic file (type pdf)
<use figures/implicit_2D_Picard_crankNicolson_lumped_u2_L2_dt_1p0em02.pdf>
Package pdftex.def Info: figures/implicit_2D_Picard_crankNicolson_lumped_u2_L2_
dt_1p0em02.pdf  used on input line 189.
(pdftex.def)             Requested size: 229.07352pt x 161.5717pt.
<figures/implicit_2D_Picard_crankNicolson_lumped_u2_G2_dt_1p0em02.pdf, id=1758,
 618.31pt x 443.6575pt>
File: figures/implicit_2D_Picard_crankNicolson_lumped_u2_G2_dt_1p0em02.pdf Grap
hic file (type pdf)
<use figures/implicit_2D_Picard_crankNicolson_lumped_u2_G2_dt_1p0em02.pdf>
Package pdftex.def Info: figures/implicit_2D_Picard_crankNicolson_lumped_u2_G2_
dt_1p0em02.pdf  used on input line 196.
(pdftex.def)             Requested size: 229.07352pt x 164.36732pt.
 [17 <./figures/implicit_2D_Picard_crankNicolson_lumped_Vm_L2_dt_1p0em02.pdf> <
./figures/implicit_2D_Picard_crankNicolson_lumped_Vm_G2_dt_1p0em02.pdf> <./figu
res/implicit_2D_Picard_crankNicolson_lumped_u1_L2_dt_1p0em02.pdf> <./figures/im
plicit_2D_Picard_crankNicolson_lumped_u1_G2_dt_1p0em02.pdf> <./figures/implicit
_2D_Picard_crankNicolson_lumped_u2_L2_dt_1p0em02.pdf> <./figures/implicit_2D_Pi
card_crankNicolson_lumped_u2_G2_dt_1p0em02.pdf>]
(./tables/results_2D_Picard_dt_1p0em03.tex)
<figures/implicit_2D_Picard_backwardEuler_consistent_Vm_L2_dt_1p0em03.pdf, id=2
200, 623.32875pt x 439.6425pt>
File: figures/implicit_2D_Picard_backwardEuler_consistent_Vm_L2_dt_1p0em03.pdf 
Graphic file (type pdf)
<use figures/implicit_2D_Picard_backwardEuler_consistent_Vm_L2_dt_1p0em03.pdf>
Package pdftex.def Info: figures/implicit_2D_Picard_backwardEuler_consistent_Vm
_L2_dt_1p0em03.pdf  used on input line 211.
(pdftex.def)             Requested size: 229.07352pt x 161.5717pt.
<figures/implicit_2D_Picard_backwardEuler_consistent_Vm_G2_dt_1p0em03.pdf, id=2
201, 623.32875pt x 439.6425pt>
File: figures/implicit_2D_Picard_backwardEuler_consistent_Vm_G2_dt_1p0em03.pdf 
Graphic file (type pdf)
<use figures/implicit_2D_Picard_backwardEuler_consistent_Vm_G2_dt_1p0em03.pdf>
Package pdftex.def Info: figures/implicit_2D_Picard_backwardEuler_consistent_Vm
_G2_dt_1p0em03.pdf  used on input line 218.
(pdftex.def)             Requested size: 229.07352pt x 161.5717pt.
<figures/implicit_2D_Picard_backwardEuler_consistent_u1_L2_dt_1p0em03.pdf, id=2
202, 623.32875pt x 439.6425pt>
File: figures/implicit_2D_Picard_backwardEuler_consistent_u1_L2_dt_1p0em03.pdf 
Graphic file (type pdf)
<use figures/implicit_2D_Picard_backwardEuler_consistent_u1_L2_dt_1p0em03.pdf>
Package pdftex.def Info: figures/implicit_2D_Picard_backwardEuler_consistent_u1
_L2_dt_1p0em03.pdf  used on input line 225.
(pdftex.def)             Requested size: 229.07352pt x 161.5717pt.
<figures/implicit_2D_Picard_backwardEuler_consistent_u1_G2_dt_1p0em03.pdf, id=2
203, 623.32875pt x 439.6425pt>
File: figures/implicit_2D_Picard_backwardEuler_consistent_u1_G2_dt_1p0em03.pdf 
Graphic file (type pdf)
<use figures/implicit_2D_Picard_backwardEuler_consistent_u1_G2_dt_1p0em03.pdf>
Package pdftex.def Info: figures/implicit_2D_Picard_backwardEuler_consistent_u1
_G2_dt_1p0em03.pdf  used on input line 232.
(pdftex.def)             Requested size: 229.07352pt x 161.5717pt.
<figures/implicit_2D_Picard_backwardEuler_consistent_u2_L2_dt_1p0em03.pdf, id=2
204, 623.32875pt x 439.6425pt>
File: figures/implicit_2D_Picard_backwardEuler_consistent_u2_L2_dt_1p0em03.pdf 
Graphic file (type pdf)
<use figures/implicit_2D_Picard_backwardEuler_consistent_u2_L2_dt_1p0em03.pdf>
Package pdftex.def Info: figures/implicit_2D_Picard_backwardEuler_consistent_u2
_L2_dt_1p0em03.pdf  used on input line 239.
(pdftex.def)             Requested size: 229.07352pt x 161.5717pt.
<figures/implicit_2D_Picard_backwardEuler_consistent_u2_G2_dt_1p0em03.pdf, id=2
205, 618.31pt x 443.6575pt>
File: figures/implicit_2D_Picard_backwardEuler_consistent_u2_G2_dt_1p0em03.pdf 
Graphic file (type pdf)
<use figures/implicit_2D_Picard_backwardEuler_consistent_u2_G2_dt_1p0em03.pdf>
Package pdftex.def Info: figures/implicit_2D_Picard_backwardEuler_consistent_u2
_G2_dt_1p0em03.pdf  used on input line 246.
(pdftex.def)             Requested size: 229.07352pt x 164.36732pt.
 [18



] [19 <./figures/implicit_2D_Picard_backwardEuler_consistent_Vm_L2_dt_1p0em03.p
df> <./figures/implicit_2D_Picard_backwardEuler_consistent_Vm_G2_dt_1p0em03.pdf
> <./figures/implicit_2D_Picard_backwardEuler_consistent_u1_L2_dt_1p0em03.pdf> 
<./figures/implicit_2D_Picard_backwardEuler_consistent_u1_G2_dt_1p0em03.pdf> <.
/figures/implicit_2D_Picard_backwardEuler_consistent_u2_L2_dt_1p0em03.pdf> <./f
igures/implicit_2D_Picard_backwardEuler_consistent_u2_G2_dt_1p0em03.pdf>]
<figures/implicit_2D_Picard_backwardEuler_lumped_Vm_L2_dt_1p0em03.pdf, id=2678,
 618.31pt x 443.6575pt>
File: figures/implicit_2D_Picard_backwardEuler_lumped_Vm_L2_dt_1p0em03.pdf Grap
hic file (type pdf)
<use figures/implicit_2D_Picard_backwardEuler_lumped_Vm_L2_dt_1p0em03.pdf>
Package pdftex.def Info: figures/implicit_2D_Picard_backwardEuler_lumped_Vm_L2_
dt_1p0em03.pdf  used on input line 259.
(pdftex.def)             Requested size: 229.07352pt x 164.36732pt.
<figures/implicit_2D_Picard_backwardEuler_lumped_Vm_G2_dt_1p0em03.pdf, id=2679,
 623.32875pt x 439.6425pt>
File: figures/implicit_2D_Picard_backwardEuler_lumped_Vm_G2_dt_1p0em03.pdf Grap
hic file (type pdf)
<use figures/implicit_2D_Picard_backwardEuler_lumped_Vm_G2_dt_1p0em03.pdf>
Package pdftex.def Info: figures/implicit_2D_Picard_backwardEuler_lumped_Vm_G2_
dt_1p0em03.pdf  used on input line 266.
(pdftex.def)             Requested size: 229.07352pt x 161.5717pt.
<figures/implicit_2D_Picard_backwardEuler_lumped_u1_L2_dt_1p0em03.pdf, id=2680,
 623.32875pt x 439.6425pt>
File: figures/implicit_2D_Picard_backwardEuler_lumped_u1_L2_dt_1p0em03.pdf Grap
hic file (type pdf)
<use figures/implicit_2D_Picard_backwardEuler_lumped_u1_L2_dt_1p0em03.pdf>
Package pdftex.def Info: figures/implicit_2D_Picard_backwardEuler_lumped_u1_L2_
dt_1p0em03.pdf  used on input line 273.
(pdftex.def)             Requested size: 229.07352pt x 161.5717pt.
<figures/implicit_2D_Picard_backwardEuler_lumped_u1_G2_dt_1p0em03.pdf, id=2681,
 623.32875pt x 439.6425pt>
File: figures/implicit_2D_Picard_backwardEuler_lumped_u1_G2_dt_1p0em03.pdf Grap
hic file (type pdf)
<use figures/implicit_2D_Picard_backwardEuler_lumped_u1_G2_dt_1p0em03.pdf>
Package pdftex.def Info: figures/implicit_2D_Picard_backwardEuler_lumped_u1_G2_
dt_1p0em03.pdf  used on input line 280.
(pdftex.def)             Requested size: 229.07352pt x 161.5717pt.
<figures/implicit_2D_Picard_backwardEuler_lumped_u2_L2_dt_1p0em03.pdf, id=2682,
 623.32875pt x 439.6425pt>
File: figures/implicit_2D_Picard_backwardEuler_lumped_u2_L2_dt_1p0em03.pdf Grap
hic file (type pdf)
<use figures/implicit_2D_Picard_backwardEuler_lumped_u2_L2_dt_1p0em03.pdf>
Package pdftex.def Info: figures/implicit_2D_Picard_backwardEuler_lumped_u2_L2_
dt_1p0em03.pdf  used on input line 287.
(pdftex.def)             Requested size: 229.07352pt x 161.5717pt.
<figures/implicit_2D_Picard_backwardEuler_lumped_u2_G2_dt_1p0em03.pdf, id=2683,
 618.31pt x 443.6575pt>
File: figures/implicit_2D_Picard_backwardEuler_lumped_u2_G2_dt_1p0em03.pdf Grap
hic file (type pdf)
<use figures/implicit_2D_Picard_backwardEuler_lumped_u2_G2_dt_1p0em03.pdf>
Package pdftex.def Info: figures/implicit_2D_Picard_backwardEuler_lumped_u2_G2_
dt_1p0em03.pdf  used on input line 294.
(pdftex.def)             Requested size: 229.07352pt x 164.36732pt.
 [20 <./figures/implicit_2D_Picard_backwardEuler_lumped_Vm_L2_dt_1p0em03.pdf> <
./figures/implicit_2D_Picard_backwardEuler_lumped_Vm_G2_dt_1p0em03.pdf> <./figu
res/implicit_2D_Picard_backwardEuler_lumped_u1_L2_dt_1p0em03.pdf> <./figures/im
plicit_2D_Picard_backwardEuler_lumped_u1_G2_dt_1p0em03.pdf> <./figures/implicit
_2D_Picard_backwardEuler_lumped_u2_L2_dt_1p0em03.pdf> <./figures/implicit_2D_Pi
card_backwardEuler_lumped_u2_G2_dt_1p0em03.pdf>]
<figures/implicit_2D_Picard_crankNicolson_consistent_Vm_L2_dt_1p0em03.pdf, id=3
144, 623.32875pt x 439.6425pt>
File: figures/implicit_2D_Picard_crankNicolson_consistent_Vm_L2_dt_1p0em03.pdf 
Graphic file (type pdf)
<use figures/implicit_2D_Picard_crankNicolson_consistent_Vm_L2_dt_1p0em03.pdf>
Package pdftex.def Info: figures/implicit_2D_Picard_crankNicolson_consistent_Vm
_L2_dt_1p0em03.pdf  used on input line 307.
(pdftex.def)             Requested size: 229.07352pt x 161.5717pt.
<figures/implicit_2D_Picard_crankNicolson_consistent_Vm_G2_dt_1p0em03.pdf, id=3
145, 623.32875pt x 439.6425pt>
File: figures/implicit_2D_Picard_crankNicolson_consistent_Vm_G2_dt_1p0em03.pdf 
Graphic file (type pdf)
<use figures/implicit_2D_Picard_crankNicolson_consistent_Vm_G2_dt_1p0em03.pdf>
Package pdftex.def Info: figures/implicit_2D_Picard_crankNicolson_consistent_Vm
_G2_dt_1p0em03.pdf  used on input line 314.
(pdftex.def)             Requested size: 229.07352pt x 161.5717pt.
<figures/implicit_2D_Picard_crankNicolson_consistent_u1_L2_dt_1p0em03.pdf, id=3
146, 623.32875pt x 439.6425pt>
File: figures/implicit_2D_Picard_crankNicolson_consistent_u1_L2_dt_1p0em03.pdf 
Graphic file (type pdf)
<use figures/implicit_2D_Picard_crankNicolson_consistent_u1_L2_dt_1p0em03.pdf>
Package pdftex.def Info: figures/implicit_2D_Picard_crankNicolson_consistent_u1
_L2_dt_1p0em03.pdf  used on input line 321.
(pdftex.def)             Requested size: 229.07352pt x 161.5717pt.
<figures/implicit_2D_Picard_crankNicolson_consistent_u1_G2_dt_1p0em03.pdf, id=3
147, 623.32875pt x 439.6425pt>
File: figures/implicit_2D_Picard_crankNicolson_consistent_u1_G2_dt_1p0em03.pdf 
Graphic file (type pdf)
<use figures/implicit_2D_Picard_crankNicolson_consistent_u1_G2_dt_1p0em03.pdf>
Package pdftex.def Info: figures/implicit_2D_Picard_crankNicolson_consistent_u1
_G2_dt_1p0em03.pdf  used on input line 328.
(pdftex.def)             Requested size: 229.07352pt x 161.5717pt.
<figures/implicit_2D_Picard_crankNicolson_consistent_u2_L2_dt_1p0em03.pdf, id=3
148, 623.32875pt x 439.6425pt>
File: figures/implicit_2D_Picard_crankNicolson_consistent_u2_L2_dt_1p0em03.pdf 
Graphic file (type pdf)
<use figures/implicit_2D_Picard_crankNicolson_consistent_u2_L2_dt_1p0em03.pdf>
Package pdftex.def Info: figures/implicit_2D_Picard_crankNicolson_consistent_u2
_L2_dt_1p0em03.pdf  used on input line 335.
(pdftex.def)             Requested size: 229.07352pt x 161.5717pt.
<figures/implicit_2D_Picard_crankNicolson_consistent_u2_G2_dt_1p0em03.pdf, id=3
149, 623.32875pt x 439.6425pt>
File: figures/implicit_2D_Picard_crankNicolson_consistent_u2_G2_dt_1p0em03.pdf 
Graphic file (type pdf)
<use figures/implicit_2D_Picard_crankNicolson_consistent_u2_G2_dt_1p0em03.pdf>
Package pdftex.def Info: figures/implicit_2D_Picard_crankNicolson_consistent_u2
_G2_dt_1p0em03.pdf  used on input line 342.
(pdftex.def)             Requested size: 229.07352pt x 161.5717pt.
 [21 <./figures/implicit_2D_Picard_crankNicolson_consistent_Vm_L2_dt_1p0em03.pd
f> <./figures/implicit_2D_Picard_crankNicolson_consistent_Vm_G2_dt_1p0em03.pdf>
 <./figures/implicit_2D_Picard_crankNicolson_consistent_u1_L2_dt_1p0em03.pdf> <
./figures/implicit_2D_Picard_crankNicolson_consistent_u1_G2_dt_1p0em03.pdf> <./
figures/implicit_2D_Picard_crankNicolson_consistent_u2_L2_dt_1p0em03.pdf> <./fi
gures/implicit_2D_Picard_crankNicolson_consistent_u2_G2_dt_1p0em03.pdf>]
<figures/implicit_2D_Picard_crankNicolson_lumped_Vm_L2_dt_1p0em03.pdf, id=3601,
 623.32875pt x 439.6425pt>
File: figures/implicit_2D_Picard_crankNicolson_lumped_Vm_L2_dt_1p0em03.pdf Grap
hic file (type pdf)
<use figures/implicit_2D_Picard_crankNicolson_lumped_Vm_L2_dt_1p0em03.pdf>
Package pdftex.def Info: figures/implicit_2D_Picard_crankNicolson_lumped_Vm_L2_
dt_1p0em03.pdf  used on input line 355.
(pdftex.def)             Requested size: 229.07352pt x 161.5717pt.
<figures/implicit_2D_Picard_crankNicolson_lumped_Vm_G2_dt_1p0em03.pdf, id=3602,
 623.32875pt x 439.6425pt>
File: figures/implicit_2D_Picard_crankNicolson_lumped_Vm_G2_dt_1p0em03.pdf Grap
hic file (type pdf)
<use figures/implicit_2D_Picard_crankNicolson_lumped_Vm_G2_dt_1p0em03.pdf>
Package pdftex.def Info: figures/implicit_2D_Picard_crankNicolson_lumped_Vm_G2_
dt_1p0em03.pdf  used on input line 362.
(pdftex.def)             Requested size: 229.07352pt x 161.5717pt.
<figures/implicit_2D_Picard_crankNicolson_lumped_u1_L2_dt_1p0em03.pdf, id=3603,
 623.32875pt x 439.6425pt>
File: figures/implicit_2D_Picard_crankNicolson_lumped_u1_L2_dt_1p0em03.pdf Grap
hic file (type pdf)
<use figures/implicit_2D_Picard_crankNicolson_lumped_u1_L2_dt_1p0em03.pdf>
Package pdftex.def Info: figures/implicit_2D_Picard_crankNicolson_lumped_u1_L2_
dt_1p0em03.pdf  used on input line 369.
(pdftex.def)             Requested size: 229.07352pt x 161.5717pt.
<figures/implicit_2D_Picard_crankNicolson_lumped_u1_G2_dt_1p0em03.pdf, id=3604,
 623.32875pt x 439.6425pt>
File: figures/implicit_2D_Picard_crankNicolson_lumped_u1_G2_dt_1p0em03.pdf Grap
hic file (type pdf)
<use figures/implicit_2D_Picard_crankNicolson_lumped_u1_G2_dt_1p0em03.pdf>
Package pdftex.def Info: figures/implicit_2D_Picard_crankNicolson_lumped_u1_G2_
dt_1p0em03.pdf  used on input line 376.
(pdftex.def)             Requested size: 229.07352pt x 161.5717pt.
<figures/implicit_2D_Picard_crankNicolson_lumped_u2_L2_dt_1p0em03.pdf, id=3605,
 623.32875pt x 439.6425pt>
File: figures/implicit_2D_Picard_crankNicolson_lumped_u2_L2_dt_1p0em03.pdf Grap
hic file (type pdf)
<use figures/implicit_2D_Picard_crankNicolson_lumped_u2_L2_dt_1p0em03.pdf>
Package pdftex.def Info: figures/implicit_2D_Picard_crankNicolson_lumped_u2_L2_
dt_1p0em03.pdf  used on input line 383.
(pdftex.def)             Requested size: 229.07352pt x 161.5717pt.
<figures/implicit_2D_Picard_crankNicolson_lumped_u2_G2_dt_1p0em03.pdf, id=3606,
 618.31pt x 443.6575pt>
File: figures/implicit_2D_Picard_crankNicolson_lumped_u2_G2_dt_1p0em03.pdf Grap
hic file (type pdf)
<use figures/implicit_2D_Picard_crankNicolson_lumped_u2_G2_dt_1p0em03.pdf>
Package pdftex.def Info: figures/implicit_2D_Picard_crankNicolson_lumped_u2_G2_
dt_1p0em03.pdf  used on input line 390.
(pdftex.def)             Requested size: 229.07352pt x 164.36732pt.
 [22 <./figures/implicit_2D_Picard_crankNicolson_lumped_Vm_L2_dt_1p0em03.pdf> <
./figures/implicit_2D_Picard_crankNicolson_lumped_Vm_G2_dt_1p0em03.pdf> <./figu
res/implicit_2D_Picard_crankNicolson_lumped_u1_L2_dt_1p0em03.pdf> <./figures/im
plicit_2D_Picard_crankNicolson_lumped_u1_G2_dt_1p0em03.pdf> <./figures/implicit
_2D_Picard_crankNicolson_lumped_u2_L2_dt_1p0em03.pdf> <./figures/implicit_2D_Pi
card_crankNicolson_lumped_u2_G2_dt_1p0em03.pdf>]
(./tables/results_2D_diagonalIion_dt_1p0em02.tex)
<figures/implicit_2D_diagonalIion_backwardEuler_consistent_Vm_L2_dt_1p0em02.pdf
, id=4048, 628.3475pt x 439.6425pt>
File: figures/implicit_2D_diagonalIion_backwardEuler_consistent_Vm_L2_dt_1p0em0
2.pdf Graphic file (type pdf)
<use figures/implicit_2D_diagonalIion_backwardEuler_consistent_Vm_L2_dt_1p0em02
.pdf>
Package pdftex.def Info: figures/implicit_2D_diagonalIion_backwardEuler_consist
ent_Vm_L2_dt_1p0em02.pdf  used on input line 406.
(pdftex.def)             Requested size: 229.07352pt x 160.27698pt.
<figures/implicit_2D_diagonalIion_backwardEuler_consistent_Vm_G2_dt_1p0em02.pdf
, id=4049, 636.3775pt x 439.6425pt>
File: figures/implicit_2D_diagonalIion_backwardEuler_consistent_Vm_G2_dt_1p0em0
2.pdf Graphic file (type pdf)
<use figures/implicit_2D_diagonalIion_backwardEuler_consistent_Vm_G2_dt_1p0em02
.pdf>
Package pdftex.def Info: figures/implicit_2D_diagonalIion_backwardEuler_consist
ent_Vm_G2_dt_1p0em02.pdf  used on input line 413.
(pdftex.def)             Requested size: 229.07352pt x 158.25105pt.
<figures/implicit_2D_diagonalIion_backwardEuler_consistent_u1_L2_dt_1p0em02.pdf
, id=4050, 627.34375pt x 439.6425pt>
File: figures/implicit_2D_diagonalIion_backwardEuler_consistent_u1_L2_dt_1p0em0
2.pdf Graphic file (type pdf)
<use figures/implicit_2D_diagonalIion_backwardEuler_consistent_u1_L2_dt_1p0em02
.pdf>
Package pdftex.def Info: figures/implicit_2D_diagonalIion_backwardEuler_consist
ent_u1_L2_dt_1p0em02.pdf  used on input line 420.
(pdftex.def)             Requested size: 229.07352pt x 160.5319pt.
<figures/implicit_2D_diagonalIion_backwardEuler_consistent_u1_G2_dt_1p0em02.pdf
, id=4051, 634.37pt x 439.6425pt>
File: figures/implicit_2D_diagonalIion_backwardEuler_consistent_u1_G2_dt_1p0em0
2.pdf Graphic file (type pdf)
<use figures/implicit_2D_diagonalIion_backwardEuler_consistent_u1_G2_dt_1p0em02
.pdf>
Package pdftex.def Info: figures/implicit_2D_diagonalIion_backwardEuler_consist
ent_u1_G2_dt_1p0em02.pdf  used on input line 427.
(pdftex.def)             Requested size: 229.07352pt x 158.75418pt.
<figures/implicit_2D_diagonalIion_backwardEuler_consistent_u2_L2_dt_1p0em02.pdf
, id=4052, 627.34375pt x 439.6425pt>
File: figures/implicit_2D_diagonalIion_backwardEuler_consistent_u2_L2_dt_1p0em0
2.pdf Graphic file (type pdf)
<use figures/implicit_2D_diagonalIion_backwardEuler_consistent_u2_L2_dt_1p0em02
.pdf>
Package pdftex.def Info: figures/implicit_2D_diagonalIion_backwardEuler_consist
ent_u2_L2_dt_1p0em02.pdf  used on input line 434.
(pdftex.def)             Requested size: 229.07352pt x 160.5319pt.
<figures/implicit_2D_diagonalIion_backwardEuler_consistent_u2_G2_dt_1p0em02.pdf
, id=4053, 634.37pt x 439.6425pt>
File: figures/implicit_2D_diagonalIion_backwardEuler_consistent_u2_G2_dt_1p0em0
2.pdf Graphic file (type pdf)
<use figures/implicit_2D_diagonalIion_backwardEuler_consistent_u2_G2_dt_1p0em02
.pdf>
Package pdftex.def Info: figures/implicit_2D_diagonalIion_backwardEuler_consist
ent_u2_G2_dt_1p0em02.pdf  used on input line 441.
(pdftex.def)             Requested size: 229.07352pt x 158.75418pt.
 [23



] [24 <./figures/implicit_2D_diagonalIion_backwardEuler_consistent_Vm_L2_dt_1p0
em02.pdf> <./figures/implicit_2D_diagonalIion_backwardEuler_consistent_Vm_G2_dt
_1p0em02.pdf> <./figures/implicit_2D_diagonalIion_backwardEuler_consistent_u1_L
2_dt_1p0em02.pdf> <./figures/implicit_2D_diagonalIion_backwardEuler_consistent_
u1_G2_dt_1p0em02.pdf> <./figures/implicit_2D_diagonalIion_backwardEuler_consist
ent_u2_L2_dt_1p0em02.pdf> <./figures/implicit_2D_diagonalIion_backwardEuler_con
sistent_u2_G2_dt_1p0em02.pdf>]
<figures/implicit_2D_diagonalIion_backwardEuler_lumped_Vm_L2_dt_1p0em02.pdf, id
=4525, 618.31pt x 443.6575pt>
File: figures/implicit_2D_diagonalIion_backwardEuler_lumped_Vm_L2_dt_1p0em02.pd
f Graphic file (type pdf)
<use figures/implicit_2D_diagonalIion_backwardEuler_lumped_Vm_L2_dt_1p0em02.pdf
>
Package pdftex.def Info: figures/implicit_2D_diagonalIion_backwardEuler_lumped_
Vm_L2_dt_1p0em02.pdf  used on input line 454.
(pdftex.def)             Requested size: 229.07352pt x 164.36732pt.
<figures/implicit_2D_diagonalIion_backwardEuler_lumped_Vm_G2_dt_1p0em02.pdf, id
=4526, 624.3325pt x 443.6575pt>
File: figures/implicit_2D_diagonalIion_backwardEuler_lumped_Vm_G2_dt_1p0em02.pd
f Graphic file (type pdf)
<use figures/implicit_2D_diagonalIion_backwardEuler_lumped_Vm_G2_dt_1p0em02.pdf
>
Package pdftex.def Info: figures/implicit_2D_diagonalIion_backwardEuler_lumped_
Vm_G2_dt_1p0em02.pdf  used on input line 461.
(pdftex.def)             Requested size: 229.07352pt x 162.77646pt.
<figures/implicit_2D_diagonalIion_backwardEuler_lumped_u1_L2_dt_1p0em02.pdf, id
=4527, 623.32875pt x 439.6425pt>
File: figures/implicit_2D_diagonalIion_backwardEuler_lumped_u1_L2_dt_1p0em02.pd
f Graphic file (type pdf)
<use figures/implicit_2D_diagonalIion_backwardEuler_lumped_u1_L2_dt_1p0em02.pdf
>
Package pdftex.def Info: figures/implicit_2D_diagonalIion_backwardEuler_lumped_
u1_L2_dt_1p0em02.pdf  used on input line 468.
(pdftex.def)             Requested size: 229.07352pt x 161.5717pt.
<figures/implicit_2D_diagonalIion_backwardEuler_lumped_u1_G2_dt_1p0em02.pdf, id
=4528, 622.325pt x 443.6575pt>
File: figures/implicit_2D_diagonalIion_backwardEuler_lumped_u1_G2_dt_1p0em02.pd
f Graphic file (type pdf)
<use figures/implicit_2D_diagonalIion_backwardEuler_lumped_u1_G2_dt_1p0em02.pdf
>
Package pdftex.def Info: figures/implicit_2D_diagonalIion_backwardEuler_lumped_
u1_G2_dt_1p0em02.pdf  used on input line 475.
(pdftex.def)             Requested size: 229.07352pt x 163.30449pt.
<figures/implicit_2D_diagonalIion_backwardEuler_lumped_u2_L2_dt_1p0em02.pdf, id
=4529, 623.32875pt x 439.6425pt>
File: figures/implicit_2D_diagonalIion_backwardEuler_lumped_u2_L2_dt_1p0em02.pd
f Graphic file (type pdf)
<use figures/implicit_2D_diagonalIion_backwardEuler_lumped_u2_L2_dt_1p0em02.pdf
>
Package pdftex.def Info: figures/implicit_2D_diagonalIion_backwardEuler_lumped_
u2_L2_dt_1p0em02.pdf  used on input line 482.
(pdftex.def)             Requested size: 229.07352pt x 161.5717pt.
<figures/implicit_2D_diagonalIion_backwardEuler_lumped_u2_G2_dt_1p0em02.pdf, id
=4530, 625.33624pt x 439.6425pt>
File: figures/implicit_2D_diagonalIion_backwardEuler_lumped_u2_G2_dt_1p0em02.pd
f Graphic file (type pdf)
<use figures/implicit_2D_diagonalIion_backwardEuler_lumped_u2_G2_dt_1p0em02.pdf
>
Package pdftex.def Info: figures/implicit_2D_diagonalIion_backwardEuler_lumped_
u2_G2_dt_1p0em02.pdf  used on input line 489.
(pdftex.def)             Requested size: 229.07352pt x 161.04845pt.
 [25 <./figures/implicit_2D_diagonalIion_backwardEuler_lumped_Vm_L2_dt_1p0em02.
pdf> <./figures/implicit_2D_diagonalIion_backwardEuler_lumped_Vm_G2_dt_1p0em02.
pdf> <./figures/implicit_2D_diagonalIion_backwardEuler_lumped_u1_L2_dt_1p0em02.
pdf> <./figures/implicit_2D_diagonalIion_backwardEuler_lumped_u1_G2_dt_1p0em02.
pdf> <./figures/implicit_2D_diagonalIion_backwardEuler_lumped_u2_L2_dt_1p0em02.
pdf> <./figures/implicit_2D_diagonalIion_backwardEuler_lumped_u2_G2_dt_1p0em02.
pdf>]
<figures/implicit_2D_diagonalIion_crankNicolson_consistent_Vm_L2_dt_1p0em02.pdf
, id=4992, 628.3475pt x 439.6425pt>
File: figures/implicit_2D_diagonalIion_crankNicolson_consistent_Vm_L2_dt_1p0em0
2.pdf Graphic file (type pdf)
<use figures/implicit_2D_diagonalIion_crankNicolson_consistent_Vm_L2_dt_1p0em02
.pdf>
Package pdftex.def Info: figures/implicit_2D_diagonalIion_crankNicolson_consist
ent_Vm_L2_dt_1p0em02.pdf  used on input line 502.
(pdftex.def)             Requested size: 229.07352pt x 160.27698pt.
<figures/implicit_2D_diagonalIion_crankNicolson_consistent_Vm_G2_dt_1p0em02.pdf
, id=4993, 636.3775pt x 439.6425pt>
File: figures/implicit_2D_diagonalIion_crankNicolson_consistent_Vm_G2_dt_1p0em0
2.pdf Graphic file (type pdf)
<use figures/implicit_2D_diagonalIion_crankNicolson_consistent_Vm_G2_dt_1p0em02
.pdf>
Package pdftex.def Info: figures/implicit_2D_diagonalIion_crankNicolson_consist
ent_Vm_G2_dt_1p0em02.pdf  used on input line 509.
(pdftex.def)             Requested size: 229.07352pt x 158.25105pt.
<figures/implicit_2D_diagonalIion_crankNicolson_consistent_u1_L2_dt_1p0em02.pdf
, id=4994, 627.34375pt x 439.6425pt>
File: figures/implicit_2D_diagonalIion_crankNicolson_consistent_u1_L2_dt_1p0em0
2.pdf Graphic file (type pdf)
<use figures/implicit_2D_diagonalIion_crankNicolson_consistent_u1_L2_dt_1p0em02
.pdf>
Package pdftex.def Info: figures/implicit_2D_diagonalIion_crankNicolson_consist
ent_u1_L2_dt_1p0em02.pdf  used on input line 516.
(pdftex.def)             Requested size: 229.07352pt x 160.5319pt.
<figures/implicit_2D_diagonalIion_crankNicolson_consistent_u1_G2_dt_1p0em02.pdf
, id=4995, 634.37pt x 439.6425pt>
File: figures/implicit_2D_diagonalIion_crankNicolson_consistent_u1_G2_dt_1p0em0
2.pdf Graphic file (type pdf)
<use figures/implicit_2D_diagonalIion_crankNicolson_consistent_u1_G2_dt_1p0em02
.pdf>
Package pdftex.def Info: figures/implicit_2D_diagonalIion_crankNicolson_consist
ent_u1_G2_dt_1p0em02.pdf  used on input line 523.
(pdftex.def)             Requested size: 229.07352pt x 158.75418pt.
<figures/implicit_2D_diagonalIion_crankNicolson_consistent_u2_L2_dt_1p0em02.pdf
, id=4996, 627.34375pt x 439.6425pt>
File: figures/implicit_2D_diagonalIion_crankNicolson_consistent_u2_L2_dt_1p0em0
2.pdf Graphic file (type pdf)
<use figures/implicit_2D_diagonalIion_crankNicolson_consistent_u2_L2_dt_1p0em02
.pdf>
Package pdftex.def Info: figures/implicit_2D_diagonalIion_crankNicolson_consist
ent_u2_L2_dt_1p0em02.pdf  used on input line 530.
(pdftex.def)             Requested size: 229.07352pt x 160.5319pt.
<figures/implicit_2D_diagonalIion_crankNicolson_consistent_u2_G2_dt_1p0em02.pdf
, id=4997, 634.37pt x 439.6425pt>
File: figures/implicit_2D_diagonalIion_crankNicolson_consistent_u2_G2_dt_1p0em0
2.pdf Graphic file (type pdf)
<use figures/implicit_2D_diagonalIion_crankNicolson_consistent_u2_G2_dt_1p0em02
.pdf>
Package pdftex.def Info: figures/implicit_2D_diagonalIion_crankNicolson_consist
ent_u2_G2_dt_1p0em02.pdf  used on input line 537.
(pdftex.def)             Requested size: 229.07352pt x 158.75418pt.
 [26 <./figures/implicit_2D_diagonalIion_crankNicolson_consistent_Vm_L2_dt_1p0e
m02.pdf> <./figures/implicit_2D_diagonalIion_crankNicolson_consistent_Vm_G2_dt_
1p0em02.pdf> <./figures/implicit_2D_diagonalIion_crankNicolson_consistent_u1_L2
_dt_1p0em02.pdf> <./figures/implicit_2D_diagonalIion_crankNicolson_consistent_u
1_G2_dt_1p0em02.pdf> <./figures/implicit_2D_diagonalIion_crankNicolson_consiste
nt_u2_L2_dt_1p0em02.pdf> <./figures/implicit_2D_diagonalIion_crankNicolson_cons
istent_u2_G2_dt_1p0em02.pdf>]
<figures/implicit_2D_diagonalIion_crankNicolson_lumped_Vm_L2_dt_1p0em02.pdf, id
=5449, 618.31pt x 443.6575pt>
File: figures/implicit_2D_diagonalIion_crankNicolson_lumped_Vm_L2_dt_1p0em02.pd
f Graphic file (type pdf)
<use figures/implicit_2D_diagonalIion_crankNicolson_lumped_Vm_L2_dt_1p0em02.pdf
>
Package pdftex.def Info: figures/implicit_2D_diagonalIion_crankNicolson_lumped_
Vm_L2_dt_1p0em02.pdf  used on input line 550.
(pdftex.def)             Requested size: 229.07352pt x 164.36732pt.
<figures/implicit_2D_diagonalIion_crankNicolson_lumped_Vm_G2_dt_1p0em02.pdf, id
=5450, 627.34375pt x 439.6425pt>
File: figures/implicit_2D_diagonalIion_crankNicolson_lumped_Vm_G2_dt_1p0em02.pd
f Graphic file (type pdf)
<use figures/implicit_2D_diagonalIion_crankNicolson_lumped_Vm_G2_dt_1p0em02.pdf
>
Package pdftex.def Info: figures/implicit_2D_diagonalIion_crankNicolson_lumped_
Vm_G2_dt_1p0em02.pdf  used on input line 557.
(pdftex.def)             Requested size: 229.07352pt x 160.5319pt.
<figures/implicit_2D_diagonalIion_crankNicolson_lumped_u1_L2_dt_1p0em02.pdf, id
=5451, 618.31pt x 443.6575pt>
File: figures/implicit_2D_diagonalIion_crankNicolson_lumped_u1_L2_dt_1p0em02.pd
f Graphic file (type pdf)
<use figures/implicit_2D_diagonalIion_crankNicolson_lumped_u1_L2_dt_1p0em02.pdf
>
Package pdftex.def Info: figures/implicit_2D_diagonalIion_crankNicolson_lumped_
u1_L2_dt_1p0em02.pdf  used on input line 564.
(pdftex.def)             Requested size: 229.07352pt x 164.36732pt.
<figures/implicit_2D_diagonalIion_crankNicolson_lumped_u1_G2_dt_1p0em02.pdf, id
=5452, 622.325pt x 443.6575pt>
File: figures/implicit_2D_diagonalIion_crankNicolson_lumped_u1_G2_dt_1p0em02.pd
f Graphic file (type pdf)
<use figures/implicit_2D_diagonalIion_crankNicolson_lumped_u1_G2_dt_1p0em02.pdf
>
Package pdftex.def Info: figures/implicit_2D_diagonalIion_crankNicolson_lumped_
u1_G2_dt_1p0em02.pdf  used on input line 571.
(pdftex.def)             Requested size: 229.07352pt x 163.30449pt.
<figures/implicit_2D_diagonalIion_crankNicolson_lumped_u2_L2_dt_1p0em02.pdf, id
=5453, 618.31pt x 443.6575pt>
File: figures/implicit_2D_diagonalIion_crankNicolson_lumped_u2_L2_dt_1p0em02.pd
f Graphic file (type pdf)
<use figures/implicit_2D_diagonalIion_crankNicolson_lumped_u2_L2_dt_1p0em02.pdf
>
Package pdftex.def Info: figures/implicit_2D_diagonalIion_crankNicolson_lumped_
u2_L2_dt_1p0em02.pdf  used on input line 578.
(pdftex.def)             Requested size: 229.07352pt x 164.36732pt.
<figures/implicit_2D_diagonalIion_crankNicolson_lumped_u2_G2_dt_1p0em02.pdf, id
=5454, 622.325pt x 443.6575pt>
File: figures/implicit_2D_diagonalIion_crankNicolson_lumped_u2_G2_dt_1p0em02.pd
f Graphic file (type pdf)
<use figures/implicit_2D_diagonalIion_crankNicolson_lumped_u2_G2_dt_1p0em02.pdf
>
Package pdftex.def Info: figures/implicit_2D_diagonalIion_crankNicolson_lumped_
u2_G2_dt_1p0em02.pdf  used on input line 585.
(pdftex.def)             Requested size: 229.07352pt x 163.30449pt.
 [27 <./figures/implicit_2D_diagonalIion_crankNicolson_lumped_Vm_L2_dt_1p0em02.
pdf> <./figures/implicit_2D_diagonalIion_crankNicolson_lumped_Vm_G2_dt_1p0em02.
pdf> <./figures/implicit_2D_diagonalIion_crankNicolson_lumped_u1_L2_dt_1p0em02.
pdf> <./figures/implicit_2D_diagonalIion_crankNicolson_lumped_u1_G2_dt_1p0em02.
pdf> <./figures/implicit_2D_diagonalIion_crankNicolson_lumped_u2_L2_dt_1p0em02.
pdf> <./figures/implicit_2D_diagonalIion_crankNicolson_lumped_u2_G2_dt_1p0em02.
pdf>]
(./tables/results_2D_diagonalIion_dt_1p0em03.tex)
<figures/implicit_2D_diagonalIion_backwardEuler_consistent_Vm_L2_dt_1p0em03.pdf
, id=5897, 628.3475pt x 439.6425pt>
File: figures/implicit_2D_diagonalIion_backwardEuler_consistent_Vm_L2_dt_1p0em0
3.pdf Graphic file (type pdf)
<use figures/implicit_2D_diagonalIion_backwardEuler_consistent_Vm_L2_dt_1p0em03
.pdf>
Package pdftex.def Info: figures/implicit_2D_diagonalIion_backwardEuler_consist
ent_Vm_L2_dt_1p0em03.pdf  used on input line 600.
(pdftex.def)             Requested size: 229.07352pt x 160.27698pt.
<figures/implicit_2D_diagonalIion_backwardEuler_consistent_Vm_G2_dt_1p0em03.pdf
, id=5898, 636.3775pt x 439.6425pt>
File: figures/implicit_2D_diagonalIion_backwardEuler_consistent_Vm_G2_dt_1p0em0
3.pdf Graphic file (type pdf)
<use figures/implicit_2D_diagonalIion_backwardEuler_consistent_Vm_G2_dt_1p0em03
.pdf>
Package pdftex.def Info: figures/implicit_2D_diagonalIion_backwardEuler_consist
ent_Vm_G2_dt_1p0em03.pdf  used on input line 607.
(pdftex.def)             Requested size: 229.07352pt x 158.25105pt.
<figures/implicit_2D_diagonalIion_backwardEuler_consistent_u1_L2_dt_1p0em03.pdf
, id=5899, 627.34375pt x 439.6425pt>
File: figures/implicit_2D_diagonalIion_backwardEuler_consistent_u1_L2_dt_1p0em0
3.pdf Graphic file (type pdf)
<use figures/implicit_2D_diagonalIion_backwardEuler_consistent_u1_L2_dt_1p0em03
.pdf>
Package pdftex.def Info: figures/implicit_2D_diagonalIion_backwardEuler_consist
ent_u1_L2_dt_1p0em03.pdf  used on input line 614.
(pdftex.def)             Requested size: 229.07352pt x 160.5319pt.
<figures/implicit_2D_diagonalIion_backwardEuler_consistent_u1_G2_dt_1p0em03.pdf
, id=5900, 634.37pt x 439.6425pt>
File: figures/implicit_2D_diagonalIion_backwardEuler_consistent_u1_G2_dt_1p0em0
3.pdf Graphic file (type pdf)
<use figures/implicit_2D_diagonalIion_backwardEuler_consistent_u1_G2_dt_1p0em03
.pdf>
Package pdftex.def Info: figures/implicit_2D_diagonalIion_backwardEuler_consist
ent_u1_G2_dt_1p0em03.pdf  used on input line 621.
(pdftex.def)             Requested size: 229.07352pt x 158.75418pt.
<figures/implicit_2D_diagonalIion_backwardEuler_consistent_u2_L2_dt_1p0em03.pdf
, id=5901, 627.34375pt x 439.6425pt>
File: figures/implicit_2D_diagonalIion_backwardEuler_consistent_u2_L2_dt_1p0em0
3.pdf Graphic file (type pdf)
<use figures/implicit_2D_diagonalIion_backwardEuler_consistent_u2_L2_dt_1p0em03
.pdf>
Package pdftex.def Info: figures/implicit_2D_diagonalIion_backwardEuler_consist
ent_u2_L2_dt_1p0em03.pdf  used on input line 628.
(pdftex.def)             Requested size: 229.07352pt x 160.5319pt.
<figures/implicit_2D_diagonalIion_backwardEuler_consistent_u2_G2_dt_1p0em03.pdf
, id=5902, 631.35875pt x 443.6575pt>
File: figures/implicit_2D_diagonalIion_backwardEuler_consistent_u2_G2_dt_1p0em0
3.pdf Graphic file (type pdf)
<use figures/implicit_2D_diagonalIion_backwardEuler_consistent_u2_G2_dt_1p0em03
.pdf>
Package pdftex.def Info: figures/implicit_2D_diagonalIion_backwardEuler_consist
ent_u2_G2_dt_1p0em03.pdf  used on input line 635.
(pdftex.def)             Requested size: 229.07352pt x 160.96895pt.
 [28



] [29 <./figures/implicit_2D_diagonalIion_backwardEuler_consistent_Vm_L2_dt_1p0
em03.pdf> <./figures/implicit_2D_diagonalIion_backwardEuler_consistent_Vm_G2_dt
_1p0em03.pdf> <./figures/implicit_2D_diagonalIion_backwardEuler_consistent_u1_L
2_dt_1p0em03.pdf> <./figures/implicit_2D_diagonalIion_backwardEuler_consistent_
u1_G2_dt_1p0em03.pdf> <./figures/implicit_2D_diagonalIion_backwardEuler_consist
ent_u2_L2_dt_1p0em03.pdf> <./figures/implicit_2D_diagonalIion_backwardEuler_con
sistent_u2_G2_dt_1p0em03.pdf>]
<figures/implicit_2D_diagonalIion_backwardEuler_lumped_Vm_L2_dt_1p0em03.pdf, id
=6373, 623.32875pt x 439.6425pt>
File: figures/implicit_2D_diagonalIion_backwardEuler_lumped_Vm_L2_dt_1p0em03.pd
f Graphic file (type pdf)
<use figures/implicit_2D_diagonalIion_backwardEuler_lumped_Vm_L2_dt_1p0em03.pdf
>
Package pdftex.def Info: figures/implicit_2D_diagonalIion_backwardEuler_lumped_
Vm_L2_dt_1p0em03.pdf  used on input line 648.
(pdftex.def)             Requested size: 229.07352pt x 161.5717pt.
<figures/implicit_2D_diagonalIion_backwardEuler_lumped_Vm_G2_dt_1p0em03.pdf, id
=6374, 627.34375pt x 439.6425pt>
File: figures/implicit_2D_diagonalIion_backwardEuler_lumped_Vm_G2_dt_1p0em03.pd
f Graphic file (type pdf)
<use figures/implicit_2D_diagonalIion_backwardEuler_lumped_Vm_G2_dt_1p0em03.pdf
>
Package pdftex.def Info: figures/implicit_2D_diagonalIion_backwardEuler_lumped_
Vm_G2_dt_1p0em03.pdf  used on input line 655.
(pdftex.def)             Requested size: 229.07352pt x 160.5319pt.
<figures/implicit_2D_diagonalIion_backwardEuler_lumped_u1_L2_dt_1p0em03.pdf, id
=6375, 623.32875pt x 439.6425pt>
File: figures/implicit_2D_diagonalIion_backwardEuler_lumped_u1_L2_dt_1p0em03.pd
f Graphic file (type pdf)
<use figures/implicit_2D_diagonalIion_backwardEuler_lumped_u1_L2_dt_1p0em03.pdf
>
Package pdftex.def Info: figures/implicit_2D_diagonalIion_backwardEuler_lumped_
u1_L2_dt_1p0em03.pdf  used on input line 662.
(pdftex.def)             Requested size: 229.07352pt x 161.5717pt.
<figures/implicit_2D_diagonalIion_backwardEuler_lumped_u1_G2_dt_1p0em03.pdf, id
=6376, 622.325pt x 443.6575pt>
File: figures/implicit_2D_diagonalIion_backwardEuler_lumped_u1_G2_dt_1p0em03.pd
f Graphic file (type pdf)
<use figures/implicit_2D_diagonalIion_backwardEuler_lumped_u1_G2_dt_1p0em03.pdf
>
Package pdftex.def Info: figures/implicit_2D_diagonalIion_backwardEuler_lumped_
u1_G2_dt_1p0em03.pdf  used on input line 669.
(pdftex.def)             Requested size: 229.07352pt x 163.30449pt.
<figures/implicit_2D_diagonalIion_backwardEuler_lumped_u2_L2_dt_1p0em03.pdf, id
=6377, 618.31pt x 443.6575pt>
File: figures/implicit_2D_diagonalIion_backwardEuler_lumped_u2_L2_dt_1p0em03.pd
f Graphic file (type pdf)
<use figures/implicit_2D_diagonalIion_backwardEuler_lumped_u2_L2_dt_1p0em03.pdf
>
Package pdftex.def Info: figures/implicit_2D_diagonalIion_backwardEuler_lumped_
u2_L2_dt_1p0em03.pdf  used on input line 676.
(pdftex.def)             Requested size: 229.07352pt x 164.36732pt.
<figures/implicit_2D_diagonalIion_backwardEuler_lumped_u2_G2_dt_1p0em03.pdf, id
=6378, 625.33624pt x 439.6425pt>
File: figures/implicit_2D_diagonalIion_backwardEuler_lumped_u2_G2_dt_1p0em03.pd
f Graphic file (type pdf)
<use figures/implicit_2D_diagonalIion_backwardEuler_lumped_u2_G2_dt_1p0em03.pdf
>
Package pdftex.def Info: figures/implicit_2D_diagonalIion_backwardEuler_lumped_
u2_G2_dt_1p0em03.pdf  used on input line 683.
(pdftex.def)             Requested size: 229.07352pt x 161.04845pt.
 [30 <./figures/implicit_2D_diagonalIion_backwardEuler_lumped_Vm_L2_dt_1p0em03.
pdf> <./figures/implicit_2D_diagonalIion_backwardEuler_lumped_Vm_G2_dt_1p0em03.
pdf> <./figures/implicit_2D_diagonalIion_backwardEuler_lumped_u1_L2_dt_1p0em03.
pdf> <./figures/implicit_2D_diagonalIion_backwardEuler_lumped_u1_G2_dt_1p0em03.
pdf> <./figures/implicit_2D_diagonalIion_backwardEuler_lumped_u2_L2_dt_1p0em03.
pdf> <./figures/implicit_2D_diagonalIion_backwardEuler_lumped_u2_G2_dt_1p0em03.
pdf>]
<figures/implicit_2D_diagonalIion_crankNicolson_consistent_Vm_L2_dt_1p0em03.pdf
, id=6839, 628.3475pt x 439.6425pt>
File: figures/implicit_2D_diagonalIion_crankNicolson_consistent_Vm_L2_dt_1p0em0
3.pdf Graphic file (type pdf)
<use figures/implicit_2D_diagonalIion_crankNicolson_consistent_Vm_L2_dt_1p0em03
.pdf>
Package pdftex.def Info: figures/implicit_2D_diagonalIion_crankNicolson_consist
ent_Vm_L2_dt_1p0em03.pdf  used on input line 696.
(pdftex.def)             Requested size: 229.07352pt x 160.27698pt.
<figures/implicit_2D_diagonalIion_crankNicolson_consistent_Vm_G2_dt_1p0em03.pdf
, id=6840, 636.3775pt x 439.6425pt>
File: figures/implicit_2D_diagonalIion_crankNicolson_consistent_Vm_G2_dt_1p0em0
3.pdf Graphic file (type pdf)
<use figures/implicit_2D_diagonalIion_crankNicolson_consistent_Vm_G2_dt_1p0em03
.pdf>
Package pdftex.def Info: figures/implicit_2D_diagonalIion_crankNicolson_consist
ent_Vm_G2_dt_1p0em03.pdf  used on input line 703.
(pdftex.def)             Requested size: 229.07352pt x 158.25105pt.
<figures/implicit_2D_diagonalIion_crankNicolson_consistent_u1_L2_dt_1p0em03.pdf
, id=6841, 627.34375pt x 439.6425pt>
File: figures/implicit_2D_diagonalIion_crankNicolson_consistent_u1_L2_dt_1p0em0
3.pdf Graphic file (type pdf)
<use figures/implicit_2D_diagonalIion_crankNicolson_consistent_u1_L2_dt_1p0em03
.pdf>
Package pdftex.def Info: figures/implicit_2D_diagonalIion_crankNicolson_consist
ent_u1_L2_dt_1p0em03.pdf  used on input line 710.
(pdftex.def)             Requested size: 229.07352pt x 160.5319pt.
<figures/implicit_2D_diagonalIion_crankNicolson_consistent_u1_G2_dt_1p0em03.pdf
, id=6842, 634.37pt x 439.6425pt>
File: figures/implicit_2D_diagonalIion_crankNicolson_consistent_u1_G2_dt_1p0em0
3.pdf Graphic file (type pdf)
<use figures/implicit_2D_diagonalIion_crankNicolson_consistent_u1_G2_dt_1p0em03
.pdf>
Package pdftex.def Info: figures/implicit_2D_diagonalIion_crankNicolson_consist
ent_u1_G2_dt_1p0em03.pdf  used on input line 717.
(pdftex.def)             Requested size: 229.07352pt x 158.75418pt.
<figures/implicit_2D_diagonalIion_crankNicolson_consistent_u2_L2_dt_1p0em03.pdf
, id=6843, 627.34375pt x 439.6425pt>
File: figures/implicit_2D_diagonalIion_crankNicolson_consistent_u2_L2_dt_1p0em0
3.pdf Graphic file (type pdf)
<use figures/implicit_2D_diagonalIion_crankNicolson_consistent_u2_L2_dt_1p0em03
.pdf>
Package pdftex.def Info: figures/implicit_2D_diagonalIion_crankNicolson_consist
ent_u2_L2_dt_1p0em03.pdf  used on input line 724.
(pdftex.def)             Requested size: 229.07352pt x 160.5319pt.
<figures/implicit_2D_diagonalIion_crankNicolson_consistent_u2_G2_dt_1p0em03.pdf
, id=6844, 631.35875pt x 443.6575pt>
File: figures/implicit_2D_diagonalIion_crankNicolson_consistent_u2_G2_dt_1p0em0
3.pdf Graphic file (type pdf)
<use figures/implicit_2D_diagonalIion_crankNicolson_consistent_u2_G2_dt_1p0em03
.pdf>
Package pdftex.def Info: figures/implicit_2D_diagonalIion_crankNicolson_consist
ent_u2_G2_dt_1p0em03.pdf  used on input line 731.
(pdftex.def)             Requested size: 229.07352pt x 160.96895pt.
 [31 <./figures/implicit_2D_diagonalIion_crankNicolson_consistent_Vm_L2_dt_1p0e
m03.pdf> <./figures/implicit_2D_diagonalIion_crankNicolson_consistent_Vm_G2_dt_
1p0em03.pdf> <./figures/implicit_2D_diagonalIion_crankNicolson_consistent_u1_L2
_dt_1p0em03.pdf> <./figures/implicit_2D_diagonalIion_crankNicolson_consistent_u
1_G2_dt_1p0em03.pdf> <./figures/implicit_2D_diagonalIion_crankNicolson_consiste
nt_u2_L2_dt_1p0em03.pdf> <./figures/implicit_2D_diagonalIion_crankNicolson_cons
istent_u2_G2_dt_1p0em03.pdf>]
<figures/implicit_2D_diagonalIion_crankNicolson_lumped_Vm_L2_dt_1p0em03.pdf, id
=7298, 623.32875pt x 439.6425pt>
File: figures/implicit_2D_diagonalIion_crankNicolson_lumped_Vm_L2_dt_1p0em03.pd
f Graphic file (type pdf)
<use figures/implicit_2D_diagonalIion_crankNicolson_lumped_Vm_L2_dt_1p0em03.pdf
>
Package pdftex.def Info: figures/implicit_2D_diagonalIion_crankNicolson_lumped_
Vm_L2_dt_1p0em03.pdf  used on input line 744.
(pdftex.def)             Requested size: 229.07352pt x 161.5717pt.
<figures/implicit_2D_diagonalIion_crankNicolson_lumped_Vm_G2_dt_1p0em03.pdf, id
=7299, 627.34375pt x 439.6425pt>
File: figures/implicit_2D_diagonalIion_crankNicolson_lumped_Vm_G2_dt_1p0em03.pd
f Graphic file (type pdf)
<use figures/implicit_2D_diagonalIion_crankNicolson_lumped_Vm_G2_dt_1p0em03.pdf
>
Package pdftex.def Info: figures/implicit_2D_diagonalIion_crankNicolson_lumped_
Vm_G2_dt_1p0em03.pdf  used on input line 751.
(pdftex.def)             Requested size: 229.07352pt x 160.5319pt.
<figures/implicit_2D_diagonalIion_crankNicolson_lumped_u1_L2_dt_1p0em03.pdf, id
=7300, 618.31pt x 443.6575pt>
File: figures/implicit_2D_diagonalIion_crankNicolson_lumped_u1_L2_dt_1p0em03.pd
f Graphic file (type pdf)
<use figures/implicit_2D_diagonalIion_crankNicolson_lumped_u1_L2_dt_1p0em03.pdf
>
Package pdftex.def Info: figures/implicit_2D_diagonalIion_crankNicolson_lumped_
u1_L2_dt_1p0em03.pdf  used on input line 758.
(pdftex.def)             Requested size: 229.07352pt x 164.36732pt.
<figures/implicit_2D_diagonalIion_crankNicolson_lumped_u1_G2_dt_1p0em03.pdf, id
=7301, 625.33624pt x 439.6425pt>
File: figures/implicit_2D_diagonalIion_crankNicolson_lumped_u1_G2_dt_1p0em03.pd
f Graphic file (type pdf)
<use figures/implicit_2D_diagonalIion_crankNicolson_lumped_u1_G2_dt_1p0em03.pdf
>
Package pdftex.def Info: figures/implicit_2D_diagonalIion_crankNicolson_lumped_
u1_G2_dt_1p0em03.pdf  used on input line 765.
(pdftex.def)             Requested size: 229.07352pt x 161.04845pt.
<figures/implicit_2D_diagonalIion_crankNicolson_lumped_u2_L2_dt_1p0em03.pdf, id
=7302, 623.32875pt x 439.6425pt>
File: figures/implicit_2D_diagonalIion_crankNicolson_lumped_u2_L2_dt_1p0em03.pd
f Graphic file (type pdf)
<use figures/implicit_2D_diagonalIion_crankNicolson_lumped_u2_L2_dt_1p0em03.pdf
>
Package pdftex.def Info: figures/implicit_2D_diagonalIion_crankNicolson_lumped_
u2_L2_dt_1p0em03.pdf  used on input line 772.
(pdftex.def)             Requested size: 229.07352pt x 161.5717pt.
<figures/implicit_2D_diagonalIion_crankNicolson_lumped_u2_G2_dt_1p0em03.pdf, id
=7303, 625.33624pt x 439.6425pt>
File: figures/implicit_2D_diagonalIion_crankNicolson_lumped_u2_G2_dt_1p0em03.pd
f Graphic file (type pdf)
<use figures/implicit_2D_diagonalIion_crankNicolson_lumped_u2_G2_dt_1p0em03.pdf
>
Package pdftex.def Info: figures/implicit_2D_diagonalIion_crankNicolson_lumped_
u2_G2_dt_1p0em03.pdf  used on input line 779.
(pdftex.def)             Requested size: 229.07352pt x 161.04845pt.
 [32 <./figures/implicit_2D_diagonalIion_crankNicolson_lumped_Vm_L2_dt_1p0em03.
pdf> <./figures/implicit_2D_diagonalIion_crankNicolson_lumped_Vm_G2_dt_1p0em03.
pdf> <./figures/implicit_2D_diagonalIion_crankNicolson_lumped_u1_L2_dt_1p0em03.
pdf> <./figures/implicit_2D_diagonalIion_crankNicolson_lumped_u1_G2_dt_1p0em03.
pdf> <./figures/implicit_2D_diagonalIion_crankNicolson_lumped_u2_L2_dt_1p0em03.
pdf> <./figures/implicit_2D_diagonalIion_crankNicolson_lumped_u2_G2_dt_1p0em03.
pdf>]
(./tables/results_2D_JFNK_dt_1p0em02.tex)
<figures/implicit_2D_JFNK_backwardEuler_consistent_Vm_L2_dt_1p0em02.pdf, id=774
5, 618.31pt x 443.6575pt>
File: figures/implicit_2D_JFNK_backwardEuler_consistent_Vm_L2_dt_1p0em02.pdf Gr
aphic file (type pdf)
<use figures/implicit_2D_JFNK_backwardEuler_consistent_Vm_L2_dt_1p0em02.pdf>
Package pdftex.def Info: figures/implicit_2D_JFNK_backwardEuler_consistent_Vm_L
2_dt_1p0em02.pdf  used on input line 795.
(pdftex.def)             Requested size: 229.07352pt x 164.36732pt.
<figures/implicit_2D_JFNK_backwardEuler_consistent_Vm_G2_dt_1p0em02.pdf, id=774
6, 623.32875pt x 439.6425pt>
File: figures/implicit_2D_JFNK_backwardEuler_consistent_Vm_G2_dt_1p0em02.pdf Gr
aphic file (type pdf)
<use figures/implicit_2D_JFNK_backwardEuler_consistent_Vm_G2_dt_1p0em02.pdf>
Package pdftex.def Info: figures/implicit_2D_JFNK_backwardEuler_consistent_Vm_G
2_dt_1p0em02.pdf  used on input line 802.
(pdftex.def)             Requested size: 229.07352pt x 161.5717pt.
<figures/implicit_2D_JFNK_backwardEuler_consistent_u1_L2_dt_1p0em02.pdf, id=774
7, 623.32875pt x 439.6425pt>
File: figures/implicit_2D_JFNK_backwardEuler_consistent_u1_L2_dt_1p0em02.pdf Gr
aphic file (type pdf)
<use figures/implicit_2D_JFNK_backwardEuler_consistent_u1_L2_dt_1p0em02.pdf>
Package pdftex.def Info: figures/implicit_2D_JFNK_backwardEuler_consistent_u1_L
2_dt_1p0em02.pdf  used on input line 809.
(pdftex.def)             Requested size: 229.07352pt x 161.5717pt.
<figures/implicit_2D_JFNK_backwardEuler_consistent_u1_G2_dt_1p0em02.pdf, id=774
8, 623.32875pt x 439.6425pt>
File: figures/implicit_2D_JFNK_backwardEuler_consistent_u1_G2_dt_1p0em02.pdf Gr
aphic file (type pdf)
<use figures/implicit_2D_JFNK_backwardEuler_consistent_u1_G2_dt_1p0em02.pdf>
Package pdftex.def Info: figures/implicit_2D_JFNK_backwardEuler_consistent_u1_G
2_dt_1p0em02.pdf  used on input line 816.
(pdftex.def)             Requested size: 229.07352pt x 161.5717pt.
<figures/implicit_2D_JFNK_backwardEuler_consistent_u2_L2_dt_1p0em02.pdf, id=774
9, 623.32875pt x 439.6425pt>
File: figures/implicit_2D_JFNK_backwardEuler_consistent_u2_L2_dt_1p0em02.pdf Gr
aphic file (type pdf)
<use figures/implicit_2D_JFNK_backwardEuler_consistent_u2_L2_dt_1p0em02.pdf>
Package pdftex.def Info: figures/implicit_2D_JFNK_backwardEuler_consistent_u2_L
2_dt_1p0em02.pdf  used on input line 823.
(pdftex.def)             Requested size: 229.07352pt x 161.5717pt.
<figures/implicit_2D_JFNK_backwardEuler_consistent_u2_G2_dt_1p0em02.pdf, id=775
0, 623.32875pt x 439.6425pt>
File: figures/implicit_2D_JFNK_backwardEuler_consistent_u2_G2_dt_1p0em02.pdf Gr
aphic file (type pdf)
<use figures/implicit_2D_JFNK_backwardEuler_consistent_u2_G2_dt_1p0em02.pdf>
Package pdftex.def Info: figures/implicit_2D_JFNK_backwardEuler_consistent_u2_G
2_dt_1p0em02.pdf  used on input line 830.
(pdftex.def)             Requested size: 229.07352pt x 161.5717pt.
 [33



] [34 <./figures/implicit_2D_JFNK_backwardEuler_consistent_Vm_L2_dt_1p0em02.pdf
> <./figures/implicit_2D_JFNK_backwardEuler_consistent_Vm_G2_dt_1p0em02.pdf> <.
/figures/implicit_2D_JFNK_backwardEuler_consistent_u1_L2_dt_1p0em02.pdf> <./fig
ures/implicit_2D_JFNK_backwardEuler_consistent_u1_G2_dt_1p0em02.pdf> <./figures
/implicit_2D_JFNK_backwardEuler_consistent_u2_L2_dt_1p0em02.pdf> <./figures/imp
licit_2D_JFNK_backwardEuler_consistent_u2_G2_dt_1p0em02.pdf>]
<figures/implicit_2D_JFNK_backwardEuler_lumped_Vm_L2_dt_1p0em02.pdf, id=8221, 6
18.31pt x 443.6575pt>
File: figures/implicit_2D_JFNK_backwardEuler_lumped_Vm_L2_dt_1p0em02.pdf Graphi
c file (type pdf)
<use figures/implicit_2D_JFNK_backwardEuler_lumped_Vm_L2_dt_1p0em02.pdf>
Package pdftex.def Info: figures/implicit_2D_JFNK_backwardEuler_lumped_Vm_L2_dt
_1p0em02.pdf  used on input line 843.
(pdftex.def)             Requested size: 229.07352pt x 164.36732pt.
<figures/implicit_2D_JFNK_backwardEuler_lumped_Vm_G2_dt_1p0em02.pdf, id=8222, 6
23.32875pt x 439.6425pt>
File: figures/implicit_2D_JFNK_backwardEuler_lumped_Vm_G2_dt_1p0em02.pdf Graphi
c file (type pdf)
<use figures/implicit_2D_JFNK_backwardEuler_lumped_Vm_G2_dt_1p0em02.pdf>
Package pdftex.def Info: figures/implicit_2D_JFNK_backwardEuler_lumped_Vm_G2_dt
_1p0em02.pdf  used on input line 850.
(pdftex.def)             Requested size: 229.07352pt x 161.5717pt.
<figures/implicit_2D_JFNK_backwardEuler_lumped_u1_L2_dt_1p0em02.pdf, id=8223, 6
23.32875pt x 439.6425pt>
File: figures/implicit_2D_JFNK_backwardEuler_lumped_u1_L2_dt_1p0em02.pdf Graphi
c file (type pdf)
<use figures/implicit_2D_JFNK_backwardEuler_lumped_u1_L2_dt_1p0em02.pdf>
Package pdftex.def Info: figures/implicit_2D_JFNK_backwardEuler_lumped_u1_L2_dt
_1p0em02.pdf  used on input line 857.
(pdftex.def)             Requested size: 229.07352pt x 161.5717pt.
<figures/implicit_2D_JFNK_backwardEuler_lumped_u1_G2_dt_1p0em02.pdf, id=8224, 6
23.32875pt x 439.6425pt>
File: figures/implicit_2D_JFNK_backwardEuler_lumped_u1_G2_dt_1p0em02.pdf Graphi
c file (type pdf)
<use figures/implicit_2D_JFNK_backwardEuler_lumped_u1_G2_dt_1p0em02.pdf>
Package pdftex.def Info: figures/implicit_2D_JFNK_backwardEuler_lumped_u1_G2_dt
_1p0em02.pdf  used on input line 864.
(pdftex.def)             Requested size: 229.07352pt x 161.5717pt.
<figures/implicit_2D_JFNK_backwardEuler_lumped_u2_L2_dt_1p0em02.pdf, id=8225, 6
23.32875pt x 439.6425pt>
File: figures/implicit_2D_JFNK_backwardEuler_lumped_u2_L2_dt_1p0em02.pdf Graphi
c file (type pdf)
<use figures/implicit_2D_JFNK_backwardEuler_lumped_u2_L2_dt_1p0em02.pdf>
Package pdftex.def Info: figures/implicit_2D_JFNK_backwardEuler_lumped_u2_L2_dt
_1p0em02.pdf  used on input line 871.
(pdftex.def)             Requested size: 229.07352pt x 161.5717pt.
<figures/implicit_2D_JFNK_backwardEuler_lumped_u2_G2_dt_1p0em02.pdf, id=8226, 6
23.32875pt x 439.6425pt>
File: figures/implicit_2D_JFNK_backwardEuler_lumped_u2_G2_dt_1p0em02.pdf Graphi
c file (type pdf)
<use figures/implicit_2D_JFNK_backwardEuler_lumped_u2_G2_dt_1p0em02.pdf>
Package pdftex.def Info: figures/implicit_2D_JFNK_backwardEuler_lumped_u2_G2_dt
_1p0em02.pdf  used on input line 878.
(pdftex.def)             Requested size: 229.07352pt x 161.5717pt.
 [35 <./figures/implicit_2D_JFNK_backwardEuler_lumped_Vm_L2_dt_1p0em02.pdf> <./
figures/implicit_2D_JFNK_backwardEuler_lumped_Vm_G2_dt_1p0em02.pdf> <./figures/
implicit_2D_JFNK_backwardEuler_lumped_u1_L2_dt_1p0em02.pdf> <./figures/implicit
_2D_JFNK_backwardEuler_lumped_u1_G2_dt_1p0em02.pdf> <./figures/implicit_2D_JFNK
_backwardEuler_lumped_u2_L2_dt_1p0em02.pdf> <./figures/implicit_2D_JFNK_backwar
dEuler_lumped_u2_G2_dt_1p0em02.pdf>]
<figures/implicit_2D_JFNK_crankNicolson_consistent_Vm_L2_dt_1p0em02.pdf, id=868
8, 623.32875pt x 439.6425pt>
File: figures/implicit_2D_JFNK_crankNicolson_consistent_Vm_L2_dt_1p0em02.pdf Gr
aphic file (type pdf)
<use figures/implicit_2D_JFNK_crankNicolson_consistent_Vm_L2_dt_1p0em02.pdf>
Package pdftex.def Info: figures/implicit_2D_JFNK_crankNicolson_consistent_Vm_L
2_dt_1p0em02.pdf  used on input line 891.
(pdftex.def)             Requested size: 229.07352pt x 161.5717pt.
<figures/implicit_2D_JFNK_crankNicolson_consistent_Vm_G2_dt_1p0em02.pdf, id=868
9, 623.32875pt x 439.6425pt>
File: figures/implicit_2D_JFNK_crankNicolson_consistent_Vm_G2_dt_1p0em02.pdf Gr
aphic file (type pdf)
<use figures/implicit_2D_JFNK_crankNicolson_consistent_Vm_G2_dt_1p0em02.pdf>
Package pdftex.def Info: figures/implicit_2D_JFNK_crankNicolson_consistent_Vm_G
2_dt_1p0em02.pdf  used on input line 898.
(pdftex.def)             Requested size: 229.07352pt x 161.5717pt.
<figures/implicit_2D_JFNK_crankNicolson_consistent_u1_L2_dt_1p0em02.pdf, id=869
0, 623.32875pt x 439.6425pt>
File: figures/implicit_2D_JFNK_crankNicolson_consistent_u1_L2_dt_1p0em02.pdf Gr
aphic file (type pdf)
<use figures/implicit_2D_JFNK_crankNicolson_consistent_u1_L2_dt_1p0em02.pdf>
Package pdftex.def Info: figures/implicit_2D_JFNK_crankNicolson_consistent_u1_L
2_dt_1p0em02.pdf  used on input line 905.
(pdftex.def)             Requested size: 229.07352pt x 161.5717pt.
<figures/implicit_2D_JFNK_crankNicolson_consistent_u1_G2_dt_1p0em02.pdf, id=869
1, 623.32875pt x 439.6425pt>
File: figures/implicit_2D_JFNK_crankNicolson_consistent_u1_G2_dt_1p0em02.pdf Gr
aphic file (type pdf)
<use figures/implicit_2D_JFNK_crankNicolson_consistent_u1_G2_dt_1p0em02.pdf>
Package pdftex.def Info: figures/implicit_2D_JFNK_crankNicolson_consistent_u1_G
2_dt_1p0em02.pdf  used on input line 912.
(pdftex.def)             Requested size: 229.07352pt x 161.5717pt.
<figures/implicit_2D_JFNK_crankNicolson_consistent_u2_L2_dt_1p0em02.pdf, id=869
2, 618.31pt x 443.6575pt>
File: figures/implicit_2D_JFNK_crankNicolson_consistent_u2_L2_dt_1p0em02.pdf Gr
aphic file (type pdf)
<use figures/implicit_2D_JFNK_crankNicolson_consistent_u2_L2_dt_1p0em02.pdf>
Package pdftex.def Info: figures/implicit_2D_JFNK_crankNicolson_consistent_u2_L
2_dt_1p0em02.pdf  used on input line 919.
(pdftex.def)             Requested size: 229.07352pt x 164.36732pt.
<figures/implicit_2D_JFNK_crankNicolson_consistent_u2_G2_dt_1p0em02.pdf, id=869
3, 623.32875pt x 439.6425pt>
File: figures/implicit_2D_JFNK_crankNicolson_consistent_u2_G2_dt_1p0em02.pdf Gr
aphic file (type pdf)
<use figures/implicit_2D_JFNK_crankNicolson_consistent_u2_G2_dt_1p0em02.pdf>
Package pdftex.def Info: figures/implicit_2D_JFNK_crankNicolson_consistent_u2_G
2_dt_1p0em02.pdf  used on input line 926.
(pdftex.def)             Requested size: 229.07352pt x 161.5717pt.
 [36 <./figures/implicit_2D_JFNK_crankNicolson_consistent_Vm_L2_dt_1p0em02.pdf>
 <./figures/implicit_2D_JFNK_crankNicolson_consistent_Vm_G2_dt_1p0em02.pdf> <./
figures/implicit_2D_JFNK_crankNicolson_consistent_u1_L2_dt_1p0em02.pdf> <./figu
res/implicit_2D_JFNK_crankNicolson_consistent_u1_G2_dt_1p0em02.pdf> <./figures/
implicit_2D_JFNK_crankNicolson_consistent_u2_L2_dt_1p0em02.pdf> <./figures/impl
icit_2D_JFNK_crankNicolson_consistent_u2_G2_dt_1p0em02.pdf>]
<figures/implicit_2D_JFNK_crankNicolson_lumped_Vm_L2_dt_1p0em02.pdf, id=9145, 6
23.32875pt x 439.6425pt>
File: figures/implicit_2D_JFNK_crankNicolson_lumped_Vm_L2_dt_1p0em02.pdf Graphi
c file (type pdf)
<use figures/implicit_2D_JFNK_crankNicolson_lumped_Vm_L2_dt_1p0em02.pdf>
Package pdftex.def Info: figures/implicit_2D_JFNK_crankNicolson_lumped_Vm_L2_dt
_1p0em02.pdf  used on input line 939.
(pdftex.def)             Requested size: 229.07352pt x 161.5717pt.
<figures/implicit_2D_JFNK_crankNicolson_lumped_Vm_G2_dt_1p0em02.pdf, id=9146, 6
23.32875pt x 439.6425pt>
File: figures/implicit_2D_JFNK_crankNicolson_lumped_Vm_G2_dt_1p0em02.pdf Graphi
c file (type pdf)
<use figures/implicit_2D_JFNK_crankNicolson_lumped_Vm_G2_dt_1p0em02.pdf>
Package pdftex.def Info: figures/implicit_2D_JFNK_crankNicolson_lumped_Vm_G2_dt
_1p0em02.pdf  used on input line 946.
(pdftex.def)             Requested size: 229.07352pt x 161.5717pt.
<figures/implicit_2D_JFNK_crankNicolson_lumped_u1_L2_dt_1p0em02.pdf, id=9147, 6
18.31pt x 443.6575pt>
File: figures/implicit_2D_JFNK_crankNicolson_lumped_u1_L2_dt_1p0em02.pdf Graphi
c file (type pdf)
<use figures/implicit_2D_JFNK_crankNicolson_lumped_u1_L2_dt_1p0em02.pdf>
Package pdftex.def Info: figures/implicit_2D_JFNK_crankNicolson_lumped_u1_L2_dt
_1p0em02.pdf  used on input line 953.
(pdftex.def)             Requested size: 229.07352pt x 164.36732pt.
<figures/implicit_2D_JFNK_crankNicolson_lumped_u1_G2_dt_1p0em02.pdf, id=9148, 6
23.32875pt x 439.6425pt>
File: figures/implicit_2D_JFNK_crankNicolson_lumped_u1_G2_dt_1p0em02.pdf Graphi
c file (type pdf)
<use figures/implicit_2D_JFNK_crankNicolson_lumped_u1_G2_dt_1p0em02.pdf>
Package pdftex.def Info: figures/implicit_2D_JFNK_crankNicolson_lumped_u1_G2_dt
_1p0em02.pdf  used on input line 960.
(pdftex.def)             Requested size: 229.07352pt x 161.5717pt.
<figures/implicit_2D_JFNK_crankNicolson_lumped_u2_L2_dt_1p0em02.pdf, id=9149, 6
23.32875pt x 439.6425pt>
File: figures/implicit_2D_JFNK_crankNicolson_lumped_u2_L2_dt_1p0em02.pdf Graphi
c file (type pdf)
<use figures/implicit_2D_JFNK_crankNicolson_lumped_u2_L2_dt_1p0em02.pdf>
Package pdftex.def Info: figures/implicit_2D_JFNK_crankNicolson_lumped_u2_L2_dt
_1p0em02.pdf  used on input line 967.
(pdftex.def)             Requested size: 229.07352pt x 161.5717pt.
<figures/implicit_2D_JFNK_crankNicolson_lumped_u2_G2_dt_1p0em02.pdf, id=9150, 6
23.32875pt x 439.6425pt>
File: figures/implicit_2D_JFNK_crankNicolson_lumped_u2_G2_dt_1p0em02.pdf Graphi
c file (type pdf)
<use figures/implicit_2D_JFNK_crankNicolson_lumped_u2_G2_dt_1p0em02.pdf>
Package pdftex.def Info: figures/implicit_2D_JFNK_crankNicolson_lumped_u2_G2_dt
_1p0em02.pdf  used on input line 974.
(pdftex.def)             Requested size: 229.07352pt x 161.5717pt.
 [37 <./figures/implicit_2D_JFNK_crankNicolson_lumped_Vm_L2_dt_1p0em02.pdf> <./
figures/implicit_2D_JFNK_crankNicolson_lumped_Vm_G2_dt_1p0em02.pdf> <./figures/
implicit_2D_JFNK_crankNicolson_lumped_u1_L2_dt_1p0em02.pdf> <./figures/implicit
_2D_JFNK_crankNicolson_lumped_u1_G2_dt_1p0em02.pdf> <./figures/implicit_2D_JFNK
_crankNicolson_lumped_u2_L2_dt_1p0em02.pdf> <./figures/implicit_2D_JFNK_crankNi
colson_lumped_u2_G2_dt_1p0em02.pdf>] (./tables/results_2D_JFNK_dt_1p0em03.tex)
<figures/implicit_2D_JFNK_backwardEuler_consistent_Vm_L2_dt_1p0em03.pdf, id=959
3, 623.32875pt x 439.6425pt>
File: figures/implicit_2D_JFNK_backwardEuler_consistent_Vm_L2_dt_1p0em03.pdf Gr
aphic file (type pdf)
<use figures/implicit_2D_JFNK_backwardEuler_consistent_Vm_L2_dt_1p0em03.pdf>
Package pdftex.def Info: figures/implicit_2D_JFNK_backwardEuler_consistent_Vm_L
2_dt_1p0em03.pdf  used on input line 989.
(pdftex.def)             Requested size: 229.07352pt x 161.5717pt.
<figures/implicit_2D_JFNK_backwardEuler_consistent_Vm_G2_dt_1p0em03.pdf, id=959
4, 623.32875pt x 439.6425pt>
File: figures/implicit_2D_JFNK_backwardEuler_consistent_Vm_G2_dt_1p0em03.pdf Gr
aphic file (type pdf)
<use figures/implicit_2D_JFNK_backwardEuler_consistent_Vm_G2_dt_1p0em03.pdf>
Package pdftex.def Info: figures/implicit_2D_JFNK_backwardEuler_consistent_Vm_G
2_dt_1p0em03.pdf  used on input line 996.
(pdftex.def)             Requested size: 229.07352pt x 161.5717pt.
<figures/implicit_2D_JFNK_backwardEuler_consistent_u1_L2_dt_1p0em03.pdf, id=959
5, 623.32875pt x 439.6425pt>
File: figures/implicit_2D_JFNK_backwardEuler_consistent_u1_L2_dt_1p0em03.pdf Gr
aphic file (type pdf)
<use figures/implicit_2D_JFNK_backwardEuler_consistent_u1_L2_dt_1p0em03.pdf>
Package pdftex.def Info: figures/implicit_2D_JFNK_backwardEuler_consistent_u1_L
2_dt_1p0em03.pdf  used on input line 1003.
(pdftex.def)             Requested size: 229.07352pt x 161.5717pt.
<figures/implicit_2D_JFNK_backwardEuler_consistent_u1_G2_dt_1p0em03.pdf, id=959
6, 623.32875pt x 439.6425pt>
File: figures/implicit_2D_JFNK_backwardEuler_consistent_u1_G2_dt_1p0em03.pdf Gr
aphic file (type pdf)
<use figures/implicit_2D_JFNK_backwardEuler_consistent_u1_G2_dt_1p0em03.pdf>
Package pdftex.def Info: figures/implicit_2D_JFNK_backwardEuler_consistent_u1_G
2_dt_1p0em03.pdf  used on input line 1010.
(pdftex.def)             Requested size: 229.07352pt x 161.5717pt.
<figures/implicit_2D_JFNK_backwardEuler_consistent_u2_L2_dt_1p0em03.pdf, id=959
7, 623.32875pt x 439.6425pt>
File: figures/implicit_2D_JFNK_backwardEuler_consistent_u2_L2_dt_1p0em03.pdf Gr
aphic file (type pdf)
<use figures/implicit_2D_JFNK_backwardEuler_consistent_u2_L2_dt_1p0em03.pdf>
Package pdftex.def Info: figures/implicit_2D_JFNK_backwardEuler_consistent_u2_L
2_dt_1p0em03.pdf  used on input line 1017.
(pdftex.def)             Requested size: 229.07352pt x 161.5717pt.
<figures/implicit_2D_JFNK_backwardEuler_consistent_u2_G2_dt_1p0em03.pdf, id=959
8, 623.32875pt x 439.6425pt>
File: figures/implicit_2D_JFNK_backwardEuler_consistent_u2_G2_dt_1p0em03.pdf Gr
aphic file (type pdf)
<use figures/implicit_2D_JFNK_backwardEuler_consistent_u2_G2_dt_1p0em03.pdf>
Package pdftex.def Info: figures/implicit_2D_JFNK_backwardEuler_consistent_u2_G
2_dt_1p0em03.pdf  used on input line 1024.
(pdftex.def)             Requested size: 229.07352pt x 161.5717pt.
 [38



] [39 <./figures/implicit_2D_JFNK_backwardEuler_consistent_Vm_L2_dt_1p0em03.pdf
> <./figures/implicit_2D_JFNK_backwardEuler_consistent_Vm_G2_dt_1p0em03.pdf> <.
/figures/implicit_2D_JFNK_backwardEuler_consistent_u1_L2_dt_1p0em03.pdf> <./fig
ures/implicit_2D_JFNK_backwardEuler_consistent_u1_G2_dt_1p0em03.pdf> <./figures
/implicit_2D_JFNK_backwardEuler_consistent_u2_L2_dt_1p0em03.pdf> <./figures/imp
licit_2D_JFNK_backwardEuler_consistent_u2_G2_dt_1p0em03.pdf>]
<figures/implicit_2D_JFNK_backwardEuler_lumped_Vm_L2_dt_1p0em03.pdf, id=10069, 
623.32875pt x 439.6425pt>
File: figures/implicit_2D_JFNK_backwardEuler_lumped_Vm_L2_dt_1p0em03.pdf Graphi
c file (type pdf)
<use figures/implicit_2D_JFNK_backwardEuler_lumped_Vm_L2_dt_1p0em03.pdf>
Package pdftex.def Info: figures/implicit_2D_JFNK_backwardEuler_lumped_Vm_L2_dt
_1p0em03.pdf  used on input line 1037.
(pdftex.def)             Requested size: 229.07352pt x 161.5717pt.
<figures/implicit_2D_JFNK_backwardEuler_lumped_Vm_G2_dt_1p0em03.pdf, id=10070, 
623.32875pt x 439.6425pt>
File: figures/implicit_2D_JFNK_backwardEuler_lumped_Vm_G2_dt_1p0em03.pdf Graphi
c file (type pdf)
<use figures/implicit_2D_JFNK_backwardEuler_lumped_Vm_G2_dt_1p0em03.pdf>
Package pdftex.def Info: figures/implicit_2D_JFNK_backwardEuler_lumped_Vm_G2_dt
_1p0em03.pdf  used on input line 1044.
(pdftex.def)             Requested size: 229.07352pt x 161.5717pt.
<figures/implicit_2D_JFNK_backwardEuler_lumped_u1_L2_dt_1p0em03.pdf, id=10071, 
623.32875pt x 439.6425pt>
File: figures/implicit_2D_JFNK_backwardEuler_lumped_u1_L2_dt_1p0em03.pdf Graphi
c file (type pdf)
<use figures/implicit_2D_JFNK_backwardEuler_lumped_u1_L2_dt_1p0em03.pdf>
Package pdftex.def Info: figures/implicit_2D_JFNK_backwardEuler_lumped_u1_L2_dt
_1p0em03.pdf  used on input line 1051.
(pdftex.def)             Requested size: 229.07352pt x 161.5717pt.
<figures/implicit_2D_JFNK_backwardEuler_lumped_u1_G2_dt_1p0em03.pdf, id=10072, 
623.32875pt x 439.6425pt>
File: figures/implicit_2D_JFNK_backwardEuler_lumped_u1_G2_dt_1p0em03.pdf Graphi
c file (type pdf)
<use figures/implicit_2D_JFNK_backwardEuler_lumped_u1_G2_dt_1p0em03.pdf>
Package pdftex.def Info: figures/implicit_2D_JFNK_backwardEuler_lumped_u1_G2_dt
_1p0em03.pdf  used on input line 1058.
(pdftex.def)             Requested size: 229.07352pt x 161.5717pt.
<figures/implicit_2D_JFNK_backwardEuler_lumped_u2_L2_dt_1p0em03.pdf, id=10073, 
623.32875pt x 439.6425pt>
File: figures/implicit_2D_JFNK_backwardEuler_lumped_u2_L2_dt_1p0em03.pdf Graphi
c file (type pdf)
<use figures/implicit_2D_JFNK_backwardEuler_lumped_u2_L2_dt_1p0em03.pdf>
Package pdftex.def Info: figures/implicit_2D_JFNK_backwardEuler_lumped_u2_L2_dt
_1p0em03.pdf  used on input line 1065.
(pdftex.def)             Requested size: 229.07352pt x 161.5717pt.
<figures/implicit_2D_JFNK_backwardEuler_lumped_u2_G2_dt_1p0em03.pdf, id=10074, 
623.32875pt x 439.6425pt>
File: figures/implicit_2D_JFNK_backwardEuler_lumped_u2_G2_dt_1p0em03.pdf Graphi
c file (type pdf)
<use figures/implicit_2D_JFNK_backwardEuler_lumped_u2_G2_dt_1p0em03.pdf>
Package pdftex.def Info: figures/implicit_2D_JFNK_backwardEuler_lumped_u2_G2_dt
_1p0em03.pdf  used on input line 1072.
(pdftex.def)             Requested size: 229.07352pt x 161.5717pt.
 [40 <./figures/implicit_2D_JFNK_backwardEuler_lumped_Vm_L2_dt_1p0em03.pdf> <./
figures/implicit_2D_JFNK_backwardEuler_lumped_Vm_G2_dt_1p0em03.pdf> <./figures/
implicit_2D_JFNK_backwardEuler_lumped_u1_L2_dt_1p0em03.pdf> <./figures/implicit
_2D_JFNK_backwardEuler_lumped_u1_G2_dt_1p0em03.pdf> <./figures/implicit_2D_JFNK
_backwardEuler_lumped_u2_L2_dt_1p0em03.pdf> <./figures/implicit_2D_JFNK_backwar
dEuler_lumped_u2_G2_dt_1p0em03.pdf>]
<figures/implicit_2D_JFNK_crankNicolson_consistent_Vm_L2_dt_1p0em03.pdf, id=105
36, 623.32875pt x 439.6425pt>
File: figures/implicit_2D_JFNK_crankNicolson_consistent_Vm_L2_dt_1p0em03.pdf Gr
aphic file (type pdf)
<use figures/implicit_2D_JFNK_crankNicolson_consistent_Vm_L2_dt_1p0em03.pdf>
Package pdftex.def Info: figures/implicit_2D_JFNK_crankNicolson_consistent_Vm_L
2_dt_1p0em03.pdf  used on input line 1085.
(pdftex.def)             Requested size: 229.07352pt x 161.5717pt.
<figures/implicit_2D_JFNK_crankNicolson_consistent_Vm_G2_dt_1p0em03.pdf, id=105
37, 623.32875pt x 439.6425pt>
File: figures/implicit_2D_JFNK_crankNicolson_consistent_Vm_G2_dt_1p0em03.pdf Gr
aphic file (type pdf)
<use figures/implicit_2D_JFNK_crankNicolson_consistent_Vm_G2_dt_1p0em03.pdf>
Package pdftex.def Info: figures/implicit_2D_JFNK_crankNicolson_consistent_Vm_G
2_dt_1p0em03.pdf  used on input line 1092.
(pdftex.def)             Requested size: 229.07352pt x 161.5717pt.
<figures/implicit_2D_JFNK_crankNicolson_consistent_u1_L2_dt_1p0em03.pdf, id=105
38, 623.32875pt x 439.6425pt>
File: figures/implicit_2D_JFNK_crankNicolson_consistent_u1_L2_dt_1p0em03.pdf Gr
aphic file (type pdf)
<use figures/implicit_2D_JFNK_crankNicolson_consistent_u1_L2_dt_1p0em03.pdf>
Package pdftex.def Info: figures/implicit_2D_JFNK_crankNicolson_consistent_u1_L
2_dt_1p0em03.pdf  used on input line 1099.
(pdftex.def)             Requested size: 229.07352pt x 161.5717pt.
<figures/implicit_2D_JFNK_crankNicolson_consistent_u1_G2_dt_1p0em03.pdf, id=105
39, 623.32875pt x 439.6425pt>
File: figures/implicit_2D_JFNK_crankNicolson_consistent_u1_G2_dt_1p0em03.pdf Gr
aphic file (type pdf)
<use figures/implicit_2D_JFNK_crankNicolson_consistent_u1_G2_dt_1p0em03.pdf>
Package pdftex.def Info: figures/implicit_2D_JFNK_crankNicolson_consistent_u1_G
2_dt_1p0em03.pdf  used on input line 1106.
(pdftex.def)             Requested size: 229.07352pt x 161.5717pt.
<figures/implicit_2D_JFNK_crankNicolson_consistent_u2_L2_dt_1p0em03.pdf, id=105
40, 623.32875pt x 439.6425pt>
File: figures/implicit_2D_JFNK_crankNicolson_consistent_u2_L2_dt_1p0em03.pdf Gr
aphic file (type pdf)
<use figures/implicit_2D_JFNK_crankNicolson_consistent_u2_L2_dt_1p0em03.pdf>
Package pdftex.def Info: figures/implicit_2D_JFNK_crankNicolson_consistent_u2_L
2_dt_1p0em03.pdf  used on input line 1113.
(pdftex.def)             Requested size: 229.07352pt x 161.5717pt.
<figures/implicit_2D_JFNK_crankNicolson_consistent_u2_G2_dt_1p0em03.pdf, id=105
41, 623.32875pt x 439.6425pt>
File: figures/implicit_2D_JFNK_crankNicolson_consistent_u2_G2_dt_1p0em03.pdf Gr
aphic file (type pdf)
<use figures/implicit_2D_JFNK_crankNicolson_consistent_u2_G2_dt_1p0em03.pdf>
Package pdftex.def Info: figures/implicit_2D_JFNK_crankNicolson_consistent_u2_G
2_dt_1p0em03.pdf  used on input line 1120.
(pdftex.def)             Requested size: 229.07352pt x 161.5717pt.
 [41 <./figures/implicit_2D_JFNK_crankNicolson_consistent_Vm_L2_dt_1p0em03.pdf>
 <./figures/implicit_2D_JFNK_crankNicolson_consistent_Vm_G2_dt_1p0em03.pdf> <./
figures/implicit_2D_JFNK_crankNicolson_consistent_u1_L2_dt_1p0em03.pdf> <./figu
res/implicit_2D_JFNK_crankNicolson_consistent_u1_G2_dt_1p0em03.pdf> <./figures/
implicit_2D_JFNK_crankNicolson_consistent_u2_L2_dt_1p0em03.pdf> <./figures/impl
icit_2D_JFNK_crankNicolson_consistent_u2_G2_dt_1p0em03.pdf>]
<figures/implicit_2D_JFNK_crankNicolson_lumped_Vm_L2_dt_1p0em03.pdf, id=10993, 
623.32875pt x 439.6425pt>
File: figures/implicit_2D_JFNK_crankNicolson_lumped_Vm_L2_dt_1p0em03.pdf Graphi
c file (type pdf)
<use figures/implicit_2D_JFNK_crankNicolson_lumped_Vm_L2_dt_1p0em03.pdf>
Package pdftex.def Info: figures/implicit_2D_JFNK_crankNicolson_lumped_Vm_L2_dt
_1p0em03.pdf  used on input line 1133.
(pdftex.def)             Requested size: 229.07352pt x 161.5717pt.
<figures/implicit_2D_JFNK_crankNicolson_lumped_Vm_G2_dt_1p0em03.pdf, id=10994, 
623.32875pt x 439.6425pt>
File: figures/implicit_2D_JFNK_crankNicolson_lumped_Vm_G2_dt_1p0em03.pdf Graphi
c file (type pdf)
<use figures/implicit_2D_JFNK_crankNicolson_lumped_Vm_G2_dt_1p0em03.pdf>
Package pdftex.def Info: figures/implicit_2D_JFNK_crankNicolson_lumped_Vm_G2_dt
_1p0em03.pdf  used on input line 1140.
(pdftex.def)             Requested size: 229.07352pt x 161.5717pt.
<figures/implicit_2D_JFNK_crankNicolson_lumped_u1_L2_dt_1p0em03.pdf, id=10995, 
623.32875pt x 439.6425pt>
File: figures/implicit_2D_JFNK_crankNicolson_lumped_u1_L2_dt_1p0em03.pdf Graphi
c file (type pdf)
<use figures/implicit_2D_JFNK_crankNicolson_lumped_u1_L2_dt_1p0em03.pdf>
Package pdftex.def Info: figures/implicit_2D_JFNK_crankNicolson_lumped_u1_L2_dt
_1p0em03.pdf  used on input line 1147.
(pdftex.def)             Requested size: 229.07352pt x 161.5717pt.
<figures/implicit_2D_JFNK_crankNicolson_lumped_u1_G2_dt_1p0em03.pdf, id=10996, 
618.31pt x 443.6575pt>
File: figures/implicit_2D_JFNK_crankNicolson_lumped_u1_G2_dt_1p0em03.pdf Graphi
c file (type pdf)
<use figures/implicit_2D_JFNK_crankNicolson_lumped_u1_G2_dt_1p0em03.pdf>
Package pdftex.def Info: figures/implicit_2D_JFNK_crankNicolson_lumped_u1_G2_dt
_1p0em03.pdf  used on input line 1154.
(pdftex.def)             Requested size: 229.07352pt x 164.36732pt.
<figures/implicit_2D_JFNK_crankNicolson_lumped_u2_L2_dt_1p0em03.pdf, id=10997, 
623.32875pt x 439.6425pt>
File: figures/implicit_2D_JFNK_crankNicolson_lumped_u2_L2_dt_1p0em03.pdf Graphi
c file (type pdf)
<use figures/implicit_2D_JFNK_crankNicolson_lumped_u2_L2_dt_1p0em03.pdf>
Package pdftex.def Info: figures/implicit_2D_JFNK_crankNicolson_lumped_u2_L2_dt
_1p0em03.pdf  used on input line 1161.
(pdftex.def)             Requested size: 229.07352pt x 161.5717pt.
<figures/implicit_2D_JFNK_crankNicolson_lumped_u2_G2_dt_1p0em03.pdf, id=10998, 
623.32875pt x 439.6425pt>
File: figures/implicit_2D_JFNK_crankNicolson_lumped_u2_G2_dt_1p0em03.pdf Graphi
c file (type pdf)
<use figures/implicit_2D_JFNK_crankNicolson_lumped_u2_G2_dt_1p0em03.pdf>
Package pdftex.def Info: figures/implicit_2D_JFNK_crankNicolson_lumped_u2_G2_dt
_1p0em03.pdf  used on input line 1168.
(pdftex.def)             Requested size: 229.07352pt x 161.5717pt.
 [42 <./figures/implicit_2D_JFNK_crankNicolson_lumped_Vm_L2_dt_1p0em03.pdf> <./
figures/implicit_2D_JFNK_crankNicolson_lumped_Vm_G2_dt_1p0em03.pdf> <./figures/
implicit_2D_JFNK_crankNicolson_lumped_u1_L2_dt_1p0em03.pdf> <./figures/implicit
_2D_JFNK_crankNicolson_lumped_u1_G2_dt_1p0em03.pdf> <./figures/implicit_2D_JFNK
_crankNicolson_lumped_u2_L2_dt_1p0em03.pdf> <./figures/implicit_2D_JFNK_crankNi
colson_lumped_u2_G2_dt_1p0em03.pdf>]) (./tables/results_2D_conclusions.tex [43



]) (./tables/results_3D_all.tex
Overfull \hbox (0.92531pt too wide) in paragraph at lines 7--8
[]$\OT1/cmtt/m/n/10.95 highOrderManufacturedFDAImplicitJfNK _ diagonalIion / re
sults / example0 / 3D/$ \OT1/cmr/m/n/10.95 (-20) (and $\OT1/cmtt/m/n/10.95 _1$\
OT1/cmr/m/n/10.95 (-20) ), 
 []

(./tables/results_3D_Picard_dt_1p0em02.tex [44])
<figures/implicit_3D_Picard_backwardEuler_consistent_Vm_L2_dt_1p0em02.pdf, id=1
1498, 618.31pt x 441.65pt>
File: figures/implicit_3D_Picard_backwardEuler_consistent_Vm_L2_dt_1p0em02.pdf 
Graphic file (type pdf)
<use figures/implicit_3D_Picard_backwardEuler_consistent_Vm_L2_dt_1p0em02.pdf>
Package pdftex.def Info: figures/implicit_3D_Picard_backwardEuler_consistent_Vm
_L2_dt_1p0em02.pdf  used on input line 23.
(pdftex.def)             Requested size: 229.07352pt x 163.62358pt.
<figures/implicit_3D_Picard_backwardEuler_consistent_Vm_G2_dt_1p0em02.pdf, id=1
1499, 618.31pt x 441.65pt>
File: figures/implicit_3D_Picard_backwardEuler_consistent_Vm_G2_dt_1p0em02.pdf 
Graphic file (type pdf)
<use figures/implicit_3D_Picard_backwardEuler_consistent_Vm_G2_dt_1p0em02.pdf>
Package pdftex.def Info: figures/implicit_3D_Picard_backwardEuler_consistent_Vm
_G2_dt_1p0em02.pdf  used on input line 30.
(pdftex.def)             Requested size: 229.07352pt x 163.62358pt.
<figures/implicit_3D_Picard_backwardEuler_consistent_u1_L2_dt_1p0em02.pdf, id=1
1500, 618.31pt x 441.65pt>
File: figures/implicit_3D_Picard_backwardEuler_consistent_u1_L2_dt_1p0em02.pdf 
Graphic file (type pdf)
<use figures/implicit_3D_Picard_backwardEuler_consistent_u1_L2_dt_1p0em02.pdf>
Package pdftex.def Info: figures/implicit_3D_Picard_backwardEuler_consistent_u1
_L2_dt_1p0em02.pdf  used on input line 37.
(pdftex.def)             Requested size: 229.07352pt x 163.62358pt.
<figures/implicit_3D_Picard_backwardEuler_consistent_u1_G2_dt_1p0em02.pdf, id=1
1501, 618.31pt x 441.65pt>
File: figures/implicit_3D_Picard_backwardEuler_consistent_u1_G2_dt_1p0em02.pdf 
Graphic file (type pdf)
<use figures/implicit_3D_Picard_backwardEuler_consistent_u1_G2_dt_1p0em02.pdf>
Package pdftex.def Info: figures/implicit_3D_Picard_backwardEuler_consistent_u1
_G2_dt_1p0em02.pdf  used on input line 44.
(pdftex.def)             Requested size: 229.07352pt x 163.62358pt.
<figures/implicit_3D_Picard_backwardEuler_consistent_u2_L2_dt_1p0em02.pdf, id=1
1502, 618.31pt x 441.65pt>
File: figures/implicit_3D_Picard_backwardEuler_consistent_u2_L2_dt_1p0em02.pdf 
Graphic file (type pdf)
<use figures/implicit_3D_Picard_backwardEuler_consistent_u2_L2_dt_1p0em02.pdf>
Package pdftex.def Info: figures/implicit_3D_Picard_backwardEuler_consistent_u2
_L2_dt_1p0em02.pdf  used on input line 51.
(pdftex.def)             Requested size: 229.07352pt x 163.62358pt.
<figures/implicit_3D_Picard_backwardEuler_consistent_u2_G2_dt_1p0em02.pdf, id=1
1503, 618.31pt x 441.65pt>
File: figures/implicit_3D_Picard_backwardEuler_consistent_u2_G2_dt_1p0em02.pdf 
Graphic file (type pdf)
<use figures/implicit_3D_Picard_backwardEuler_consistent_u2_G2_dt_1p0em02.pdf>
Package pdftex.def Info: figures/implicit_3D_Picard_backwardEuler_consistent_u2
_G2_dt_1p0em02.pdf  used on input line 58.
(pdftex.def)             Requested size: 229.07352pt x 163.62358pt.
 [45] [46 <./figures/implicit_3D_Picard_backwardEuler_consistent_Vm_L2_dt_1p0em
02.pdf> <./figures/implicit_3D_Picard_backwardEuler_consistent_Vm_G2_dt_1p0em02
.pdf> <./figures/implicit_3D_Picard_backwardEuler_consistent_u1_L2_dt_1p0em02.p
df> <./figures/implicit_3D_Picard_backwardEuler_consistent_u1_G2_dt_1p0em02.pdf
> <./figures/implicit_3D_Picard_backwardEuler_consistent_u2_L2_dt_1p0em02.pdf> 
<./figures/implicit_3D_Picard_backwardEuler_consistent_u2_G2_dt_1p0em02.pdf>]
<figures/implicit_3D_Picard_backwardEuler_lumped_Vm_L2_dt_1p0em02.pdf, id=12022
, 618.31pt x 441.65pt>
File: figures/implicit_3D_Picard_backwardEuler_lumped_Vm_L2_dt_1p0em02.pdf Grap
hic file (type pdf)
<use figures/implicit_3D_Picard_backwardEuler_lumped_Vm_L2_dt_1p0em02.pdf>
Package pdftex.def Info: figures/implicit_3D_Picard_backwardEuler_lumped_Vm_L2_
dt_1p0em02.pdf  used on input line 71.
(pdftex.def)             Requested size: 229.07352pt x 163.62358pt.
<figures/implicit_3D_Picard_backwardEuler_lumped_Vm_G2_dt_1p0em02.pdf, id=12023
, 618.31pt x 441.65pt>
File: figures/implicit_3D_Picard_backwardEuler_lumped_Vm_G2_dt_1p0em02.pdf Grap
hic file (type pdf)
<use figures/implicit_3D_Picard_backwardEuler_lumped_Vm_G2_dt_1p0em02.pdf>
Package pdftex.def Info: figures/implicit_3D_Picard_backwardEuler_lumped_Vm_G2_
dt_1p0em02.pdf  used on input line 78.
(pdftex.def)             Requested size: 229.07352pt x 163.62358pt.
<figures/implicit_3D_Picard_backwardEuler_lumped_u1_L2_dt_1p0em02.pdf, id=12024
, 618.31pt x 441.65pt>
File: figures/implicit_3D_Picard_backwardEuler_lumped_u1_L2_dt_1p0em02.pdf Grap
hic file (type pdf)
<use figures/implicit_3D_Picard_backwardEuler_lumped_u1_L2_dt_1p0em02.pdf>
Package pdftex.def Info: figures/implicit_3D_Picard_backwardEuler_lumped_u1_L2_
dt_1p0em02.pdf  used on input line 85.
(pdftex.def)             Requested size: 229.07352pt x 163.62358pt.
<figures/implicit_3D_Picard_backwardEuler_lumped_u1_G2_dt_1p0em02.pdf, id=12025
, 618.31pt x 441.65pt>
File: figures/implicit_3D_Picard_backwardEuler_lumped_u1_G2_dt_1p0em02.pdf Grap
hic file (type pdf)
<use figures/implicit_3D_Picard_backwardEuler_lumped_u1_G2_dt_1p0em02.pdf>
Package pdftex.def Info: figures/implicit_3D_Picard_backwardEuler_lumped_u1_G2_
dt_1p0em02.pdf  used on input line 92.
(pdftex.def)             Requested size: 229.07352pt x 163.62358pt.
<figures/implicit_3D_Picard_backwardEuler_lumped_u2_L2_dt_1p0em02.pdf, id=12026
, 618.31pt x 441.65pt>
File: figures/implicit_3D_Picard_backwardEuler_lumped_u2_L2_dt_1p0em02.pdf Grap
hic file (type pdf)
<use figures/implicit_3D_Picard_backwardEuler_lumped_u2_L2_dt_1p0em02.pdf>
Package pdftex.def Info: figures/implicit_3D_Picard_backwardEuler_lumped_u2_L2_
dt_1p0em02.pdf  used on input line 99.
(pdftex.def)             Requested size: 229.07352pt x 163.62358pt.
<figures/implicit_3D_Picard_backwardEuler_lumped_u2_G2_dt_1p0em02.pdf, id=12027
, 618.31pt x 441.65pt>
File: figures/implicit_3D_Picard_backwardEuler_lumped_u2_G2_dt_1p0em02.pdf Grap
hic file (type pdf)
<use figures/implicit_3D_Picard_backwardEuler_lumped_u2_G2_dt_1p0em02.pdf>
Package pdftex.def Info: figures/implicit_3D_Picard_backwardEuler_lumped_u2_G2_
dt_1p0em02.pdf  used on input line 106.
(pdftex.def)             Requested size: 229.07352pt x 163.62358pt.
 [47 <./figures/implicit_3D_Picard_backwardEuler_lumped_Vm_L2_dt_1p0em02.pdf> <
./figures/implicit_3D_Picard_backwardEuler_lumped_Vm_G2_dt_1p0em02.pdf> <./figu
res/implicit_3D_Picard_backwardEuler_lumped_u1_L2_dt_1p0em02.pdf> <./figures/im
plicit_3D_Picard_backwardEuler_lumped_u1_G2_dt_1p0em02.pdf> <./figures/implicit
_3D_Picard_backwardEuler_lumped_u2_L2_dt_1p0em02.pdf> <./figures/implicit_3D_Pi
card_backwardEuler_lumped_u2_G2_dt_1p0em02.pdf>]
<figures/implicit_3D_Picard_crankNicolson_consistent_Vm_L2_dt_1p0em02.pdf, id=1
2541, 618.31pt x 441.65pt>
File: figures/implicit_3D_Picard_crankNicolson_consistent_Vm_L2_dt_1p0em02.pdf 
Graphic file (type pdf)
<use figures/implicit_3D_Picard_crankNicolson_consistent_Vm_L2_dt_1p0em02.pdf>
Package pdftex.def Info: figures/implicit_3D_Picard_crankNicolson_consistent_Vm
_L2_dt_1p0em02.pdf  used on input line 119.
(pdftex.def)             Requested size: 229.07352pt x 163.62358pt.
<figures/implicit_3D_Picard_crankNicolson_consistent_Vm_G2_dt_1p0em02.pdf, id=1
2542, 623.32875pt x 436.63126pt>
File: figures/implicit_3D_Picard_crankNicolson_consistent_Vm_G2_dt_1p0em02.pdf 
Graphic file (type pdf)
<use figures/implicit_3D_Picard_crankNicolson_consistent_Vm_G2_dt_1p0em02.pdf>
Package pdftex.def Info: figures/implicit_3D_Picard_crankNicolson_consistent_Vm
_G2_dt_1p0em02.pdf  used on input line 126.
(pdftex.def)             Requested size: 229.07352pt x 160.46506pt.
<figures/implicit_3D_Picard_crankNicolson_consistent_u1_L2_dt_1p0em02.pdf, id=1
2543, 618.31pt x 441.65pt>
File: figures/implicit_3D_Picard_crankNicolson_consistent_u1_L2_dt_1p0em02.pdf 
Graphic file (type pdf)
<use figures/implicit_3D_Picard_crankNicolson_consistent_u1_L2_dt_1p0em02.pdf>
Package pdftex.def Info: figures/implicit_3D_Picard_crankNicolson_consistent_u1
_L2_dt_1p0em02.pdf  used on input line 133.
(pdftex.def)             Requested size: 229.07352pt x 163.62358pt.
<figures/implicit_3D_Picard_crankNicolson_consistent_u1_G2_dt_1p0em02.pdf, id=1
2544, 618.31pt x 441.65pt>
File: figures/implicit_3D_Picard_crankNicolson_consistent_u1_G2_dt_1p0em02.pdf 
Graphic file (type pdf)
<use figures/implicit_3D_Picard_crankNicolson_consistent_u1_G2_dt_1p0em02.pdf>
Package pdftex.def Info: figures/implicit_3D_Picard_crankNicolson_consistent_u1
_G2_dt_1p0em02.pdf  used on input line 140.
(pdftex.def)             Requested size: 229.07352pt x 163.62358pt.
<figures/implicit_3D_Picard_crankNicolson_consistent_u2_L2_dt_1p0em02.pdf, id=1
2545, 618.31pt x 441.65pt>
File: figures/implicit_3D_Picard_crankNicolson_consistent_u2_L2_dt_1p0em02.pdf 
Graphic file (type pdf)
<use figures/implicit_3D_Picard_crankNicolson_consistent_u2_L2_dt_1p0em02.pdf>
Package pdftex.def Info: figures/implicit_3D_Picard_crankNicolson_consistent_u2
_L2_dt_1p0em02.pdf  used on input line 147.
(pdftex.def)             Requested size: 229.07352pt x 163.62358pt.
<figures/implicit_3D_Picard_crankNicolson_consistent_u2_G2_dt_1p0em02.pdf, id=1
2546, 618.31pt x 441.65pt>
File: figures/implicit_3D_Picard_crankNicolson_consistent_u2_G2_dt_1p0em02.pdf 
Graphic file (type pdf)
<use figures/implicit_3D_Picard_crankNicolson_consistent_u2_G2_dt_1p0em02.pdf>
Package pdftex.def Info: figures/implicit_3D_Picard_crankNicolson_consistent_u2
_G2_dt_1p0em02.pdf  used on input line 154.
(pdftex.def)             Requested size: 229.07352pt x 163.62358pt.
 [48 <./figures/implicit_3D_Picard_crankNicolson_consistent_Vm_L2_dt_1p0em02.pd
f> <./figures/implicit_3D_Picard_crankNicolson_consistent_Vm_G2_dt_1p0em02.pdf>
 <./figures/implicit_3D_Picard_crankNicolson_consistent_u1_L2_dt_1p0em02.pdf> <
./figures/implicit_3D_Picard_crankNicolson_consistent_u1_G2_dt_1p0em02.pdf> <./
figures/implicit_3D_Picard_crankNicolson_consistent_u2_L2_dt_1p0em02.pdf> <./fi
gures/implicit_3D_Picard_crankNicolson_consistent_u2_G2_dt_1p0em02.pdf>]
<figures/implicit_3D_Picard_crankNicolson_lumped_Vm_L2_dt_1p0em02.pdf, id=13061
, 618.31pt x 441.65pt>
File: figures/implicit_3D_Picard_crankNicolson_lumped_Vm_L2_dt_1p0em02.pdf Grap
hic file (type pdf)
<use figures/implicit_3D_Picard_crankNicolson_lumped_Vm_L2_dt_1p0em02.pdf>
Package pdftex.def Info: figures/implicit_3D_Picard_crankNicolson_lumped_Vm_L2_
dt_1p0em02.pdf  used on input line 167.
(pdftex.def)             Requested size: 229.07352pt x 163.62358pt.
<figures/implicit_3D_Picard_crankNicolson_lumped_Vm_G2_dt_1p0em02.pdf, id=13062
, 623.32875pt x 436.63126pt>
File: figures/implicit_3D_Picard_crankNicolson_lumped_Vm_G2_dt_1p0em02.pdf Grap
hic file (type pdf)
<use figures/implicit_3D_Picard_crankNicolson_lumped_Vm_G2_dt_1p0em02.pdf>
Package pdftex.def Info: figures/implicit_3D_Picard_crankNicolson_lumped_Vm_G2_
dt_1p0em02.pdf  used on input line 174.
(pdftex.def)             Requested size: 229.07352pt x 160.46506pt.
<figures/implicit_3D_Picard_crankNicolson_lumped_u1_L2_dt_1p0em02.pdf, id=13063
, 618.31pt x 441.65pt>
File: figures/implicit_3D_Picard_crankNicolson_lumped_u1_L2_dt_1p0em02.pdf Grap
hic file (type pdf)
<use figures/implicit_3D_Picard_crankNicolson_lumped_u1_L2_dt_1p0em02.pdf>
Package pdftex.def Info: figures/implicit_3D_Picard_crankNicolson_lumped_u1_L2_
dt_1p0em02.pdf  used on input line 181.
(pdftex.def)             Requested size: 229.07352pt x 163.62358pt.
<figures/implicit_3D_Picard_crankNicolson_lumped_u1_G2_dt_1p0em02.pdf, id=13064
, 618.31pt x 441.65pt>
File: figures/implicit_3D_Picard_crankNicolson_lumped_u1_G2_dt_1p0em02.pdf Grap
hic file (type pdf)
<use figures/implicit_3D_Picard_crankNicolson_lumped_u1_G2_dt_1p0em02.pdf>
Package pdftex.def Info: figures/implicit_3D_Picard_crankNicolson_lumped_u1_G2_
dt_1p0em02.pdf  used on input line 188.
(pdftex.def)             Requested size: 229.07352pt x 163.62358pt.
<figures/implicit_3D_Picard_crankNicolson_lumped_u2_L2_dt_1p0em02.pdf, id=13065
, 618.31pt x 441.65pt>
File: figures/implicit_3D_Picard_crankNicolson_lumped_u2_L2_dt_1p0em02.pdf Grap
hic file (type pdf)
<use figures/implicit_3D_Picard_crankNicolson_lumped_u2_L2_dt_1p0em02.pdf>
Package pdftex.def Info: figures/implicit_3D_Picard_crankNicolson_lumped_u2_L2_
dt_1p0em02.pdf  used on input line 195.
(pdftex.def)             Requested size: 229.07352pt x 163.62358pt.
<figures/implicit_3D_Picard_crankNicolson_lumped_u2_G2_dt_1p0em02.pdf, id=13066
, 618.31pt x 441.65pt>
File: figures/implicit_3D_Picard_crankNicolson_lumped_u2_G2_dt_1p0em02.pdf Grap
hic file (type pdf)
<use figures/implicit_3D_Picard_crankNicolson_lumped_u2_G2_dt_1p0em02.pdf>
Package pdftex.def Info: figures/implicit_3D_Picard_crankNicolson_lumped_u2_G2_
dt_1p0em02.pdf  used on input line 202.
(pdftex.def)             Requested size: 229.07352pt x 163.62358pt.
 [49 <./figures/implicit_3D_Picard_crankNicolson_lumped_Vm_L2_dt_1p0em02.pdf> <
./figures/implicit_3D_Picard_crankNicolson_lumped_Vm_G2_dt_1p0em02.pdf> <./figu
res/implicit_3D_Picard_crankNicolson_lumped_u1_L2_dt_1p0em02.pdf> <./figures/im
plicit_3D_Picard_crankNicolson_lumped_u1_G2_dt_1p0em02.pdf> <./figures/implicit
_3D_Picard_crankNicolson_lumped_u2_L2_dt_1p0em02.pdf> <./figures/implicit_3D_Pi
card_crankNicolson_lumped_u2_G2_dt_1p0em02.pdf>]
(./tables/results_3D_Picard_dt_1p0em03.tex)
<figures/implicit_3D_Picard_backwardEuler_consistent_Vm_L2_dt_1p0em03.pdf, id=1
3590, 618.31pt x 441.65pt>
File: figures/implicit_3D_Picard_backwardEuler_consistent_Vm_L2_dt_1p0em03.pdf 
Graphic file (type pdf)
<use figures/implicit_3D_Picard_backwardEuler_consistent_Vm_L2_dt_1p0em03.pdf>
Package pdftex.def Info: figures/implicit_3D_Picard_backwardEuler_consistent_Vm
_L2_dt_1p0em03.pdf  used on input line 217.
(pdftex.def)             Requested size: 229.07352pt x 163.62358pt.
<figures/implicit_3D_Picard_backwardEuler_consistent_Vm_G2_dt_1p0em03.pdf, id=1
3591, 618.31pt x 441.65pt>
File: figures/implicit_3D_Picard_backwardEuler_consistent_Vm_G2_dt_1p0em03.pdf 
Graphic file (type pdf)
<use figures/implicit_3D_Picard_backwardEuler_consistent_Vm_G2_dt_1p0em03.pdf>
Package pdftex.def Info: figures/implicit_3D_Picard_backwardEuler_consistent_Vm
_G2_dt_1p0em03.pdf  used on input line 224.
(pdftex.def)             Requested size: 229.07352pt x 163.62358pt.
<figures/implicit_3D_Picard_backwardEuler_consistent_u1_L2_dt_1p0em03.pdf, id=1
3592, 618.31pt x 441.65pt>
File: figures/implicit_3D_Picard_backwardEuler_consistent_u1_L2_dt_1p0em03.pdf 
Graphic file (type pdf)
<use figures/implicit_3D_Picard_backwardEuler_consistent_u1_L2_dt_1p0em03.pdf>
Package pdftex.def Info: figures/implicit_3D_Picard_backwardEuler_consistent_u1
_L2_dt_1p0em03.pdf  used on input line 231.
(pdftex.def)             Requested size: 229.07352pt x 163.62358pt.
<figures/implicit_3D_Picard_backwardEuler_consistent_u1_G2_dt_1p0em03.pdf, id=1
3593, 618.31pt x 441.65pt>
File: figures/implicit_3D_Picard_backwardEuler_consistent_u1_G2_dt_1p0em03.pdf 
Graphic file (type pdf)
<use figures/implicit_3D_Picard_backwardEuler_consistent_u1_G2_dt_1p0em03.pdf>
Package pdftex.def Info: figures/implicit_3D_Picard_backwardEuler_consistent_u1
_G2_dt_1p0em03.pdf  used on input line 238.
(pdftex.def)             Requested size: 229.07352pt x 163.62358pt.
<figures/implicit_3D_Picard_backwardEuler_consistent_u2_L2_dt_1p0em03.pdf, id=1
3594, 618.31pt x 441.65pt>
File: figures/implicit_3D_Picard_backwardEuler_consistent_u2_L2_dt_1p0em03.pdf 
Graphic file (type pdf)
<use figures/implicit_3D_Picard_backwardEuler_consistent_u2_L2_dt_1p0em03.pdf>
Package pdftex.def Info: figures/implicit_3D_Picard_backwardEuler_consistent_u2
_L2_dt_1p0em03.pdf  used on input line 245.
(pdftex.def)             Requested size: 229.07352pt x 163.62358pt.
<figures/implicit_3D_Picard_backwardEuler_consistent_u2_G2_dt_1p0em03.pdf, id=1
3595, 618.31pt x 441.65pt>
File: figures/implicit_3D_Picard_backwardEuler_consistent_u2_G2_dt_1p0em03.pdf 
Graphic file (type pdf)
<use figures/implicit_3D_Picard_backwardEuler_consistent_u2_G2_dt_1p0em03.pdf>
Package pdftex.def Info: figures/implicit_3D_Picard_backwardEuler_consistent_u2
_G2_dt_1p0em03.pdf  used on input line 252.
(pdftex.def)             Requested size: 229.07352pt x 163.62358pt.
 [50



] [51 <./figures/implicit_3D_Picard_backwardEuler_consistent_Vm_L2_dt_1p0em03.p
df> <./figures/implicit_3D_Picard_backwardEuler_consistent_Vm_G2_dt_1p0em03.pdf
> <./figures/implicit_3D_Picard_backwardEuler_consistent_u1_L2_dt_1p0em03.pdf> 
<./figures/implicit_3D_Picard_backwardEuler_consistent_u1_G2_dt_1p0em03.pdf> <.
/figures/implicit_3D_Picard_backwardEuler_consistent_u2_L2_dt_1p0em03.pdf> <./f
igures/implicit_3D_Picard_backwardEuler_consistent_u2_G2_dt_1p0em03.pdf>]
<figures/implicit_3D_Picard_backwardEuler_lumped_Vm_L2_dt_1p0em03.pdf, id=14120
, 618.31pt x 441.65pt>
File: figures/implicit_3D_Picard_backwardEuler_lumped_Vm_L2_dt_1p0em03.pdf Grap
hic file (type pdf)
<use figures/implicit_3D_Picard_backwardEuler_lumped_Vm_L2_dt_1p0em03.pdf>
Package pdftex.def Info: figures/implicit_3D_Picard_backwardEuler_lumped_Vm_L2_
dt_1p0em03.pdf  used on input line 265.
(pdftex.def)             Requested size: 229.07352pt x 163.62358pt.
<figures/implicit_3D_Picard_backwardEuler_lumped_Vm_G2_dt_1p0em03.pdf, id=14121
, 618.31pt x 441.65pt>
File: figures/implicit_3D_Picard_backwardEuler_lumped_Vm_G2_dt_1p0em03.pdf Grap
hic file (type pdf)
<use figures/implicit_3D_Picard_backwardEuler_lumped_Vm_G2_dt_1p0em03.pdf>
Package pdftex.def Info: figures/implicit_3D_Picard_backwardEuler_lumped_Vm_G2_
dt_1p0em03.pdf  used on input line 272.
(pdftex.def)             Requested size: 229.07352pt x 163.62358pt.
<figures/implicit_3D_Picard_backwardEuler_lumped_u1_L2_dt_1p0em03.pdf, id=14122
, 618.31pt x 441.65pt>
File: figures/implicit_3D_Picard_backwardEuler_lumped_u1_L2_dt_1p0em03.pdf Grap
hic file (type pdf)
<use figures/implicit_3D_Picard_backwardEuler_lumped_u1_L2_dt_1p0em03.pdf>
Package pdftex.def Info: figures/implicit_3D_Picard_backwardEuler_lumped_u1_L2_
dt_1p0em03.pdf  used on input line 279.
(pdftex.def)             Requested size: 229.07352pt x 163.62358pt.
<figures/implicit_3D_Picard_backwardEuler_lumped_u1_G2_dt_1p0em03.pdf, id=14123
, 618.31pt x 441.65pt>
File: figures/implicit_3D_Picard_backwardEuler_lumped_u1_G2_dt_1p0em03.pdf Grap
hic file (type pdf)
<use figures/implicit_3D_Picard_backwardEuler_lumped_u1_G2_dt_1p0em03.pdf>
Package pdftex.def Info: figures/implicit_3D_Picard_backwardEuler_lumped_u1_G2_
dt_1p0em03.pdf  used on input line 286.
(pdftex.def)             Requested size: 229.07352pt x 163.62358pt.
<figures/implicit_3D_Picard_backwardEuler_lumped_u2_L2_dt_1p0em03.pdf, id=14124
, 618.31pt x 441.65pt>
File: figures/implicit_3D_Picard_backwardEuler_lumped_u2_L2_dt_1p0em03.pdf Grap
hic file (type pdf)
<use figures/implicit_3D_Picard_backwardEuler_lumped_u2_L2_dt_1p0em03.pdf>
Package pdftex.def Info: figures/implicit_3D_Picard_backwardEuler_lumped_u2_L2_
dt_1p0em03.pdf  used on input line 293.
(pdftex.def)             Requested size: 229.07352pt x 163.62358pt.
<figures/implicit_3D_Picard_backwardEuler_lumped_u2_G2_dt_1p0em03.pdf, id=14125
, 618.31pt x 441.65pt>
File: figures/implicit_3D_Picard_backwardEuler_lumped_u2_G2_dt_1p0em03.pdf Grap
hic file (type pdf)
<use figures/implicit_3D_Picard_backwardEuler_lumped_u2_G2_dt_1p0em03.pdf>
Package pdftex.def Info: figures/implicit_3D_Picard_backwardEuler_lumped_u2_G2_
dt_1p0em03.pdf  used on input line 300.
(pdftex.def)             Requested size: 229.07352pt x 163.62358pt.
 [52 <./figures/implicit_3D_Picard_backwardEuler_lumped_Vm_L2_dt_1p0em03.pdf> <
./figures/implicit_3D_Picard_backwardEuler_lumped_Vm_G2_dt_1p0em03.pdf> <./figu
res/implicit_3D_Picard_backwardEuler_lumped_u1_L2_dt_1p0em03.pdf> <./figures/im
plicit_3D_Picard_backwardEuler_lumped_u1_G2_dt_1p0em03.pdf> <./figures/implicit
_3D_Picard_backwardEuler_lumped_u2_L2_dt_1p0em03.pdf> <./figures/implicit_3D_Pi
card_backwardEuler_lumped_u2_G2_dt_1p0em03.pdf>]
<figures/implicit_3D_Picard_crankNicolson_consistent_Vm_L2_dt_1p0em03.pdf, id=1
4640, 618.31pt x 441.65pt>
File: figures/implicit_3D_Picard_crankNicolson_consistent_Vm_L2_dt_1p0em03.pdf 
Graphic file (type pdf)
<use figures/implicit_3D_Picard_crankNicolson_consistent_Vm_L2_dt_1p0em03.pdf>
Package pdftex.def Info: figures/implicit_3D_Picard_crankNicolson_consistent_Vm
_L2_dt_1p0em03.pdf  used on input line 313.
(pdftex.def)             Requested size: 229.07352pt x 163.62358pt.
<figures/implicit_3D_Picard_crankNicolson_consistent_Vm_G2_dt_1p0em03.pdf, id=1
4641, 623.32875pt x 436.63126pt>
File: figures/implicit_3D_Picard_crankNicolson_consistent_Vm_G2_dt_1p0em03.pdf 
Graphic file (type pdf)
<use figures/implicit_3D_Picard_crankNicolson_consistent_Vm_G2_dt_1p0em03.pdf>
Package pdftex.def Info: figures/implicit_3D_Picard_crankNicolson_consistent_Vm
_G2_dt_1p0em03.pdf  used on input line 320.
(pdftex.def)             Requested size: 229.07352pt x 160.46506pt.
<figures/implicit_3D_Picard_crankNicolson_consistent_u1_L2_dt_1p0em03.pdf, id=1
4642, 618.31pt x 441.65pt>
File: figures/implicit_3D_Picard_crankNicolson_consistent_u1_L2_dt_1p0em03.pdf 
Graphic file (type pdf)
<use figures/implicit_3D_Picard_crankNicolson_consistent_u1_L2_dt_1p0em03.pdf>
Package pdftex.def Info: figures/implicit_3D_Picard_crankNicolson_consistent_u1
_L2_dt_1p0em03.pdf  used on input line 327.
(pdftex.def)             Requested size: 229.07352pt x 163.62358pt.
<figures/implicit_3D_Picard_crankNicolson_consistent_u1_G2_dt_1p0em03.pdf, id=1
4643, 618.31pt x 441.65pt>
File: figures/implicit_3D_Picard_crankNicolson_consistent_u1_G2_dt_1p0em03.pdf 
Graphic file (type pdf)
<use figures/implicit_3D_Picard_crankNicolson_consistent_u1_G2_dt_1p0em03.pdf>
Package pdftex.def Info: figures/implicit_3D_Picard_crankNicolson_consistent_u1
_G2_dt_1p0em03.pdf  used on input line 334.
(pdftex.def)             Requested size: 229.07352pt x 163.62358pt.
<figures/implicit_3D_Picard_crankNicolson_consistent_u2_L2_dt_1p0em03.pdf, id=1
4644, 618.31pt x 441.65pt>
File: figures/implicit_3D_Picard_crankNicolson_consistent_u2_L2_dt_1p0em03.pdf 
Graphic file (type pdf)
<use figures/implicit_3D_Picard_crankNicolson_consistent_u2_L2_dt_1p0em03.pdf>
Package pdftex.def Info: figures/implicit_3D_Picard_crankNicolson_consistent_u2
_L2_dt_1p0em03.pdf  used on input line 341.
(pdftex.def)             Requested size: 229.07352pt x 163.62358pt.
<figures/implicit_3D_Picard_crankNicolson_consistent_u2_G2_dt_1p0em03.pdf, id=1
4645, 618.31pt x 441.65pt>
File: figures/implicit_3D_Picard_crankNicolson_consistent_u2_G2_dt_1p0em03.pdf 
Graphic file (type pdf)
<use figures/implicit_3D_Picard_crankNicolson_consistent_u2_G2_dt_1p0em03.pdf>
Package pdftex.def Info: figures/implicit_3D_Picard_crankNicolson_consistent_u2
_G2_dt_1p0em03.pdf  used on input line 348.
(pdftex.def)             Requested size: 229.07352pt x 163.62358pt.
 [53 <./figures/implicit_3D_Picard_crankNicolson_consistent_Vm_L2_dt_1p0em03.pd
f> <./figures/implicit_3D_Picard_crankNicolson_consistent_Vm_G2_dt_1p0em03.pdf>
 <./figures/implicit_3D_Picard_crankNicolson_consistent_u1_L2_dt_1p0em03.pdf> <
./figures/implicit_3D_Picard_crankNicolson_consistent_u1_G2_dt_1p0em03.pdf> <./
figures/implicit_3D_Picard_crankNicolson_consistent_u2_L2_dt_1p0em03.pdf> <./fi
gures/implicit_3D_Picard_crankNicolson_consistent_u2_G2_dt_1p0em03.pdf>]
<figures/implicit_3D_Picard_crankNicolson_lumped_Vm_L2_dt_1p0em03.pdf, id=15160
, 618.31pt x 441.65pt>
File: figures/implicit_3D_Picard_crankNicolson_lumped_Vm_L2_dt_1p0em03.pdf Grap
hic file (type pdf)
<use figures/implicit_3D_Picard_crankNicolson_lumped_Vm_L2_dt_1p0em03.pdf>
Package pdftex.def Info: figures/implicit_3D_Picard_crankNicolson_lumped_Vm_L2_
dt_1p0em03.pdf  used on input line 361.
(pdftex.def)             Requested size: 229.07352pt x 163.62358pt.
<figures/implicit_3D_Picard_crankNicolson_lumped_Vm_G2_dt_1p0em03.pdf, id=15161
, 618.31pt x 441.65pt>
File: figures/implicit_3D_Picard_crankNicolson_lumped_Vm_G2_dt_1p0em03.pdf Grap
hic file (type pdf)
<use figures/implicit_3D_Picard_crankNicolson_lumped_Vm_G2_dt_1p0em03.pdf>
Package pdftex.def Info: figures/implicit_3D_Picard_crankNicolson_lumped_Vm_G2_
dt_1p0em03.pdf  used on input line 368.
(pdftex.def)             Requested size: 229.07352pt x 163.62358pt.
<figures/implicit_3D_Picard_crankNicolson_lumped_u1_L2_dt_1p0em03.pdf, id=15162
, 618.31pt x 441.65pt>
File: figures/implicit_3D_Picard_crankNicolson_lumped_u1_L2_dt_1p0em03.pdf Grap
hic file (type pdf)
<use figures/implicit_3D_Picard_crankNicolson_lumped_u1_L2_dt_1p0em03.pdf>
Package pdftex.def Info: figures/implicit_3D_Picard_crankNicolson_lumped_u1_L2_
dt_1p0em03.pdf  used on input line 375.
(pdftex.def)             Requested size: 229.07352pt x 163.62358pt.
<figures/implicit_3D_Picard_crankNicolson_lumped_u1_G2_dt_1p0em03.pdf, id=15163
, 623.32875pt x 436.63126pt>
File: figures/implicit_3D_Picard_crankNicolson_lumped_u1_G2_dt_1p0em03.pdf Grap
hic file (type pdf)
<use figures/implicit_3D_Picard_crankNicolson_lumped_u1_G2_dt_1p0em03.pdf>
Package pdftex.def Info: figures/implicit_3D_Picard_crankNicolson_lumped_u1_G2_
dt_1p0em03.pdf  used on input line 382.
(pdftex.def)             Requested size: 229.07352pt x 160.46506pt.
<figures/implicit_3D_Picard_crankNicolson_lumped_u2_L2_dt_1p0em03.pdf, id=15164
, 618.31pt x 441.65pt>
File: figures/implicit_3D_Picard_crankNicolson_lumped_u2_L2_dt_1p0em03.pdf Grap
hic file (type pdf)
<use figures/implicit_3D_Picard_crankNicolson_lumped_u2_L2_dt_1p0em03.pdf>
Package pdftex.def Info: figures/implicit_3D_Picard_crankNicolson_lumped_u2_L2_
dt_1p0em03.pdf  used on input line 389.
(pdftex.def)             Requested size: 229.07352pt x 163.62358pt.
<figures/implicit_3D_Picard_crankNicolson_lumped_u2_G2_dt_1p0em03.pdf, id=15165
, 623.32875pt x 436.63126pt>
File: figures/implicit_3D_Picard_crankNicolson_lumped_u2_G2_dt_1p0em03.pdf Grap
hic file (type pdf)
<use figures/implicit_3D_Picard_crankNicolson_lumped_u2_G2_dt_1p0em03.pdf>
Package pdftex.def Info: figures/implicit_3D_Picard_crankNicolson_lumped_u2_G2_
dt_1p0em03.pdf  used on input line 396.
(pdftex.def)             Requested size: 229.07352pt x 160.46506pt.
 [54 <./figures/implicit_3D_Picard_crankNicolson_lumped_Vm_L2_dt_1p0em03.pdf> <
./figures/implicit_3D_Picard_crankNicolson_lumped_Vm_G2_dt_1p0em03.pdf> <./figu
res/implicit_3D_Picard_crankNicolson_lumped_u1_L2_dt_1p0em03.pdf> <./figures/im
plicit_3D_Picard_crankNicolson_lumped_u1_G2_dt_1p0em03.pdf> <./figures/implicit
_3D_Picard_crankNicolson_lumped_u2_L2_dt_1p0em03.pdf> <./figures/implicit_3D_Pi
card_crankNicolson_lumped_u2_G2_dt_1p0em03.pdf>]
(./tables/results_3D_diagonalIion_dt_1p0em02.tex)
<figures/implicit_3D_diagonalIion_backwardEuler_consistent_Vm_L2_dt_1p0em02.pdf
, id=15688, 628.3475pt x 436.63126pt>
File: figures/implicit_3D_diagonalIion_backwardEuler_consistent_Vm_L2_dt_1p0em0
2.pdf Graphic file (type pdf)
<use figures/implicit_3D_diagonalIion_backwardEuler_consistent_Vm_L2_dt_1p0em02
.pdf>
Package pdftex.def Info: figures/implicit_3D_diagonalIion_backwardEuler_consist
ent_Vm_L2_dt_1p0em02.pdf  used on input line 412.
(pdftex.def)             Requested size: 229.07352pt x 159.1792pt.
<figures/implicit_3D_diagonalIion_backwardEuler_consistent_Vm_G2_dt_1p0em02.pdf
, id=15689, 633.36626pt x 441.65pt>
File: figures/implicit_3D_diagonalIion_backwardEuler_consistent_Vm_G2_dt_1p0em0
2.pdf Graphic file (type pdf)
<use figures/implicit_3D_diagonalIion_backwardEuler_consistent_Vm_G2_dt_1p0em02
.pdf>
Package pdftex.def Info: figures/implicit_3D_diagonalIion_backwardEuler_consist
ent_Vm_G2_dt_1p0em02.pdf  used on input line 419.
(pdftex.def)             Requested size: 229.07352pt x 159.73517pt.
<figures/implicit_3D_diagonalIion_backwardEuler_consistent_u1_L2_dt_1p0em02.pdf
, id=15690, 624.3325pt x 441.65pt>
File: figures/implicit_3D_diagonalIion_backwardEuler_consistent_u1_L2_dt_1p0em0
2.pdf Graphic file (type pdf)
<use figures/implicit_3D_diagonalIion_backwardEuler_consistent_u1_L2_dt_1p0em02
.pdf>
Package pdftex.def Info: figures/implicit_3D_diagonalIion_backwardEuler_consist
ent_u1_L2_dt_1p0em02.pdf  used on input line 426.
(pdftex.def)             Requested size: 229.07352pt x 162.03992pt.
<figures/implicit_3D_diagonalIion_backwardEuler_consistent_u1_G2_dt_1p0em02.pdf
, id=15691, 634.37pt x 436.63126pt>
File: figures/implicit_3D_diagonalIion_backwardEuler_consistent_u1_G2_dt_1p0em0
2.pdf Graphic file (type pdf)
<use figures/implicit_3D_diagonalIion_backwardEuler_consistent_u1_G2_dt_1p0em02
.pdf>
Package pdftex.def Info: figures/implicit_3D_diagonalIion_backwardEuler_consist
ent_u1_G2_dt_1p0em02.pdf  used on input line 433.
(pdftex.def)             Requested size: 229.07352pt x 157.66682pt.
<figures/implicit_3D_diagonalIion_backwardEuler_consistent_u2_L2_dt_1p0em02.pdf
, id=15692, 624.3325pt x 441.65pt>
File: figures/implicit_3D_diagonalIion_backwardEuler_consistent_u2_L2_dt_1p0em0
2.pdf Graphic file (type pdf)
<use figures/implicit_3D_diagonalIion_backwardEuler_consistent_u2_L2_dt_1p0em02
.pdf>
Package pdftex.def Info: figures/implicit_3D_diagonalIion_backwardEuler_consist
ent_u2_L2_dt_1p0em02.pdf  used on input line 440.
(pdftex.def)             Requested size: 229.07352pt x 162.03992pt.
<figures/implicit_3D_diagonalIion_backwardEuler_consistent_u2_G2_dt_1p0em02.pdf
, id=15693, 631.35875pt x 441.65pt>
File: figures/implicit_3D_diagonalIion_backwardEuler_consistent_u2_G2_dt_1p0em0
2.pdf Graphic file (type pdf)
<use figures/implicit_3D_diagonalIion_backwardEuler_consistent_u2_G2_dt_1p0em02
.pdf>
Package pdftex.def Info: figures/implicit_3D_diagonalIion_backwardEuler_consist
ent_u2_G2_dt_1p0em02.pdf  used on input line 447.
(pdftex.def)             Requested size: 229.07352pt x 160.24059pt.
 [55



] [56 <./figures/implicit_3D_diagonalIion_backwardEuler_consistent_Vm_L2_dt_1p0
em02.pdf> <./figures/implicit_3D_diagonalIion_backwardEuler_consistent_Vm_G2_dt
_1p0em02.pdf> <./figures/implicit_3D_diagonalIion_backwardEuler_consistent_u1_L
2_dt_1p0em02.pdf> <./figures/implicit_3D_diagonalIion_backwardEuler_consistent_
u1_G2_dt_1p0em02.pdf> <./figures/implicit_3D_diagonalIion_backwardEuler_consist
ent_u2_L2_dt_1p0em02.pdf> <./figures/implicit_3D_diagonalIion_backwardEuler_con
sistent_u2_G2_dt_1p0em02.pdf>]
<figures/implicit_3D_diagonalIion_backwardEuler_lumped_Vm_L2_dt_1p0em02.pdf, id
=16209, 618.31pt x 441.65pt>
File: figures/implicit_3D_diagonalIion_backwardEuler_lumped_Vm_L2_dt_1p0em02.pd
f Graphic file (type pdf)
<use figures/implicit_3D_diagonalIion_backwardEuler_lumped_Vm_L2_dt_1p0em02.pdf
>
Package pdftex.def Info: figures/implicit_3D_diagonalIion_backwardEuler_lumped_
Vm_L2_dt_1p0em02.pdf  used on input line 460.
(pdftex.def)             Requested size: 229.07352pt x 163.62358pt.
<figures/implicit_3D_diagonalIion_backwardEuler_lumped_Vm_G2_dt_1p0em02.pdf, id
=16210, 624.3325pt x 441.65pt>
File: figures/implicit_3D_diagonalIion_backwardEuler_lumped_Vm_G2_dt_1p0em02.pd
f Graphic file (type pdf)
<use figures/implicit_3D_diagonalIion_backwardEuler_lumped_Vm_G2_dt_1p0em02.pdf
>
Package pdftex.def Info: figures/implicit_3D_diagonalIion_backwardEuler_lumped_
Vm_G2_dt_1p0em02.pdf  used on input line 467.
(pdftex.def)             Requested size: 229.07352pt x 162.03992pt.
<figures/implicit_3D_diagonalIion_backwardEuler_lumped_u1_L2_dt_1p0em02.pdf, id
=16211, 618.31pt x 441.65pt>
File: figures/implicit_3D_diagonalIion_backwardEuler_lumped_u1_L2_dt_1p0em02.pd
f Graphic file (type pdf)
<use figures/implicit_3D_diagonalIion_backwardEuler_lumped_u1_L2_dt_1p0em02.pdf
>
Package pdftex.def Info: figures/implicit_3D_diagonalIion_backwardEuler_lumped_
u1_L2_dt_1p0em02.pdf  used on input line 474.
(pdftex.def)             Requested size: 229.07352pt x 163.62358pt.
<figures/implicit_3D_diagonalIion_backwardEuler_lumped_u1_G2_dt_1p0em02.pdf, id
=16212, 622.325pt x 441.65pt>
File: figures/implicit_3D_diagonalIion_backwardEuler_lumped_u1_G2_dt_1p0em02.pd
f Graphic file (type pdf)
<use figures/implicit_3D_diagonalIion_backwardEuler_lumped_u1_G2_dt_1p0em02.pdf
>
Package pdftex.def Info: figures/implicit_3D_diagonalIion_backwardEuler_lumped_
u1_G2_dt_1p0em02.pdf  used on input line 481.
(pdftex.def)             Requested size: 229.07352pt x 162.56555pt.
<figures/implicit_3D_diagonalIion_backwardEuler_lumped_u2_L2_dt_1p0em02.pdf, id
=16213, 618.31pt x 441.65pt>
File: figures/implicit_3D_diagonalIion_backwardEuler_lumped_u2_L2_dt_1p0em02.pd
f Graphic file (type pdf)
<use figures/implicit_3D_diagonalIion_backwardEuler_lumped_u2_L2_dt_1p0em02.pdf
>
Package pdftex.def Info: figures/implicit_3D_diagonalIion_backwardEuler_lumped_
u2_L2_dt_1p0em02.pdf  used on input line 488.
(pdftex.def)             Requested size: 229.07352pt x 163.62358pt.
<figures/implicit_3D_diagonalIion_backwardEuler_lumped_u2_G2_dt_1p0em02.pdf, id
=16214, 622.325pt x 441.65pt>
File: figures/implicit_3D_diagonalIion_backwardEuler_lumped_u2_G2_dt_1p0em02.pd
f Graphic file (type pdf)
<use figures/implicit_3D_diagonalIion_backwardEuler_lumped_u2_G2_dt_1p0em02.pdf
>
Package pdftex.def Info: figures/implicit_3D_diagonalIion_backwardEuler_lumped_
u2_G2_dt_1p0em02.pdf  used on input line 495.
(pdftex.def)             Requested size: 229.07352pt x 162.56555pt.
 [57 <./figures/implicit_3D_diagonalIion_backwardEuler_lumped_Vm_L2_dt_1p0em02.
pdf> <./figures/implicit_3D_diagonalIion_backwardEuler_lumped_Vm_G2_dt_1p0em02.
pdf> <./figures/implicit_3D_diagonalIion_backwardEuler_lumped_u1_L2_dt_1p0em02.
pdf> <./figures/implicit_3D_diagonalIion_backwardEuler_lumped_u1_G2_dt_1p0em02.
pdf> <./figures/implicit_3D_diagonalIion_backwardEuler_lumped_u2_L2_dt_1p0em02.
pdf> <./figures/implicit_3D_diagonalIion_backwardEuler_lumped_u2_G2_dt_1p0em02.
pdf>]
<figures/implicit_3D_diagonalIion_crankNicolson_consistent_Vm_L2_dt_1p0em02.pdf
, id=16719, 628.3475pt x 436.63126pt>
File: figures/implicit_3D_diagonalIion_crankNicolson_consistent_Vm_L2_dt_1p0em0
2.pdf Graphic file (type pdf)
<use figures/implicit_3D_diagonalIion_crankNicolson_consistent_Vm_L2_dt_1p0em02
.pdf>
Package pdftex.def Info: figures/implicit_3D_diagonalIion_crankNicolson_consist
ent_Vm_L2_dt_1p0em02.pdf  used on input line 508.
(pdftex.def)             Requested size: 229.07352pt x 159.1792pt.
<figures/implicit_3D_diagonalIion_crankNicolson_consistent_Vm_G2_dt_1p0em02.pdf
, id=16720, 633.36626pt x 441.65pt>
File: figures/implicit_3D_diagonalIion_crankNicolson_consistent_Vm_G2_dt_1p0em0
2.pdf Graphic file (type pdf)
<use figures/implicit_3D_diagonalIion_crankNicolson_consistent_Vm_G2_dt_1p0em02
.pdf>
Package pdftex.def Info: figures/implicit_3D_diagonalIion_crankNicolson_consist
ent_Vm_G2_dt_1p0em02.pdf  used on input line 515.
(pdftex.def)             Requested size: 229.07352pt x 159.73517pt.
<figures/implicit_3D_diagonalIion_crankNicolson_consistent_u1_L2_dt_1p0em02.pdf
, id=16721, 627.34375pt x 436.63126pt>
File: figures/implicit_3D_diagonalIion_crankNicolson_consistent_u1_L2_dt_1p0em0
2.pdf Graphic file (type pdf)
<use figures/implicit_3D_diagonalIion_crankNicolson_consistent_u1_L2_dt_1p0em02
.pdf>
Package pdftex.def Info: figures/implicit_3D_diagonalIion_crankNicolson_consist
ent_u1_L2_dt_1p0em02.pdf  used on input line 522.
(pdftex.def)             Requested size: 229.07352pt x 159.43237pt.
<figures/implicit_3D_diagonalIion_crankNicolson_consistent_u1_G2_dt_1p0em02.pdf
, id=16722, 634.37pt x 436.63126pt>
File: figures/implicit_3D_diagonalIion_crankNicolson_consistent_u1_G2_dt_1p0em0
2.pdf Graphic file (type pdf)
<use figures/implicit_3D_diagonalIion_crankNicolson_consistent_u1_G2_dt_1p0em02
.pdf>
Package pdftex.def Info: figures/implicit_3D_diagonalIion_crankNicolson_consist
ent_u1_G2_dt_1p0em02.pdf  used on input line 529.
(pdftex.def)             Requested size: 229.07352pt x 157.66682pt.
<figures/implicit_3D_diagonalIion_crankNicolson_consistent_u2_L2_dt_1p0em02.pdf
, id=16723, 624.3325pt x 441.65pt>
File: figures/implicit_3D_diagonalIion_crankNicolson_consistent_u2_L2_dt_1p0em0
2.pdf Graphic file (type pdf)
<use figures/implicit_3D_diagonalIion_crankNicolson_consistent_u2_L2_dt_1p0em02
.pdf>
Package pdftex.def Info: figures/implicit_3D_diagonalIion_crankNicolson_consist
ent_u2_L2_dt_1p0em02.pdf  used on input line 536.
(pdftex.def)             Requested size: 229.07352pt x 162.03992pt.
<figures/implicit_3D_diagonalIion_crankNicolson_consistent_u2_G2_dt_1p0em02.pdf
, id=16724, 631.35875pt x 441.65pt>
File: figures/implicit_3D_diagonalIion_crankNicolson_consistent_u2_G2_dt_1p0em0
2.pdf Graphic file (type pdf)
<use figures/implicit_3D_diagonalIion_crankNicolson_consistent_u2_G2_dt_1p0em02
.pdf>
Package pdftex.def Info: figures/implicit_3D_diagonalIion_crankNicolson_consist
ent_u2_G2_dt_1p0em02.pdf  used on input line 543.
(pdftex.def)             Requested size: 229.07352pt x 160.24059pt.
 [58 <./figures/implicit_3D_diagonalIion_crankNicolson_consistent_Vm_L2_dt_1p0e
m02.pdf> <./figures/implicit_3D_diagonalIion_crankNicolson_consistent_Vm_G2_dt_
1p0em02.pdf> <./figures/implicit_3D_diagonalIion_crankNicolson_consistent_u1_L2
_dt_1p0em02.pdf> <./figures/implicit_3D_diagonalIion_crankNicolson_consistent_u
1_G2_dt_1p0em02.pdf> <./figures/implicit_3D_diagonalIion_crankNicolson_consiste
nt_u2_L2_dt_1p0em02.pdf> <./figures/implicit_3D_diagonalIion_crankNicolson_cons
istent_u2_G2_dt_1p0em02.pdf>]
<figures/implicit_3D_diagonalIion_crankNicolson_lumped_Vm_L2_dt_1p0em02.pdf, id
=17239, 618.31pt x 441.65pt>
File: figures/implicit_3D_diagonalIion_crankNicolson_lumped_Vm_L2_dt_1p0em02.pd
f Graphic file (type pdf)
<use figures/implicit_3D_diagonalIion_crankNicolson_lumped_Vm_L2_dt_1p0em02.pdf
>
Package pdftex.def Info: figures/implicit_3D_diagonalIion_crankNicolson_lumped_
Vm_L2_dt_1p0em02.pdf  used on input line 556.
(pdftex.def)             Requested size: 229.07352pt x 163.62358pt.
<figures/implicit_3D_diagonalIion_crankNicolson_lumped_Vm_G2_dt_1p0em02.pdf, id
=17240, 624.3325pt x 441.65pt>
File: figures/implicit_3D_diagonalIion_crankNicolson_lumped_Vm_G2_dt_1p0em02.pd
f Graphic file (type pdf)
<use figures/implicit_3D_diagonalIion_crankNicolson_lumped_Vm_G2_dt_1p0em02.pdf
>
Package pdftex.def Info: figures/implicit_3D_diagonalIion_crankNicolson_lumped_
Vm_G2_dt_1p0em02.pdf  used on input line 563.
(pdftex.def)             Requested size: 229.07352pt x 162.03992pt.
<figures/implicit_3D_diagonalIion_crankNicolson_lumped_u1_L2_dt_1p0em02.pdf, id
=17241, 618.31pt x 441.65pt>
File: figures/implicit_3D_diagonalIion_crankNicolson_lumped_u1_L2_dt_1p0em02.pd
f Graphic file (type pdf)
<use figures/implicit_3D_diagonalIion_crankNicolson_lumped_u1_L2_dt_1p0em02.pdf
>
Package pdftex.def Info: figures/implicit_3D_diagonalIion_crankNicolson_lumped_
u1_L2_dt_1p0em02.pdf  used on input line 570.
(pdftex.def)             Requested size: 229.07352pt x 163.62358pt.
<figures/implicit_3D_diagonalIion_crankNicolson_lumped_u1_G2_dt_1p0em02.pdf, id
=17242, 622.325pt x 441.65pt>
File: figures/implicit_3D_diagonalIion_crankNicolson_lumped_u1_G2_dt_1p0em02.pd
f Graphic file (type pdf)
<use figures/implicit_3D_diagonalIion_crankNicolson_lumped_u1_G2_dt_1p0em02.pdf
>
Package pdftex.def Info: figures/implicit_3D_diagonalIion_crankNicolson_lumped_
u1_G2_dt_1p0em02.pdf  used on input line 577.
(pdftex.def)             Requested size: 229.07352pt x 162.56555pt.
<figures/implicit_3D_diagonalIion_crankNicolson_lumped_u2_L2_dt_1p0em02.pdf, id
=17243, 618.31pt x 441.65pt>
File: figures/implicit_3D_diagonalIion_crankNicolson_lumped_u2_L2_dt_1p0em02.pd
f Graphic file (type pdf)
<use figures/implicit_3D_diagonalIion_crankNicolson_lumped_u2_L2_dt_1p0em02.pdf
>
Package pdftex.def Info: figures/implicit_3D_diagonalIion_crankNicolson_lumped_
u2_L2_dt_1p0em02.pdf  used on input line 584.
(pdftex.def)             Requested size: 229.07352pt x 163.62358pt.
<figures/implicit_3D_diagonalIion_crankNicolson_lumped_u2_G2_dt_1p0em02.pdf, id
=17244, 622.325pt x 441.65pt>
File: figures/implicit_3D_diagonalIion_crankNicolson_lumped_u2_G2_dt_1p0em02.pd
f Graphic file (type pdf)
<use figures/implicit_3D_diagonalIion_crankNicolson_lumped_u2_G2_dt_1p0em02.pdf
>
Package pdftex.def Info: figures/implicit_3D_diagonalIion_crankNicolson_lumped_
u2_G2_dt_1p0em02.pdf  used on input line 591.
(pdftex.def)             Requested size: 229.07352pt x 162.56555pt.
 [59 <./figures/implicit_3D_diagonalIion_crankNicolson_lumped_Vm_L2_dt_1p0em02.
pdf> <./figures/implicit_3D_diagonalIion_crankNicolson_lumped_Vm_G2_dt_1p0em02.
pdf> <./figures/implicit_3D_diagonalIion_crankNicolson_lumped_u1_L2_dt_1p0em02.
pdf> <./figures/implicit_3D_diagonalIion_crankNicolson_lumped_u1_G2_dt_1p0em02.
pdf> <./figures/implicit_3D_diagonalIion_crankNicolson_lumped_u2_L2_dt_1p0em02.
pdf> <./figures/implicit_3D_diagonalIion_crankNicolson_lumped_u2_G2_dt_1p0em02.
pdf>]
(./tables/results_3D_diagonalIion_dt_1p0em03.tex)
<figures/implicit_3D_diagonalIion_backwardEuler_consistent_Vm_L2_dt_1p0em03.pdf
, id=17766, 628.3475pt x 436.63126pt>
File: figures/implicit_3D_diagonalIion_backwardEuler_consistent_Vm_L2_dt_1p0em0
3.pdf Graphic file (type pdf)
<use figures/implicit_3D_diagonalIion_backwardEuler_consistent_Vm_L2_dt_1p0em03
.pdf>
Package pdftex.def Info: figures/implicit_3D_diagonalIion_backwardEuler_consist
ent_Vm_L2_dt_1p0em03.pdf  used on input line 606.
(pdftex.def)             Requested size: 229.07352pt x 159.1792pt.
<figures/implicit_3D_diagonalIion_backwardEuler_consistent_Vm_G2_dt_1p0em03.pdf
, id=17767, 633.36626pt x 441.65pt>
File: figures/implicit_3D_diagonalIion_backwardEuler_consistent_Vm_G2_dt_1p0em0
3.pdf Graphic file (type pdf)
<use figures/implicit_3D_diagonalIion_backwardEuler_consistent_Vm_G2_dt_1p0em03
.pdf>
Package pdftex.def Info: figures/implicit_3D_diagonalIion_backwardEuler_consist
ent_Vm_G2_dt_1p0em03.pdf  used on input line 613.
(pdftex.def)             Requested size: 229.07352pt x 159.73517pt.
<figures/implicit_3D_diagonalIion_backwardEuler_consistent_u1_L2_dt_1p0em03.pdf
, id=17768, 627.34375pt x 436.63126pt>
File: figures/implicit_3D_diagonalIion_backwardEuler_consistent_u1_L2_dt_1p0em0
3.pdf Graphic file (type pdf)
<use figures/implicit_3D_diagonalIion_backwardEuler_consistent_u1_L2_dt_1p0em03
.pdf>
Package pdftex.def Info: figures/implicit_3D_diagonalIion_backwardEuler_consist
ent_u1_L2_dt_1p0em03.pdf  used on input line 620.
(pdftex.def)             Requested size: 229.07352pt x 159.43237pt.
<figures/implicit_3D_diagonalIion_backwardEuler_consistent_u1_G2_dt_1p0em03.pdf
, id=17769, 631.35875pt x 441.65pt>
File: figures/implicit_3D_diagonalIion_backwardEuler_consistent_u1_G2_dt_1p0em0
3.pdf Graphic file (type pdf)
<use figures/implicit_3D_diagonalIion_backwardEuler_consistent_u1_G2_dt_1p0em03
.pdf>
Package pdftex.def Info: figures/implicit_3D_diagonalIion_backwardEuler_consist
ent_u1_G2_dt_1p0em03.pdf  used on input line 627.
(pdftex.def)             Requested size: 229.07352pt x 160.24059pt.
<figures/implicit_3D_diagonalIion_backwardEuler_consistent_u2_L2_dt_1p0em03.pdf
, id=17770, 624.3325pt x 441.65pt>
File: figures/implicit_3D_diagonalIion_backwardEuler_consistent_u2_L2_dt_1p0em0
3.pdf Graphic file (type pdf)
<use figures/implicit_3D_diagonalIion_backwardEuler_consistent_u2_L2_dt_1p0em03
.pdf>
Package pdftex.def Info: figures/implicit_3D_diagonalIion_backwardEuler_consist
ent_u2_L2_dt_1p0em03.pdf  used on input line 634.
(pdftex.def)             Requested size: 229.07352pt x 162.03992pt.
<figures/implicit_3D_diagonalIion_backwardEuler_consistent_u2_G2_dt_1p0em03.pdf
, id=17771, 631.35875pt x 441.65pt>
File: figures/implicit_3D_diagonalIion_backwardEuler_consistent_u2_G2_dt_1p0em0
3.pdf Graphic file (type pdf)
<use figures/implicit_3D_diagonalIion_backwardEuler_consistent_u2_G2_dt_1p0em03
.pdf>
Package pdftex.def Info: figures/implicit_3D_diagonalIion_backwardEuler_consist
ent_u2_G2_dt_1p0em03.pdf  used on input line 641.
(pdftex.def)             Requested size: 229.07352pt x 160.24059pt.
 [60



] [61 <./figures/implicit_3D_diagonalIion_backwardEuler_consistent_Vm_L2_dt_1p0
em03.pdf> <./figures/implicit_3D_diagonalIion_backwardEuler_consistent_Vm_G2_dt
_1p0em03.pdf> <./figures/implicit_3D_diagonalIion_backwardEuler_consistent_u1_L
2_dt_1p0em03.pdf> <./figures/implicit_3D_diagonalIion_backwardEuler_consistent_
u1_G2_dt_1p0em03.pdf> <./figures/implicit_3D_diagonalIion_backwardEuler_consist
ent_u2_L2_dt_1p0em03.pdf> <./figures/implicit_3D_diagonalIion_backwardEuler_con
sistent_u2_G2_dt_1p0em03.pdf>]
<figures/implicit_3D_diagonalIion_backwardEuler_lumped_Vm_L2_dt_1p0em03.pdf, id
=18287, 618.31pt x 441.65pt>
File: figures/implicit_3D_diagonalIion_backwardEuler_lumped_Vm_L2_dt_1p0em03.pd
f Graphic file (type pdf)
<use figures/implicit_3D_diagonalIion_backwardEuler_lumped_Vm_L2_dt_1p0em03.pdf
>
Package pdftex.def Info: figures/implicit_3D_diagonalIion_backwardEuler_lumped_
Vm_L2_dt_1p0em03.pdf  used on input line 654.
(pdftex.def)             Requested size: 229.07352pt x 163.62358pt.
<figures/implicit_3D_diagonalIion_backwardEuler_lumped_Vm_G2_dt_1p0em03.pdf, id
=18288, 624.3325pt x 441.65pt>
File: figures/implicit_3D_diagonalIion_backwardEuler_lumped_Vm_G2_dt_1p0em03.pd
f Graphic file (type pdf)
<use figures/implicit_3D_diagonalIion_backwardEuler_lumped_Vm_G2_dt_1p0em03.pdf
>
Package pdftex.def Info: figures/implicit_3D_diagonalIion_backwardEuler_lumped_
Vm_G2_dt_1p0em03.pdf  used on input line 661.
(pdftex.def)             Requested size: 229.07352pt x 162.03992pt.
<figures/implicit_3D_diagonalIion_backwardEuler_lumped_u1_L2_dt_1p0em03.pdf, id
=18289, 618.31pt x 441.65pt>
File: figures/implicit_3D_diagonalIion_backwardEuler_lumped_u1_L2_dt_1p0em03.pd
f Graphic file (type pdf)
<use figures/implicit_3D_diagonalIion_backwardEuler_lumped_u1_L2_dt_1p0em03.pdf
>
Package pdftex.def Info: figures/implicit_3D_diagonalIion_backwardEuler_lumped_
u1_L2_dt_1p0em03.pdf  used on input line 668.
(pdftex.def)             Requested size: 229.07352pt x 163.62358pt.
<figures/implicit_3D_diagonalIion_backwardEuler_lumped_u1_G2_dt_1p0em03.pdf, id
=18290, 622.325pt x 441.65pt>
File: figures/implicit_3D_diagonalIion_backwardEuler_lumped_u1_G2_dt_1p0em03.pd
f Graphic file (type pdf)
<use figures/implicit_3D_diagonalIion_backwardEuler_lumped_u1_G2_dt_1p0em03.pdf
>
Package pdftex.def Info: figures/implicit_3D_diagonalIion_backwardEuler_lumped_
u1_G2_dt_1p0em03.pdf  used on input line 675.
(pdftex.def)             Requested size: 229.07352pt x 162.56555pt.
<figures/implicit_3D_diagonalIion_backwardEuler_lumped_u2_L2_dt_1p0em03.pdf, id
=18291, 618.31pt x 441.65pt>
File: figures/implicit_3D_diagonalIion_backwardEuler_lumped_u2_L2_dt_1p0em03.pd
f Graphic file (type pdf)
<use figures/implicit_3D_diagonalIion_backwardEuler_lumped_u2_L2_dt_1p0em03.pdf
>
Package pdftex.def Info: figures/implicit_3D_diagonalIion_backwardEuler_lumped_
u2_L2_dt_1p0em03.pdf  used on input line 682.
(pdftex.def)             Requested size: 229.07352pt x 163.62358pt.
<figures/implicit_3D_diagonalIion_backwardEuler_lumped_u2_G2_dt_1p0em03.pdf, id
=18292, 622.325pt x 441.65pt>
File: figures/implicit_3D_diagonalIion_backwardEuler_lumped_u2_G2_dt_1p0em03.pd
f Graphic file (type pdf)
<use figures/implicit_3D_diagonalIion_backwardEuler_lumped_u2_G2_dt_1p0em03.pdf
>
Package pdftex.def Info: figures/implicit_3D_diagonalIion_backwardEuler_lumped_
u2_G2_dt_1p0em03.pdf  used on input line 689.
(pdftex.def)             Requested size: 229.07352pt x 162.56555pt.
 [62 <./figures/implicit_3D_diagonalIion_backwardEuler_lumped_Vm_L2_dt_1p0em03.
pdf> <./figures/implicit_3D_diagonalIion_backwardEuler_lumped_Vm_G2_dt_1p0em03.
pdf> <./figures/implicit_3D_diagonalIion_backwardEuler_lumped_u1_L2_dt_1p0em03.
pdf> <./figures/implicit_3D_diagonalIion_backwardEuler_lumped_u1_G2_dt_1p0em03.
pdf> <./figures/implicit_3D_diagonalIion_backwardEuler_lumped_u2_L2_dt_1p0em03.
pdf> <./figures/implicit_3D_diagonalIion_backwardEuler_lumped_u2_G2_dt_1p0em03.
pdf>]
<figures/implicit_3D_diagonalIion_crankNicolson_consistent_Vm_L2_dt_1p0em03.pdf
, id=18797, 628.3475pt x 436.63126pt>
File: figures/implicit_3D_diagonalIion_crankNicolson_consistent_Vm_L2_dt_1p0em0
3.pdf Graphic file (type pdf)
<use figures/implicit_3D_diagonalIion_crankNicolson_consistent_Vm_L2_dt_1p0em03
.pdf>
Package pdftex.def Info: figures/implicit_3D_diagonalIion_crankNicolson_consist
ent_Vm_L2_dt_1p0em03.pdf  used on input line 702.
(pdftex.def)             Requested size: 229.07352pt x 159.1792pt.
<figures/implicit_3D_diagonalIion_crankNicolson_consistent_Vm_G2_dt_1p0em03.pdf
, id=18798, 636.3775pt x 436.63126pt>
File: figures/implicit_3D_diagonalIion_crankNicolson_consistent_Vm_G2_dt_1p0em0
3.pdf Graphic file (type pdf)
<use figures/implicit_3D_diagonalIion_crankNicolson_consistent_Vm_G2_dt_1p0em03
.pdf>
Package pdftex.def Info: figures/implicit_3D_diagonalIion_crankNicolson_consist
ent_Vm_G2_dt_1p0em03.pdf  used on input line 709.
(pdftex.def)             Requested size: 229.07352pt x 157.16714pt.
<figures/implicit_3D_diagonalIion_crankNicolson_consistent_u1_L2_dt_1p0em03.pdf
, id=18799, 624.3325pt x 441.65pt>
File: figures/implicit_3D_diagonalIion_crankNicolson_consistent_u1_L2_dt_1p0em0
3.pdf Graphic file (type pdf)
<use figures/implicit_3D_diagonalIion_crankNicolson_consistent_u1_L2_dt_1p0em03
.pdf>
Package pdftex.def Info: figures/implicit_3D_diagonalIion_crankNicolson_consist
ent_u1_L2_dt_1p0em03.pdf  used on input line 716.
(pdftex.def)             Requested size: 229.07352pt x 162.03992pt.
<figures/implicit_3D_diagonalIion_crankNicolson_consistent_u1_G2_dt_1p0em03.pdf
, id=18800, 631.35875pt x 441.65pt>
File: figures/implicit_3D_diagonalIion_crankNicolson_consistent_u1_G2_dt_1p0em0
3.pdf Graphic file (type pdf)
<use figures/implicit_3D_diagonalIion_crankNicolson_consistent_u1_G2_dt_1p0em03
.pdf>
Package pdftex.def Info: figures/implicit_3D_diagonalIion_crankNicolson_consist
ent_u1_G2_dt_1p0em03.pdf  used on input line 723.
(pdftex.def)             Requested size: 229.07352pt x 160.24059pt.
<figures/implicit_3D_diagonalIion_crankNicolson_consistent_u2_L2_dt_1p0em03.pdf
, id=18801, 624.3325pt x 441.65pt>
File: figures/implicit_3D_diagonalIion_crankNicolson_consistent_u2_L2_dt_1p0em0
3.pdf Graphic file (type pdf)
<use figures/implicit_3D_diagonalIion_crankNicolson_consistent_u2_L2_dt_1p0em03
.pdf>
Package pdftex.def Info: figures/implicit_3D_diagonalIion_crankNicolson_consist
ent_u2_L2_dt_1p0em03.pdf  used on input line 730.
(pdftex.def)             Requested size: 229.07352pt x 162.03992pt.
<figures/implicit_3D_diagonalIion_crankNicolson_consistent_u2_G2_dt_1p0em03.pdf
, id=18802, 634.37pt x 436.63126pt>
File: figures/implicit_3D_diagonalIion_crankNicolson_consistent_u2_G2_dt_1p0em0
3.pdf Graphic file (type pdf)
<use figures/implicit_3D_diagonalIion_crankNicolson_consistent_u2_G2_dt_1p0em03
.pdf>
Package pdftex.def Info: figures/implicit_3D_diagonalIion_crankNicolson_consist
ent_u2_G2_dt_1p0em03.pdf  used on input line 737.
(pdftex.def)             Requested size: 229.07352pt x 157.66682pt.
 [63 <./figures/implicit_3D_diagonalIion_crankNicolson_consistent_Vm_L2_dt_1p0e
m03.pdf> <./figures/implicit_3D_diagonalIion_crankNicolson_consistent_Vm_G2_dt_
1p0em03.pdf> <./figures/implicit_3D_diagonalIion_crankNicolson_consistent_u1_L2
_dt_1p0em03.pdf> <./figures/implicit_3D_diagonalIion_crankNicolson_consistent_u
1_G2_dt_1p0em03.pdf> <./figures/implicit_3D_diagonalIion_crankNicolson_consiste
nt_u2_L2_dt_1p0em03.pdf> <./figures/implicit_3D_diagonalIion_crankNicolson_cons
istent_u2_G2_dt_1p0em03.pdf>]
<figures/implicit_3D_diagonalIion_crankNicolson_lumped_Vm_L2_dt_1p0em03.pdf, id
=19317, 618.31pt x 441.65pt>
File: figures/implicit_3D_diagonalIion_crankNicolson_lumped_Vm_L2_dt_1p0em03.pd
f Graphic file (type pdf)
<use figures/implicit_3D_diagonalIion_crankNicolson_lumped_Vm_L2_dt_1p0em03.pdf
>
Package pdftex.def Info: figures/implicit_3D_diagonalIion_crankNicolson_lumped_
Vm_L2_dt_1p0em03.pdf  used on input line 750.
(pdftex.def)             Requested size: 229.07352pt x 163.62358pt.
<figures/implicit_3D_diagonalIion_crankNicolson_lumped_Vm_G2_dt_1p0em03.pdf, id
=19318, 624.3325pt x 441.65pt>
File: figures/implicit_3D_diagonalIion_crankNicolson_lumped_Vm_G2_dt_1p0em03.pd
f Graphic file (type pdf)
<use figures/implicit_3D_diagonalIion_crankNicolson_lumped_Vm_G2_dt_1p0em03.pdf
>
Package pdftex.def Info: figures/implicit_3D_diagonalIion_crankNicolson_lumped_
Vm_G2_dt_1p0em03.pdf  used on input line 757.
(pdftex.def)             Requested size: 229.07352pt x 162.03992pt.
<figures/implicit_3D_diagonalIion_crankNicolson_lumped_u1_L2_dt_1p0em03.pdf, id
=19319, 618.31pt x 441.65pt>
File: figures/implicit_3D_diagonalIion_crankNicolson_lumped_u1_L2_dt_1p0em03.pd
f Graphic file (type pdf)
<use figures/implicit_3D_diagonalIion_crankNicolson_lumped_u1_L2_dt_1p0em03.pdf
>
Package pdftex.def Info: figures/implicit_3D_diagonalIion_crankNicolson_lumped_
u1_L2_dt_1p0em03.pdf  used on input line 764.
(pdftex.def)             Requested size: 229.07352pt x 163.62358pt.
<figures/implicit_3D_diagonalIion_crankNicolson_lumped_u1_G2_dt_1p0em03.pdf, id
=19320, 622.325pt x 441.65pt>
File: figures/implicit_3D_diagonalIion_crankNicolson_lumped_u1_G2_dt_1p0em03.pd
f Graphic file (type pdf)
<use figures/implicit_3D_diagonalIion_crankNicolson_lumped_u1_G2_dt_1p0em03.pdf
>
Package pdftex.def Info: figures/implicit_3D_diagonalIion_crankNicolson_lumped_
u1_G2_dt_1p0em03.pdf  used on input line 771.
(pdftex.def)             Requested size: 229.07352pt x 162.56555pt.
<figures/implicit_3D_diagonalIion_crankNicolson_lumped_u2_L2_dt_1p0em03.pdf, id
=19321, 618.31pt x 441.65pt>
File: figures/implicit_3D_diagonalIion_crankNicolson_lumped_u2_L2_dt_1p0em03.pd
f Graphic file (type pdf)
<use figures/implicit_3D_diagonalIion_crankNicolson_lumped_u2_L2_dt_1p0em03.pdf
>
Package pdftex.def Info: figures/implicit_3D_diagonalIion_crankNicolson_lumped_
u2_L2_dt_1p0em03.pdf  used on input line 778.
(pdftex.def)             Requested size: 229.07352pt x 163.62358pt.
<figures/implicit_3D_diagonalIion_crankNicolson_lumped_u2_G2_dt_1p0em03.pdf, id
=19322, 622.325pt x 441.65pt>
File: figures/implicit_3D_diagonalIion_crankNicolson_lumped_u2_G2_dt_1p0em03.pd
f Graphic file (type pdf)
<use figures/implicit_3D_diagonalIion_crankNicolson_lumped_u2_G2_dt_1p0em03.pdf
>
Package pdftex.def Info: figures/implicit_3D_diagonalIion_crankNicolson_lumped_
u2_G2_dt_1p0em03.pdf  used on input line 785.
(pdftex.def)             Requested size: 229.07352pt x 162.56555pt.
 [64 <./figures/implicit_3D_diagonalIion_crankNicolson_lumped_Vm_L2_dt_1p0em03.
pdf> <./figures/implicit_3D_diagonalIion_crankNicolson_lumped_Vm_G2_dt_1p0em03.
pdf> <./figures/implicit_3D_diagonalIion_crankNicolson_lumped_u1_L2_dt_1p0em03.
pdf> <./figures/implicit_3D_diagonalIion_crankNicolson_lumped_u1_G2_dt_1p0em03.
pdf> <./figures/implicit_3D_diagonalIion_crankNicolson_lumped_u2_L2_dt_1p0em03.
pdf> <./figures/implicit_3D_diagonalIion_crankNicolson_lumped_u2_G2_dt_1p0em03.
pdf>]
(./tables/results_3D_JFNK_dt_1p0em02.tex)
<figures/implicit_3D_JFNK_backwardEuler_consistent_Vm_L2_dt_1p0em02.pdf, id=198
45, 618.31pt x 441.65pt>
File: figures/implicit_3D_JFNK_backwardEuler_consistent_Vm_L2_dt_1p0em02.pdf Gr
aphic file (type pdf)
<use figures/implicit_3D_JFNK_backwardEuler_consistent_Vm_L2_dt_1p0em02.pdf>
Package pdftex.def Info: figures/implicit_3D_JFNK_backwardEuler_consistent_Vm_L
2_dt_1p0em02.pdf  used on input line 801.
(pdftex.def)             Requested size: 229.07352pt x 163.62358pt.
<figures/implicit_3D_JFNK_backwardEuler_consistent_Vm_G2_dt_1p0em02.pdf, id=198
46, 618.31pt x 441.65pt>
File: figures/implicit_3D_JFNK_backwardEuler_consistent_Vm_G2_dt_1p0em02.pdf Gr
aphic file (type pdf)
<use figures/implicit_3D_JFNK_backwardEuler_consistent_Vm_G2_dt_1p0em02.pdf>
Package pdftex.def Info: figures/implicit_3D_JFNK_backwardEuler_consistent_Vm_G
2_dt_1p0em02.pdf  used on input line 808.
(pdftex.def)             Requested size: 229.07352pt x 163.62358pt.
<figures/implicit_3D_JFNK_backwardEuler_consistent_u1_L2_dt_1p0em02.pdf, id=198
47, 618.31pt x 441.65pt>
File: figures/implicit_3D_JFNK_backwardEuler_consistent_u1_L2_dt_1p0em02.pdf Gr
aphic file (type pdf)
<use figures/implicit_3D_JFNK_backwardEuler_consistent_u1_L2_dt_1p0em02.pdf>
Package pdftex.def Info: figures/implicit_3D_JFNK_backwardEuler_consistent_u1_L
2_dt_1p0em02.pdf  used on input line 815.
(pdftex.def)             Requested size: 229.07352pt x 163.62358pt.
<figures/implicit_3D_JFNK_backwardEuler_consistent_u1_G2_dt_1p0em02.pdf, id=198
48, 623.32875pt x 436.63126pt>
File: figures/implicit_3D_JFNK_backwardEuler_consistent_u1_G2_dt_1p0em02.pdf Gr
aphic file (type pdf)
<use figures/implicit_3D_JFNK_backwardEuler_consistent_u1_G2_dt_1p0em02.pdf>
Package pdftex.def Info: figures/implicit_3D_JFNK_backwardEuler_consistent_u1_G
2_dt_1p0em02.pdf  used on input line 822.
(pdftex.def)             Requested size: 229.07352pt x 160.46506pt.
<figures/implicit_3D_JFNK_backwardEuler_consistent_u2_L2_dt_1p0em02.pdf, id=198
49, 623.32875pt x 436.63126pt>
File: figures/implicit_3D_JFNK_backwardEuler_consistent_u2_L2_dt_1p0em02.pdf Gr
aphic file (type pdf)
<use figures/implicit_3D_JFNK_backwardEuler_consistent_u2_L2_dt_1p0em02.pdf>
Package pdftex.def Info: figures/implicit_3D_JFNK_backwardEuler_consistent_u2_L
2_dt_1p0em02.pdf  used on input line 829.
(pdftex.def)             Requested size: 229.07352pt x 160.46506pt.
<figures/implicit_3D_JFNK_backwardEuler_consistent_u2_G2_dt_1p0em02.pdf, id=198
50, 618.31pt x 441.65pt>
File: figures/implicit_3D_JFNK_backwardEuler_consistent_u2_G2_dt_1p0em02.pdf Gr
aphic file (type pdf)
<use figures/implicit_3D_JFNK_backwardEuler_consistent_u2_G2_dt_1p0em02.pdf>
Package pdftex.def Info: figures/implicit_3D_JFNK_backwardEuler_consistent_u2_G
2_dt_1p0em02.pdf  used on input line 836.
(pdftex.def)             Requested size: 229.07352pt x 163.62358pt.
 [65



] [66 <./figures/implicit_3D_JFNK_backwardEuler_consistent_Vm_L2_dt_1p0em02.pdf
> <./figures/implicit_3D_JFNK_backwardEuler_consistent_Vm_G2_dt_1p0em02.pdf> <.
/figures/implicit_3D_JFNK_backwardEuler_consistent_u1_L2_dt_1p0em02.pdf> <./fig
ures/implicit_3D_JFNK_backwardEuler_consistent_u1_G2_dt_1p0em02.pdf> <./figures
/implicit_3D_JFNK_backwardEuler_consistent_u2_L2_dt_1p0em02.pdf> <./figures/imp
licit_3D_JFNK_backwardEuler_consistent_u2_G2_dt_1p0em02.pdf>]
<figures/implicit_3D_JFNK_backwardEuler_lumped_Vm_L2_dt_1p0em02.pdf, id=20375, 
623.32875pt x 436.63126pt>
File: figures/implicit_3D_JFNK_backwardEuler_lumped_Vm_L2_dt_1p0em02.pdf Graphi
c file (type pdf)
<use figures/implicit_3D_JFNK_backwardEuler_lumped_Vm_L2_dt_1p0em02.pdf>
Package pdftex.def Info: figures/implicit_3D_JFNK_backwardEuler_lumped_Vm_L2_dt
_1p0em02.pdf  used on input line 849.
(pdftex.def)             Requested size: 229.07352pt x 160.46506pt.
<figures/implicit_3D_JFNK_backwardEuler_lumped_Vm_G2_dt_1p0em02.pdf, id=20376, 
618.31pt x 441.65pt>
File: figures/implicit_3D_JFNK_backwardEuler_lumped_Vm_G2_dt_1p0em02.pdf Graphi
c file (type pdf)
<use figures/implicit_3D_JFNK_backwardEuler_lumped_Vm_G2_dt_1p0em02.pdf>
Package pdftex.def Info: figures/implicit_3D_JFNK_backwardEuler_lumped_Vm_G2_dt
_1p0em02.pdf  used on input line 856.
(pdftex.def)             Requested size: 229.07352pt x 163.62358pt.
<figures/implicit_3D_JFNK_backwardEuler_lumped_u1_L2_dt_1p0em02.pdf, id=20377, 
618.31pt x 441.65pt>
File: figures/implicit_3D_JFNK_backwardEuler_lumped_u1_L2_dt_1p0em02.pdf Graphi
c file (type pdf)
<use figures/implicit_3D_JFNK_backwardEuler_lumped_u1_L2_dt_1p0em02.pdf>
Package pdftex.def Info: figures/implicit_3D_JFNK_backwardEuler_lumped_u1_L2_dt
_1p0em02.pdf  used on input line 863.
(pdftex.def)             Requested size: 229.07352pt x 163.62358pt.
<figures/implicit_3D_JFNK_backwardEuler_lumped_u1_G2_dt_1p0em02.pdf, id=20378, 
618.31pt x 441.65pt>
File: figures/implicit_3D_JFNK_backwardEuler_lumped_u1_G2_dt_1p0em02.pdf Graphi
c file (type pdf)
<use figures/implicit_3D_JFNK_backwardEuler_lumped_u1_G2_dt_1p0em02.pdf>
Package pdftex.def Info: figures/implicit_3D_JFNK_backwardEuler_lumped_u1_G2_dt
_1p0em02.pdf  used on input line 870.
(pdftex.def)             Requested size: 229.07352pt x 163.62358pt.
<figures/implicit_3D_JFNK_backwardEuler_lumped_u2_L2_dt_1p0em02.pdf, id=20379, 
618.31pt x 441.65pt>
File: figures/implicit_3D_JFNK_backwardEuler_lumped_u2_L2_dt_1p0em02.pdf Graphi
c file (type pdf)
<use figures/implicit_3D_JFNK_backwardEuler_lumped_u2_L2_dt_1p0em02.pdf>
Package pdftex.def Info: figures/implicit_3D_JFNK_backwardEuler_lumped_u2_L2_dt
_1p0em02.pdf  used on input line 877.
(pdftex.def)             Requested size: 229.07352pt x 163.62358pt.
<figures/implicit_3D_JFNK_backwardEuler_lumped_u2_G2_dt_1p0em02.pdf, id=20380, 
618.31pt x 441.65pt>
File: figures/implicit_3D_JFNK_backwardEuler_lumped_u2_G2_dt_1p0em02.pdf Graphi
c file (type pdf)
<use figures/implicit_3D_JFNK_backwardEuler_lumped_u2_G2_dt_1p0em02.pdf>
Package pdftex.def Info: figures/implicit_3D_JFNK_backwardEuler_lumped_u2_G2_dt
_1p0em02.pdf  used on input line 884.
(pdftex.def)             Requested size: 229.07352pt x 163.62358pt.
 [67 <./figures/implicit_3D_JFNK_backwardEuler_lumped_Vm_L2_dt_1p0em02.pdf> <./
figures/implicit_3D_JFNK_backwardEuler_lumped_Vm_G2_dt_1p0em02.pdf> <./figures/
implicit_3D_JFNK_backwardEuler_lumped_u1_L2_dt_1p0em02.pdf> <./figures/implicit
_3D_JFNK_backwardEuler_lumped_u1_G2_dt_1p0em02.pdf> <./figures/implicit_3D_JFNK
_backwardEuler_lumped_u2_L2_dt_1p0em02.pdf> <./figures/implicit_3D_JFNK_backwar
dEuler_lumped_u2_G2_dt_1p0em02.pdf>]
<figures/implicit_3D_JFNK_crankNicolson_consistent_Vm_L2_dt_1p0em02.pdf, id=208
96, 618.31pt x 441.65pt>
File: figures/implicit_3D_JFNK_crankNicolson_consistent_Vm_L2_dt_1p0em02.pdf Gr
aphic file (type pdf)
<use figures/implicit_3D_JFNK_crankNicolson_consistent_Vm_L2_dt_1p0em02.pdf>
Package pdftex.def Info: figures/implicit_3D_JFNK_crankNicolson_consistent_Vm_L
2_dt_1p0em02.pdf  used on input line 897.
(pdftex.def)             Requested size: 229.07352pt x 163.62358pt.
<figures/implicit_3D_JFNK_crankNicolson_consistent_Vm_G2_dt_1p0em02.pdf, id=208
97, 623.32875pt x 436.63126pt>
File: figures/implicit_3D_JFNK_crankNicolson_consistent_Vm_G2_dt_1p0em02.pdf Gr
aphic file (type pdf)
<use figures/implicit_3D_JFNK_crankNicolson_consistent_Vm_G2_dt_1p0em02.pdf>
Package pdftex.def Info: figures/implicit_3D_JFNK_crankNicolson_consistent_Vm_G
2_dt_1p0em02.pdf  used on input line 904.
(pdftex.def)             Requested size: 229.07352pt x 160.46506pt.
<figures/implicit_3D_JFNK_crankNicolson_consistent_u1_L2_dt_1p0em02.pdf, id=208
98, 618.31pt x 441.65pt>
File: figures/implicit_3D_JFNK_crankNicolson_consistent_u1_L2_dt_1p0em02.pdf Gr
aphic file (type pdf)
<use figures/implicit_3D_JFNK_crankNicolson_consistent_u1_L2_dt_1p0em02.pdf>
Package pdftex.def Info: figures/implicit_3D_JFNK_crankNicolson_consistent_u1_L
2_dt_1p0em02.pdf  used on input line 911.
(pdftex.def)             Requested size: 229.07352pt x 163.62358pt.
<figures/implicit_3D_JFNK_crankNicolson_consistent_u1_G2_dt_1p0em02.pdf, id=208
99, 618.31pt x 441.65pt>
File: figures/implicit_3D_JFNK_crankNicolson_consistent_u1_G2_dt_1p0em02.pdf Gr
aphic file (type pdf)
<use figures/implicit_3D_JFNK_crankNicolson_consistent_u1_G2_dt_1p0em02.pdf>
Package pdftex.def Info: figures/implicit_3D_JFNK_crankNicolson_consistent_u1_G
2_dt_1p0em02.pdf  used on input line 918.
(pdftex.def)             Requested size: 229.07352pt x 163.62358pt.
<figures/implicit_3D_JFNK_crankNicolson_consistent_u2_L2_dt_1p0em02.pdf, id=209
00, 618.31pt x 441.65pt>
File: figures/implicit_3D_JFNK_crankNicolson_consistent_u2_L2_dt_1p0em02.pdf Gr
aphic file (type pdf)
<use figures/implicit_3D_JFNK_crankNicolson_consistent_u2_L2_dt_1p0em02.pdf>
Package pdftex.def Info: figures/implicit_3D_JFNK_crankNicolson_consistent_u2_L
2_dt_1p0em02.pdf  used on input line 925.
(pdftex.def)             Requested size: 229.07352pt x 163.62358pt.
<figures/implicit_3D_JFNK_crankNicolson_consistent_u2_G2_dt_1p0em02.pdf, id=209
01, 618.31pt x 441.65pt>
File: figures/implicit_3D_JFNK_crankNicolson_consistent_u2_G2_dt_1p0em02.pdf Gr
aphic file (type pdf)
<use figures/implicit_3D_JFNK_crankNicolson_consistent_u2_G2_dt_1p0em02.pdf>
Package pdftex.def Info: figures/implicit_3D_JFNK_crankNicolson_consistent_u2_G
2_dt_1p0em02.pdf  used on input line 932.
(pdftex.def)             Requested size: 229.07352pt x 163.62358pt.
 [68 <./figures/implicit_3D_JFNK_crankNicolson_consistent_Vm_L2_dt_1p0em02.pdf>
 <./figures/implicit_3D_JFNK_crankNicolson_consistent_Vm_G2_dt_1p0em02.pdf> <./
figures/implicit_3D_JFNK_crankNicolson_consistent_u1_L2_dt_1p0em02.pdf> <./figu
res/implicit_3D_JFNK_crankNicolson_consistent_u1_G2_dt_1p0em02.pdf> <./figures/
implicit_3D_JFNK_crankNicolson_consistent_u2_L2_dt_1p0em02.pdf> <./figures/impl
icit_3D_JFNK_crankNicolson_consistent_u2_G2_dt_1p0em02.pdf>]
<figures/implicit_3D_JFNK_crankNicolson_lumped_Vm_L2_dt_1p0em02.pdf, id=21416, 
618.31pt x 441.65pt>
File: figures/implicit_3D_JFNK_crankNicolson_lumped_Vm_L2_dt_1p0em02.pdf Graphi
c file (type pdf)
<use figures/implicit_3D_JFNK_crankNicolson_lumped_Vm_L2_dt_1p0em02.pdf>
Package pdftex.def Info: figures/implicit_3D_JFNK_crankNicolson_lumped_Vm_L2_dt
_1p0em02.pdf  used on input line 945.
(pdftex.def)             Requested size: 229.07352pt x 163.62358pt.
<figures/implicit_3D_JFNK_crankNicolson_lumped_Vm_G2_dt_1p0em02.pdf, id=21417, 
618.31pt x 441.65pt>
File: figures/implicit_3D_JFNK_crankNicolson_lumped_Vm_G2_dt_1p0em02.pdf Graphi
c file (type pdf)
<use figures/implicit_3D_JFNK_crankNicolson_lumped_Vm_G2_dt_1p0em02.pdf>
Package pdftex.def Info: figures/implicit_3D_JFNK_crankNicolson_lumped_Vm_G2_dt
_1p0em02.pdf  used on input line 952.
(pdftex.def)             Requested size: 229.07352pt x 163.62358pt.
<figures/implicit_3D_JFNK_crankNicolson_lumped_u1_L2_dt_1p0em02.pdf, id=21418, 
623.32875pt x 436.63126pt>
File: figures/implicit_3D_JFNK_crankNicolson_lumped_u1_L2_dt_1p0em02.pdf Graphi
c file (type pdf)
<use figures/implicit_3D_JFNK_crankNicolson_lumped_u1_L2_dt_1p0em02.pdf>
Package pdftex.def Info: figures/implicit_3D_JFNK_crankNicolson_lumped_u1_L2_dt
_1p0em02.pdf  used on input line 959.
(pdftex.def)             Requested size: 229.07352pt x 160.46506pt.
<figures/implicit_3D_JFNK_crankNicolson_lumped_u1_G2_dt_1p0em02.pdf, id=21419, 
618.31pt x 441.65pt>
File: figures/implicit_3D_JFNK_crankNicolson_lumped_u1_G2_dt_1p0em02.pdf Graphi
c file (type pdf)
<use figures/implicit_3D_JFNK_crankNicolson_lumped_u1_G2_dt_1p0em02.pdf>
Package pdftex.def Info: figures/implicit_3D_JFNK_crankNicolson_lumped_u1_G2_dt
_1p0em02.pdf  used on input line 966.
(pdftex.def)             Requested size: 229.07352pt x 163.62358pt.
<figures/implicit_3D_JFNK_crankNicolson_lumped_u2_L2_dt_1p0em02.pdf, id=21420, 
618.31pt x 441.65pt>
File: figures/implicit_3D_JFNK_crankNicolson_lumped_u2_L2_dt_1p0em02.pdf Graphi
c file (type pdf)
<use figures/implicit_3D_JFNK_crankNicolson_lumped_u2_L2_dt_1p0em02.pdf>
Package pdftex.def Info: figures/implicit_3D_JFNK_crankNicolson_lumped_u2_L2_dt
_1p0em02.pdf  used on input line 973.
(pdftex.def)             Requested size: 229.07352pt x 163.62358pt.
<figures/implicit_3D_JFNK_crankNicolson_lumped_u2_G2_dt_1p0em02.pdf, id=21421, 
623.32875pt x 436.63126pt>
File: figures/implicit_3D_JFNK_crankNicolson_lumped_u2_G2_dt_1p0em02.pdf Graphi
c file (type pdf)
<use figures/implicit_3D_JFNK_crankNicolson_lumped_u2_G2_dt_1p0em02.pdf>
Package pdftex.def Info: figures/implicit_3D_JFNK_crankNicolson_lumped_u2_G2_dt
_1p0em02.pdf  used on input line 980.
(pdftex.def)             Requested size: 229.07352pt x 160.46506pt.
 [69 <./figures/implicit_3D_JFNK_crankNicolson_lumped_Vm_L2_dt_1p0em02.pdf> <./
figures/implicit_3D_JFNK_crankNicolson_lumped_Vm_G2_dt_1p0em02.pdf> <./figures/
implicit_3D_JFNK_crankNicolson_lumped_u1_L2_dt_1p0em02.pdf> <./figures/implicit
_3D_JFNK_crankNicolson_lumped_u1_G2_dt_1p0em02.pdf> <./figures/implicit_3D_JFNK
_crankNicolson_lumped_u2_L2_dt_1p0em02.pdf> <./figures/implicit_3D_JFNK_crankNi
colson_lumped_u2_G2_dt_1p0em02.pdf>] (./tables/results_3D_JFNK_dt_1p0em03.tex)
<figures/implicit_3D_JFNK_backwardEuler_consistent_Vm_L2_dt_1p0em03.pdf, id=219
44, 618.31pt x 441.65pt>
File: figures/implicit_3D_JFNK_backwardEuler_consistent_Vm_L2_dt_1p0em03.pdf Gr
aphic file (type pdf)
<use figures/implicit_3D_JFNK_backwardEuler_consistent_Vm_L2_dt_1p0em03.pdf>
Package pdftex.def Info: figures/implicit_3D_JFNK_backwardEuler_consistent_Vm_L
2_dt_1p0em03.pdf  used on input line 995.
(pdftex.def)             Requested size: 229.07352pt x 163.62358pt.
<figures/implicit_3D_JFNK_backwardEuler_consistent_Vm_G2_dt_1p0em03.pdf, id=219
45, 618.31pt x 441.65pt>
File: figures/implicit_3D_JFNK_backwardEuler_consistent_Vm_G2_dt_1p0em03.pdf Gr
aphic file (type pdf)
<use figures/implicit_3D_JFNK_backwardEuler_consistent_Vm_G2_dt_1p0em03.pdf>
Package pdftex.def Info: figures/implicit_3D_JFNK_backwardEuler_consistent_Vm_G
2_dt_1p0em03.pdf  used on input line 1002.
(pdftex.def)             Requested size: 229.07352pt x 163.62358pt.
<figures/implicit_3D_JFNK_backwardEuler_consistent_u1_L2_dt_1p0em03.pdf, id=219
46, 623.32875pt x 436.63126pt>
File: figures/implicit_3D_JFNK_backwardEuler_consistent_u1_L2_dt_1p0em03.pdf Gr
aphic file (type pdf)
<use figures/implicit_3D_JFNK_backwardEuler_consistent_u1_L2_dt_1p0em03.pdf>
Package pdftex.def Info: figures/implicit_3D_JFNK_backwardEuler_consistent_u1_L
2_dt_1p0em03.pdf  used on input line 1009.
(pdftex.def)             Requested size: 229.07352pt x 160.46506pt.
<figures/implicit_3D_JFNK_backwardEuler_consistent_u1_G2_dt_1p0em03.pdf, id=219
47, 618.31pt x 441.65pt>
File: figures/implicit_3D_JFNK_backwardEuler_consistent_u1_G2_dt_1p0em03.pdf Gr
aphic file (type pdf)
<use figures/implicit_3D_JFNK_backwardEuler_consistent_u1_G2_dt_1p0em03.pdf>
Package pdftex.def Info: figures/implicit_3D_JFNK_backwardEuler_consistent_u1_G
2_dt_1p0em03.pdf  used on input line 1016.
(pdftex.def)             Requested size: 229.07352pt x 163.62358pt.
<figures/implicit_3D_JFNK_backwardEuler_consistent_u2_L2_dt_1p0em03.pdf, id=219
48, 618.31pt x 441.65pt>
File: figures/implicit_3D_JFNK_backwardEuler_consistent_u2_L2_dt_1p0em03.pdf Gr
aphic file (type pdf)
<use figures/implicit_3D_JFNK_backwardEuler_consistent_u2_L2_dt_1p0em03.pdf>
Package pdftex.def Info: figures/implicit_3D_JFNK_backwardEuler_consistent_u2_L
2_dt_1p0em03.pdf  used on input line 1023.
(pdftex.def)             Requested size: 229.07352pt x 163.62358pt.
<figures/implicit_3D_JFNK_backwardEuler_consistent_u2_G2_dt_1p0em03.pdf, id=219
49, 623.32875pt x 436.63126pt>
File: figures/implicit_3D_JFNK_backwardEuler_consistent_u2_G2_dt_1p0em03.pdf Gr
aphic file (type pdf)
<use figures/implicit_3D_JFNK_backwardEuler_consistent_u2_G2_dt_1p0em03.pdf>
Package pdftex.def Info: figures/implicit_3D_JFNK_backwardEuler_consistent_u2_G
2_dt_1p0em03.pdf  used on input line 1030.
(pdftex.def)             Requested size: 229.07352pt x 160.46506pt.
 [70



] [71 <./figures/implicit_3D_JFNK_backwardEuler_consistent_Vm_L2_dt_1p0em03.pdf
> <./figures/implicit_3D_JFNK_backwardEuler_consistent_Vm_G2_dt_1p0em03.pdf> <.
/figures/implicit_3D_JFNK_backwardEuler_consistent_u1_L2_dt_1p0em03.pdf> <./fig
ures/implicit_3D_JFNK_backwardEuler_consistent_u1_G2_dt_1p0em03.pdf> <./figures
/implicit_3D_JFNK_backwardEuler_consistent_u2_L2_dt_1p0em03.pdf> <./figures/imp
licit_3D_JFNK_backwardEuler_consistent_u2_G2_dt_1p0em03.pdf>]
<figures/implicit_3D_JFNK_backwardEuler_lumped_Vm_L2_dt_1p0em03.pdf, id=22474, 
618.31pt x 441.65pt>
File: figures/implicit_3D_JFNK_backwardEuler_lumped_Vm_L2_dt_1p0em03.pdf Graphi
c file (type pdf)
<use figures/implicit_3D_JFNK_backwardEuler_lumped_Vm_L2_dt_1p0em03.pdf>
Package pdftex.def Info: figures/implicit_3D_JFNK_backwardEuler_lumped_Vm_L2_dt
_1p0em03.pdf  used on input line 1043.
(pdftex.def)             Requested size: 229.07352pt x 163.62358pt.
<figures/implicit_3D_JFNK_backwardEuler_lumped_Vm_G2_dt_1p0em03.pdf, id=22475, 
618.31pt x 441.65pt>
File: figures/implicit_3D_JFNK_backwardEuler_lumped_Vm_G2_dt_1p0em03.pdf Graphi
c file (type pdf)
<use figures/implicit_3D_JFNK_backwardEuler_lumped_Vm_G2_dt_1p0em03.pdf>
Package pdftex.def Info: figures/implicit_3D_JFNK_backwardEuler_lumped_Vm_G2_dt
_1p0em03.pdf  used on input line 1050.
(pdftex.def)             Requested size: 229.07352pt x 163.62358pt.
<figures/implicit_3D_JFNK_backwardEuler_lumped_u1_L2_dt_1p0em03.pdf, id=22476, 
618.31pt x 441.65pt>
File: figures/implicit_3D_JFNK_backwardEuler_lumped_u1_L2_dt_1p0em03.pdf Graphi
c file (type pdf)
<use figures/implicit_3D_JFNK_backwardEuler_lumped_u1_L2_dt_1p0em03.pdf>
Package pdftex.def Info: figures/implicit_3D_JFNK_backwardEuler_lumped_u1_L2_dt
_1p0em03.pdf  used on input line 1057.
(pdftex.def)             Requested size: 229.07352pt x 163.62358pt.
<figures/implicit_3D_JFNK_backwardEuler_lumped_u1_G2_dt_1p0em03.pdf, id=22477, 
623.32875pt x 436.63126pt>
File: figures/implicit_3D_JFNK_backwardEuler_lumped_u1_G2_dt_1p0em03.pdf Graphi
c file (type pdf)
<use figures/implicit_3D_JFNK_backwardEuler_lumped_u1_G2_dt_1p0em03.pdf>
Package pdftex.def Info: figures/implicit_3D_JFNK_backwardEuler_lumped_u1_G2_dt
_1p0em03.pdf  used on input line 1064.
(pdftex.def)             Requested size: 229.07352pt x 160.46506pt.
<figures/implicit_3D_JFNK_backwardEuler_lumped_u2_L2_dt_1p0em03.pdf, id=22478, 
618.31pt x 441.65pt>
File: figures/implicit_3D_JFNK_backwardEuler_lumped_u2_L2_dt_1p0em03.pdf Graphi
c file (type pdf)
<use figures/implicit_3D_JFNK_backwardEuler_lumped_u2_L2_dt_1p0em03.pdf>
Package pdftex.def Info: figures/implicit_3D_JFNK_backwardEuler_lumped_u2_L2_dt
_1p0em03.pdf  used on input line 1071.
(pdftex.def)             Requested size: 229.07352pt x 163.62358pt.
<figures/implicit_3D_JFNK_backwardEuler_lumped_u2_G2_dt_1p0em03.pdf, id=22479, 
618.31pt x 441.65pt>
File: figures/implicit_3D_JFNK_backwardEuler_lumped_u2_G2_dt_1p0em03.pdf Graphi
c file (type pdf)
<use figures/implicit_3D_JFNK_backwardEuler_lumped_u2_G2_dt_1p0em03.pdf>
Package pdftex.def Info: figures/implicit_3D_JFNK_backwardEuler_lumped_u2_G2_dt
_1p0em03.pdf  used on input line 1078.
(pdftex.def)             Requested size: 229.07352pt x 163.62358pt.
 [72 <./figures/implicit_3D_JFNK_backwardEuler_lumped_Vm_L2_dt_1p0em03.pdf> <./
figures/implicit_3D_JFNK_backwardEuler_lumped_Vm_G2_dt_1p0em03.pdf> <./figures/
implicit_3D_JFNK_backwardEuler_lumped_u1_L2_dt_1p0em03.pdf> <./figures/implicit
_3D_JFNK_backwardEuler_lumped_u1_G2_dt_1p0em03.pdf> <./figures/implicit_3D_JFNK
_backwardEuler_lumped_u2_L2_dt_1p0em03.pdf> <./figures/implicit_3D_JFNK_backwar
dEuler_lumped_u2_G2_dt_1p0em03.pdf>]
<figures/implicit_3D_JFNK_crankNicolson_consistent_Vm_L2_dt_1p0em03.pdf, id=229
94, 618.31pt x 441.65pt>
File: figures/implicit_3D_JFNK_crankNicolson_consistent_Vm_L2_dt_1p0em03.pdf Gr
aphic file (type pdf)
<use figures/implicit_3D_JFNK_crankNicolson_consistent_Vm_L2_dt_1p0em03.pdf>
Package pdftex.def Info: figures/implicit_3D_JFNK_crankNicolson_consistent_Vm_L
2_dt_1p0em03.pdf  used on input line 1091.
(pdftex.def)             Requested size: 229.07352pt x 163.62358pt.
<figures/implicit_3D_JFNK_crankNicolson_consistent_Vm_G2_dt_1p0em03.pdf, id=229
95, 618.31pt x 441.65pt>
File: figures/implicit_3D_JFNK_crankNicolson_consistent_Vm_G2_dt_1p0em03.pdf Gr
aphic file (type pdf)
<use figures/implicit_3D_JFNK_crankNicolson_consistent_Vm_G2_dt_1p0em03.pdf>
Package pdftex.def Info: figures/implicit_3D_JFNK_crankNicolson_consistent_Vm_G
2_dt_1p0em03.pdf  used on input line 1098.
(pdftex.def)             Requested size: 229.07352pt x 163.62358pt.
<figures/implicit_3D_JFNK_crankNicolson_consistent_u1_L2_dt_1p0em03.pdf, id=229
96, 618.31pt x 441.65pt>
File: figures/implicit_3D_JFNK_crankNicolson_consistent_u1_L2_dt_1p0em03.pdf Gr
aphic file (type pdf)
<use figures/implicit_3D_JFNK_crankNicolson_consistent_u1_L2_dt_1p0em03.pdf>
Package pdftex.def Info: figures/implicit_3D_JFNK_crankNicolson_consistent_u1_L
2_dt_1p0em03.pdf  used on input line 1105.
(pdftex.def)             Requested size: 229.07352pt x 163.62358pt.
<figures/implicit_3D_JFNK_crankNicolson_consistent_u1_G2_dt_1p0em03.pdf, id=229
97, 618.31pt x 441.65pt>
File: figures/implicit_3D_JFNK_crankNicolson_consistent_u1_G2_dt_1p0em03.pdf Gr
aphic file (type pdf)
<use figures/implicit_3D_JFNK_crankNicolson_consistent_u1_G2_dt_1p0em03.pdf>
Package pdftex.def Info: figures/implicit_3D_JFNK_crankNicolson_consistent_u1_G
2_dt_1p0em03.pdf  used on input line 1112.
(pdftex.def)             Requested size: 229.07352pt x 163.62358pt.
<figures/implicit_3D_JFNK_crankNicolson_consistent_u2_L2_dt_1p0em03.pdf, id=229
98, 618.31pt x 441.65pt>
File: figures/implicit_3D_JFNK_crankNicolson_consistent_u2_L2_dt_1p0em03.pdf Gr
aphic file (type pdf)
<use figures/implicit_3D_JFNK_crankNicolson_consistent_u2_L2_dt_1p0em03.pdf>
Package pdftex.def Info: figures/implicit_3D_JFNK_crankNicolson_consistent_u2_L
2_dt_1p0em03.pdf  used on input line 1119.
(pdftex.def)             Requested size: 229.07352pt x 163.62358pt.
<figures/implicit_3D_JFNK_crankNicolson_consistent_u2_G2_dt_1p0em03.pdf, id=229
99, 618.31pt x 441.65pt>
File: figures/implicit_3D_JFNK_crankNicolson_consistent_u2_G2_dt_1p0em03.pdf Gr
aphic file (type pdf)
<use figures/implicit_3D_JFNK_crankNicolson_consistent_u2_G2_dt_1p0em03.pdf>
Package pdftex.def Info: figures/implicit_3D_JFNK_crankNicolson_consistent_u2_G
2_dt_1p0em03.pdf  used on input line 1126.
(pdftex.def)             Requested size: 229.07352pt x 163.62358pt.
 [73 <./figures/implicit_3D_JFNK_crankNicolson_consistent_Vm_L2_dt_1p0em03.pdf>
 <./figures/implicit_3D_JFNK_crankNicolson_consistent_Vm_G2_dt_1p0em03.pdf> <./
figures/implicit_3D_JFNK_crankNicolson_consistent_u1_L2_dt_1p0em03.pdf> <./figu
res/implicit_3D_JFNK_crankNicolson_consistent_u1_G2_dt_1p0em03.pdf> <./figures/
implicit_3D_JFNK_crankNicolson_consistent_u2_L2_dt_1p0em03.pdf> <./figures/impl
icit_3D_JFNK_crankNicolson_consistent_u2_G2_dt_1p0em03.pdf>]
<figures/implicit_3D_JFNK_crankNicolson_lumped_Vm_L2_dt_1p0em03.pdf, id=23514, 
623.32875pt x 436.63126pt>
File: figures/implicit_3D_JFNK_crankNicolson_lumped_Vm_L2_dt_1p0em03.pdf Graphi
c file (type pdf)
<use figures/implicit_3D_JFNK_crankNicolson_lumped_Vm_L2_dt_1p0em03.pdf>
Package pdftex.def Info: figures/implicit_3D_JFNK_crankNicolson_lumped_Vm_L2_dt
_1p0em03.pdf  used on input line 1139.
(pdftex.def)             Requested size: 229.07352pt x 160.46506pt.
<figures/implicit_3D_JFNK_crankNicolson_lumped_Vm_G2_dt_1p0em03.pdf, id=23515, 
623.32875pt x 436.63126pt>
File: figures/implicit_3D_JFNK_crankNicolson_lumped_Vm_G2_dt_1p0em03.pdf Graphi
c file (type pdf)
<use figures/implicit_3D_JFNK_crankNicolson_lumped_Vm_G2_dt_1p0em03.pdf>
Package pdftex.def Info: figures/implicit_3D_JFNK_crankNicolson_lumped_Vm_G2_dt
_1p0em03.pdf  used on input line 1146.
(pdftex.def)             Requested size: 229.07352pt x 160.46506pt.
<figures/implicit_3D_JFNK_crankNicolson_lumped_u1_L2_dt_1p0em03.pdf, id=23516, 
618.31pt x 441.65pt>
File: figures/implicit_3D_JFNK_crankNicolson_lumped_u1_L2_dt_1p0em03.pdf Graphi
c file (type pdf)
<use figures/implicit_3D_JFNK_crankNicolson_lumped_u1_L2_dt_1p0em03.pdf>
Package pdftex.def Info: figures/implicit_3D_JFNK_crankNicolson_lumped_u1_L2_dt
_1p0em03.pdf  used on input line 1153.
(pdftex.def)             Requested size: 229.07352pt x 163.62358pt.
<figures/implicit_3D_JFNK_crankNicolson_lumped_u1_G2_dt_1p0em03.pdf, id=23517, 
618.31pt x 441.65pt>
File: figures/implicit_3D_JFNK_crankNicolson_lumped_u1_G2_dt_1p0em03.pdf Graphi
c file (type pdf)
<use figures/implicit_3D_JFNK_crankNicolson_lumped_u1_G2_dt_1p0em03.pdf>
Package pdftex.def Info: figures/implicit_3D_JFNK_crankNicolson_lumped_u1_G2_dt
_1p0em03.pdf  used on input line 1160.
(pdftex.def)             Requested size: 229.07352pt x 163.62358pt.
<figures/implicit_3D_JFNK_crankNicolson_lumped_u2_L2_dt_1p0em03.pdf, id=23518, 
618.31pt x 441.65pt>
File: figures/implicit_3D_JFNK_crankNicolson_lumped_u2_L2_dt_1p0em03.pdf Graphi
c file (type pdf)
<use figures/implicit_3D_JFNK_crankNicolson_lumped_u2_L2_dt_1p0em03.pdf>
Package pdftex.def Info: figures/implicit_3D_JFNK_crankNicolson_lumped_u2_L2_dt
_1p0em03.pdf  used on input line 1167.
(pdftex.def)             Requested size: 229.07352pt x 163.62358pt.
<figures/implicit_3D_JFNK_crankNicolson_lumped_u2_G2_dt_1p0em03.pdf, id=23519, 
618.31pt x 441.65pt>
File: figures/implicit_3D_JFNK_crankNicolson_lumped_u2_G2_dt_1p0em03.pdf Graphi
c file (type pdf)
<use figures/implicit_3D_JFNK_crankNicolson_lumped_u2_G2_dt_1p0em03.pdf>
Package pdftex.def Info: figures/implicit_3D_JFNK_crankNicolson_lumped_u2_G2_dt
_1p0em03.pdf  used on input line 1174.
(pdftex.def)             Requested size: 229.07352pt x 163.62358pt.
 [74 <./figures/implicit_3D_JFNK_crankNicolson_lumped_Vm_L2_dt_1p0em03.pdf> <./
figures/implicit_3D_JFNK_crankNicolson_lumped_Vm_G2_dt_1p0em03.pdf> <./figures/
implicit_3D_JFNK_crankNicolson_lumped_u1_L2_dt_1p0em03.pdf> <./figures/implicit
_3D_JFNK_crankNicolson_lumped_u1_G2_dt_1p0em03.pdf> <./figures/implicit_3D_JFNK
_crankNicolson_lumped_u2_L2_dt_1p0em03.pdf> <./figures/implicit_3D_JFNK_crankNi
colson_lumped_u2_G2_dt_1p0em03.pdf>]) [75



] (./highOrderManufacturedFDAImplicitJfNK.aux)
Package rerunfilecheck Info: File `highOrderManufacturedFDAImplicitJfNK.out' ha
s not changed.
(rerunfilecheck)             Checksum: C8FC1CB7B4942FA3B456A75C51058EEC;6216.
 ) 
Here is how much of TeX's memory you used:
 23616 strings out of 478287
 579207 string characters out of 5849289
 842216 words of memory out of 5000000
 40786 multiletter control sequences out of 15000+600000
 489150 words of font info for 181 fonts, out of 8000000 for 9000
 1141 hyphenation exceptions out of 8191
 70i,11n,79p,1033b,892s stack positions out of 5000i,500n,10000p,200000b,80000s
{/usr/share/texmf/fonts/enc/dvips/cm-super/cm-super-ts1.enc}</usr/share/texli
ve/texmf-dist/fonts/type1/public/amsfonts/cm/cmbx10.pfb></usr/share/texlive/tex
mf-dist/fonts/type1/public/amsfonts/cm/cmbx12.pfb></usr/share/texlive/texmf-dis
t/fonts/type1/public/amsfonts/cm/cmbx8.pfb></usr/share/texlive/texmf-dist/fonts
/type1/public/amsfonts/cm/cmex10.pfb></usr/share/texlive/texmf-dist/fonts/type1
/public/amsfonts/cm/cmmi10.pfb></usr/share/texlive/texmf-dist/fonts/type1/publi
c/amsfonts/cm/cmmi12.pfb></usr/share/texlive/texmf-dist/fonts/type1/public/amsf
onts/cm/cmmi5.pfb></usr/share/texlive/texmf-dist/fonts/type1/public/amsfonts/cm
/cmmi6.pfb></usr/share/texlive/texmf-dist/fonts/type1/public/amsfonts/cm/cmmi7.
pfb></usr/share/texlive/texmf-dist/fonts/type1/public/amsfonts/cm/cmmi8.pfb></u
sr/share/texlive/texmf-dist/fonts/type1/public/amsfonts/cm/cmr10.pfb></usr/shar
e/texlive/texmf-dist/fonts/type1/public/amsfonts/cm/cmr12.pfb></usr/share/texli
ve/texmf-dist/fonts/type1/public/amsfonts/cm/cmr17.pfb></usr/share/texlive/texm
f-dist/fonts/type1/public/amsfonts/cm/cmr5.pfb></usr/share/texlive/texmf-dist/f
onts/type1/public/amsfonts/cm/cmr6.pfb></usr/share/texlive/texmf-dist/fonts/typ
e1/public/amsfonts/cm/cmr7.pfb></usr/share/texlive/texmf-dist/fonts/type1/publi
c/amsfonts/cm/cmr8.pfb></usr/share/texlive/texmf-dist/fonts/type1/public/amsfon
ts/cm/cmr9.pfb></usr/share/texlive/texmf-dist/fonts/type1/public/amsfonts/cm/cm
ss10.pfb></usr/share/texlive/texmf-dist/fonts/type1/public/amsfonts/cm/cmsy10.p
fb></usr/share/texlive/texmf-dist/fonts/type1/public/amsfonts/cm/cmsy8.pfb></us
r/share/texlive/texmf-dist/fonts/type1/public/amsfonts/cm/cmtt10.pfb></usr/shar
e/texlive/texmf-dist/fonts/type1/public/amsfonts/symbols/msbm10.pfb></usr/share
/texmf/fonts/type1/public/cm-super/sfrm1095.pfb>
Output written on highOrderManufacturedFDAImplicitJfNK.pdf (75 pages, 10409622 
bytes).
PDF statistics:
 24197 PDF objects out of 26593 (max. 8388607)
 22570 compressed objects within 226 object streams
 247 named destinations out of 1000 (max. 500000)
 57529 words of extra memory for PDF output out of 61914 (max. 10000000)

